,ZOTUID,1001,1002,1003,1004,1005,1006,1007,1008,101,102,103,104,105,106,107,108,2001,2002,2003,2004,2005,2006,2007,2008,201,202,203,204,205,206,207,208,3001,3002,3003,3004,3005,3006,3007,3008,301,302,303,304,305,306,307,308,4001,4002,4003,4004,4005,4006,4007,4008,401,402,403,404,405,406,407,408,Mock1,Mock2,Mock3,Mock4,Mock5,Mock6,Mock7,NC1,NC2,NC3,NC4,NC5,NC6,NC7,ZymoMockDNA,Domain,Phyllum,Class,Order,Family,Genus,Species
1,ZOTU1,71805,65991,85569,78983,74658,87607,78065,99114,92602,116005,98920,74480,60839,118421,93332,109761,75097,86014,88993,82459,80450,135247,90345,91547,85675,84113,143030,84565,76621,108201,116504,69648,88556,73463,84893,71974,82802,98114,86296,104811,79940,68366,80824,86825,71962,158682,110387,88224,74800,81388,85404,81847,89159,149861,102227,89754,84489,95330,87697,88969,63201,111416,74852,134219,167,236,233,177,170,212,167,968,139,80,10,51,266,2187,26,Bacteria,Cyanobacteria,Cyanobacteriia,Chloroplast,Chloroplast,Chloroplast,NA
2,ZOTU10,784,363,245,242,466,408,405,633,381,299,665,497,421,679,512,649,608,432,549,444,306,314,488,669,504,176,640,427,449,612,622,626,215,226,487,413,343,379,404,542,387,275,493,488,404,809,700,753,512,299,367,356,493,708,371,397,469,438,639,467,480,525,227,529,1,2,0,0,0,1,1,3,0,0,0,0,0,0,0,Bacteria,Proteobacteria,Alphaproteobacteria,Rickettsiales,Mitochondria,Mitochondria,Arachis_hypogaea
3,ZOTU100,1,0,0,0,0,0,0,0,0,0,0,0,0,0,0,0,0,0,0,0,0,0,0,0,0,0,0,0,0,0,0,0,0,0,0,0,0,0,0,1,0,0,0,0,0,0,0,0,0,0,0,0,0,0,0,0,0,0,0,0,0,0,0,0,69,40,42,23,16,25,28,0,0,0,0,0,0,0,335,Bacteria,Proteobacteria,Gammaproteobacteria,Enterobacterales,Enterobacteriaceae,f_Enterobacteriaceae,NA
4,ZOTU101,0,0,0,0,0,0,0,0,0,0,0,0,0,0,0,0,0,0,0,0,0,0,0,0,0,0,0,0,0,0,0,0,0,0,0,0,0,1,0,0,0,0,0,0,0,0,0,0,0,0,0,0,0,0,0,0,0,0,0,0,0,0,0,0,11,0,0,0,25,124,46,0,0,0,0,0,0,0,40,Bacteria,Proteobacteria,Gammaproteobacteria,Pseudomonadales,Pseudomonadaceae,Pseudomonas,NA
5,ZOTU102,0,0,0,0,0,0,0,1,0,0,0,0,0,0,0,0,0,0,0,0,0,0,0,0,0,0,0,0,0,0,0,0,0,0,0,0,0,0,0,0,0,0,0,0,0,0,0,0,0,0,0,0,0,0,0,0,0,0,0,0,0,0,0,0,6,0,0,0,23,95,39,0,0,0,0,0,0,0,101,Bacteria,Proteobacteria,Gammaproteobacteria,Pseudomonadales,Pseudomonadaceae,Pseudomonas,NA
6,ZOTU103,0,0,0,0,0,0,0,0,0,2,0,0,0,0,4,0,0,0,0,0,0,0,22,0,0,0,2,0,0,0,0,0,0,0,0,0,0,0,0,0,0,0,0,0,0,0,0,0,0,0,0,0,0,0,0,0,0,0,0,0,1,0,0,0,0,0,0,0,0,0,0,0,0,0,0,6,0,0,0,Bacteria,Proteobacteria,Gammaproteobacteria,Pseudomonadales,Pseudomonadaceae,Pseudomonas,NA
7,ZOTU104,0,0,0,0,0,0,0,0,0,0,0,0,0,0,0,0,0,0,0,0,0,0,0,0,0,0,0,0,0,0,0,0,0,0,0,0,0,0,0,0,0,0,0,0,0,0,0,0,0,0,0,0,0,0,0,0,0,0,0,0,0,0,0,0,25,46,41,15,2,2,3,0,0,0,0,0,0,0,48,Bacteria,Proteobacteria,Gammaproteobacteria,Enterobacterales,Enterobacteriaceae,f_Enterobacteriaceae,NA
8,ZOTU105,0,0,0,0,0,0,0,0,0,0,0,0,0,0,0,0,0,0,0,0,0,0,0,0,0,0,0,0,0,0,0,1,0,0,0,0,0,0,0,0,0,0,0,0,0,0,0,0,0,0,0,0,0,0,0,0,0,0,0,0,0,0,1,0,169,0,0,0,63,69,90,0,0,0,0,0,0,0,298,Bacteria,Proteobacteria,Gammaproteobacteria,Pseudomonadales,Pseudomonadaceae,Pseudomonas,NA
9,ZOTU106,0,0,0,0,0,0,0,0,0,0,0,0,0,0,0,0,0,0,0,0,0,0,0,0,0,0,0,0,0,0,0,0,0,0,0,0,0,0,0,0,0,0,0,0,0,0,0,0,0,0,0,0,0,0,0,0,0,0,0,0,0,0,0,0,157,0,0,0,243,83,107,1,0,0,0,0,0,0,0,Bacteria,Proteobacteria,Gammaproteobacteria,Pseudomonadales,Pseudomonadaceae,Pseudomonas,NA
10,ZOTU107,0,0,0,0,0,0,0,0,0,0,0,0,0,0,0,0,0,0,0,0,0,0,0,0,0,0,0,0,0,0,0,0,0,0,0,0,0,0,0,0,0,0,0,0,0,0,0,0,0,0,0,0,0,0,1,0,0,0,0,0,0,0,0,0,16,71,57,39,54,22,48,0,0,0,0,0,0,0,0,Bacteria,Proteobacteria,Gammaproteobacteria,Enterobacterales,Enterobacteriaceae,f_Enterobacteriaceae,NA
11,ZOTU108,0,0,0,0,0,0,0,0,0,0,0,0,2,0,0,0,0,0,0,0,0,0,11,0,0,0,2,0,0,0,0,0,0,0,0,0,0,0,0,0,0,0,0,0,0,0,0,0,0,0,0,0,0,0,0,0,0,0,0,0,0,0,0,0,0,0,0,0,0,0,0,0,0,0,0,0,0,17,0,Bacteria,Proteobacteria,Gammaproteobacteria,Burkholderiales,Comamonadaceae,f_Comamonadaceae,NA
12,ZOTU109,0,0,0,0,0,0,0,0,0,0,0,0,0,0,0,0,0,0,0,0,0,0,0,0,0,0,0,0,0,0,0,0,0,0,0,0,0,0,0,0,0,0,0,0,0,0,0,0,0,0,0,0,0,0,0,0,0,0,0,0,0,0,0,0,39,13,13,15,18,32,24,0,0,0,0,0,0,0,126,Bacteria,Proteobacteria,Gammaproteobacteria,Enterobacterales,Enterobacteriaceae,f_Enterobacteriaceae,NA
13,ZOTU11,1,0,0,0,1,1,20,15,67,40,5,7,20,15,0,0,26,2,22,15,62,33,106,41,0,1,1,0,4,2,7,11,0,0,0,0,1,1,0,0,0,0,0,1,7,18,5,5,0,0,0,0,64,41,0,0,0,17,0,0,2,0,0,0,0,0,0,0,2,4,2,0,0,680,0,0,5516,8574,0,Bacteria,Proteobacteria,Gammaproteobacteria,Pseudomonadales,Pseudomonadaceae,Pseudomonas,NA
14,ZOTU110,0,0,0,0,0,0,0,0,0,0,0,0,0,0,0,0,0,0,0,0,0,0,37,0,0,0,0,0,0,0,0,0,0,0,0,0,0,0,0,0,0,0,0,0,0,0,0,0,0,0,0,0,0,0,0,0,0,0,0,0,0,0,0,0,0,0,0,0,0,0,0,0,0,0,0,0,0,0,0,Bacteria,Proteobacteria,Gammaproteobacteria,Burkholderiales,Alcaligenaceae,f_Alcaligenaceae,NA
15,ZOTU111,0,0,0,0,0,1,0,0,0,3,0,0,0,0,0,0,0,0,0,0,0,0,1,0,0,0,0,0,0,0,0,1,0,0,1,0,0,0,0,0,0,0,0,0,0,0,0,0,0,1,0,0,0,0,0,0,0,0,8,0,0,0,0,0,0,0,0,0,0,0,0,0,0,0,0,0,0,0,0,Bacteria,Actinobacteriota,Actinobacteria,Micrococcales,Micrococcaceae,f_Micrococcaceae,NA
16,ZOTU112,0,0,0,0,0,0,0,0,0,0,1,0,0,0,0,0,0,0,0,0,0,0,0,0,0,0,0,0,0,0,0,0,0,0,0,0,0,0,0,0,0,0,1,0,0,0,0,0,0,0,0,0,0,0,0,0,0,0,0,0,0,0,0,0,98,399,198,94,62,47,52,0,0,0,0,0,0,0,179,Bacteria,Proteobacteria,Gammaproteobacteria,Enterobacterales,Enterobacteriaceae,Escherichia-Shigella,NA
17,ZOTU113,0,0,0,0,0,0,0,0,0,0,0,0,0,0,0,0,0,0,0,0,0,0,0,0,0,0,0,0,0,0,0,0,0,0,0,0,0,0,0,0,0,0,0,0,0,0,0,0,0,0,0,0,0,0,0,0,0,0,0,0,0,0,0,0,38,0,0,1,50,138,54,0,0,0,0,0,0,0,0,Bacteria,Proteobacteria,Alphaproteobacteria,Rhizobiales,Rhizobiaceae,f_Rhizobiaceae,NA
18,ZOTU114,0,0,0,0,0,0,0,0,0,0,0,0,0,1,1,0,0,0,0,0,0,0,0,0,0,0,0,0,0,1,1,0,0,0,0,0,0,0,0,0,0,0,0,0,0,0,0,0,0,0,0,0,0,0,0,0,0,0,0,0,0,0,0,0,97,139,104,23,158,639,401,0,0,0,0,0,0,0,0,Bacteria,Proteobacteria,Alphaproteobacteria,Rhizobiales,Rhizobiaceae,Ochrobactrum,NA
19,ZOTU115,0,0,1,0,0,0,0,0,0,0,0,0,0,0,0,0,0,3,0,0,8,0,6,0,0,0,0,0,0,0,0,0,0,0,0,0,0,0,0,0,0,0,0,0,0,0,0,0,1,0,0,0,0,0,0,0,0,0,4,0,0,0,0,0,0,0,0,0,0,0,0,0,0,0,0,0,0,0,0,Bacteria,Proteobacteria,Alphaproteobacteria,Rhizobiales,Beijerinckiaceae,Methylobacterium-Methylorubrum,NA
20,ZOTU116,0,0,0,0,0,0,0,0,0,18,0,0,0,0,0,0,0,0,0,0,0,0,4,0,0,2,0,0,0,0,2,3,0,0,0,0,0,0,0,0,0,0,0,0,0,0,0,0,0,0,0,0,0,0,3,0,0,0,0,0,0,0,0,0,0,0,0,0,0,0,0,0,0,0,0,0,0,0,0,Bacteria,Proteobacteria,Gammaproteobacteria,Burkholderiales,Comamonadaceae,f_Comamonadaceae,NA
21,ZOTU117,0,0,0,0,0,0,0,0,0,0,0,0,0,0,0,0,0,0,0,0,0,0,0,0,0,0,0,0,0,0,0,0,0,0,0,0,0,0,0,0,0,0,0,0,0,0,0,0,0,0,0,0,0,0,0,0,0,0,0,0,0,0,0,0,194,3,2,0,8,11,5,0,0,0,0,0,0,0,44,Bacteria,Firmicutes,Bacilli,Bacillales,Bacillaceae,Bacillus,NA
22,ZOTU118,0,0,0,0,0,0,0,0,0,1,3,0,0,0,0,0,0,0,0,0,0,0,4,0,0,0,0,0,0,0,0,0,0,0,0,0,0,0,0,0,0,0,3,0,0,0,0,0,0,0,0,0,0,0,0,0,0,0,0,0,0,0,0,0,0,0,0,0,0,0,0,0,0,0,0,0,0,0,0,Bacteria,Proteobacteria,Alphaproteobacteria,Rhizobiales,Beijerinckiaceae,Methylobacterium-Methylorubrum,NA
23,ZOTU119,0,0,0,0,0,0,0,0,0,0,0,0,0,0,0,0,0,0,0,0,0,0,0,0,0,0,0,0,0,0,0,0,0,0,0,0,0,0,0,0,0,0,0,0,0,0,0,0,0,0,0,0,0,0,0,0,0,0,0,0,0,0,0,0,164,192,177,75,65,49,29,0,0,0,0,0,0,0,328,Bacteria,Proteobacteria,Gammaproteobacteria,Enterobacterales,Enterobacteriaceae,f_Enterobacteriaceae,NA
24,ZOTU12,0,1,0,0,0,0,0,3,0,0,0,0,0,0,0,2,0,0,0,0,0,0,0,1,0,0,0,0,0,0,0,3,0,0,0,0,0,0,0,1,0,0,0,0,0,0,0,0,0,2,0,0,0,0,0,1,0,0,0,0,0,0,0,2,0,0,0,0,0,0,0,4,0,0,0,0,0,0,18076,Bacteria,Firmicutes,Bacilli,Lactobacillales,Listeriaceae,Listeria,NA
25,ZOTU120,0,0,0,0,0,0,0,0,0,0,0,0,0,0,0,0,0,0,0,0,0,0,0,0,0,0,0,0,0,0,0,0,0,0,0,0,0,0,0,0,0,0,0,0,0,0,0,0,0,0,0,0,0,0,0,0,0,0,0,0,0,0,0,0,0,0,0,0,0,0,0,0,0,0,0,0,0,10,0,Bacteria,Firmicutes,Bacilli,Lactobacillales,Streptococcaceae,Streptococcus,NA
26,ZOTU121,0,0,8,0,0,0,0,0,0,0,0,0,0,0,0,0,0,0,0,0,0,0,2,0,0,0,0,0,0,0,0,0,0,0,0,0,0,0,0,0,0,0,0,0,0,0,0,0,0,0,0,0,0,0,0,0,0,0,0,0,0,0,0,0,0,0,0,0,0,0,0,0,0,0,0,0,0,0,0,Bacteria,Actinobacteriota,Actinobacteria,Propionibacteriales,Nocardioidaceae,Nocardioides,NA
27,ZOTU122,0,0,0,0,0,0,0,0,0,0,0,0,0,0,0,0,0,0,0,0,0,0,0,0,0,0,0,0,0,0,0,0,0,0,0,0,0,0,0,0,0,0,0,0,0,0,0,0,0,0,0,0,0,0,0,0,0,0,0,0,0,0,0,0,6,98,32,12,29,75,49,0,0,0,0,0,0,0,24,Bacteria,Proteobacteria,Gammaproteobacteria,Enterobacterales,Enterobacteriaceae,f_Enterobacteriaceae,NA
28,ZOTU13,398,196,181,183,252,261,240,350,276,169,381,238,233,372,326,392,313,228,348,239,191,226,283,393,249,111,376,258,295,347,383,284,151,178,242,238,182,254,186,343,230,152,302,327,238,447,436,351,311,154,193,233,281,367,231,235,289,293,353,300,221,283,138,290,1,1,2,1,0,0,0,0,0,0,0,0,0,0,0,Bacteria,Proteobacteria,Alphaproteobacteria,Rickettsiales,Mitochondria,Mitochondria,Arachis_hypogaea
29,ZOTU14,0,0,0,0,0,0,0,1,0,0,0,0,0,0,0,2,0,0,0,0,0,0,0,2,0,0,0,0,0,0,0,1,0,0,0,0,0,0,0,0,0,0,0,0,0,0,0,0,0,0,0,0,0,0,0,1,0,0,0,0,0,0,0,1,0,0,0,0,0,0,0,7,0,0,0,0,0,0,12409,Bacteria,Firmicutes,Bacilli,Lactobacillales,Enterococcaceae,Enterococcus,NA
30,ZOTU15,0,0,0,0,0,0,0,1,0,0,0,0,0,0,0,1,0,0,0,0,0,0,0,2,0,0,0,0,0,0,0,1,0,0,0,0,0,0,0,0,0,0,0,0,0,0,0,1,0,0,0,0,0,0,0,0,0,0,0,0,0,0,0,2,0,0,0,0,0,0,0,1,0,0,0,0,0,0,8538,Bacteria,Firmicutes,Bacilli,Lactobacillales,Lactobacillaceae,Lactobacillus,Lactobacillus_fermentum
31,ZOTU16,1,0,0,0,0,1,11,9,12,15,3,1,14,6,0,0,15,1,10,10,36,20,35,29,0,0,0,0,0,1,1,2,0,0,0,0,0,0,0,0,0,0,0,0,3,3,3,3,0,0,0,0,14,11,0,0,0,2,0,0,2,0,0,0,0,1,0,0,1,1,1,0,0,61,0,0,1685,2850,0,Bacteria,Proteobacteria,Gammaproteobacteria,Pseudomonadales,Pseudomonadaceae,Pseudomonas,NA
32,ZOTU17,0,1,0,0,0,0,0,4,3,8,4,0,2,5,11,0,2,0,1,2,19,9,44,8,3,0,0,0,0,0,4,0,0,2,0,0,0,0,1,0,0,0,0,0,1,2,6,9,0,2090,0,0,6,8,0,0,0,1,0,0,0,1,0,0,0,0,0,0,0,1,1,0,0,76,0,0,1017,1490,0,Bacteria,Proteobacteria,Alphaproteobacteria,Rhizobiales,Rhizobiaceae,Allorhizobium-Neorhizobium-Pararhizobium-Rhizobium,NA
33,ZOTU18,2,0,0,0,0,0,8,1,1,3,5,3,0,3,43,0,2,5,0,2,0,3,24,0,0,0,0,0,0,0,1,0,0,0,0,0,1,0,0,0,0,0,0,0,0,0,0,0,0,0,0,0,4,6,0,0,0,0,0,0,0,0,0,0,0,0,0,0,0,4,0,0,0,0,0,0,998,1210,0,Bacteria,Proteobacteria,Gammaproteobacteria,Pseudomonadales,Moraxellaceae,Acinetobacter,NA
34,ZOTU19,0,0,0,0,0,0,9,4,2,4,1,1,0,2,0,0,1,0,3,3,14,14,17,1,0,0,0,0,0,0,2,5,0,0,0,0,0,0,0,0,0,0,0,0,1,0,0,2,0,0,0,0,2,8,0,0,0,2,0,0,0,0,0,0,0,0,0,0,0,1,0,0,0,179,0,0,641,822,0,Bacteria,Proteobacteria,Gammaproteobacteria,Xanthomonadales,Xanthomonadaceae,Stenotrophomonas,NA
35,ZOTU2,29022,15900,11412,11630,20618,19969,18889,23998,15296,12179,26168,18944,19660,27536,23072,26935,25491,19098,26218,19798,14004,15800,22669,29704,20583,8673,30824,21007,21815,30131,29688,25174,8576,10400,21880,20296,17835,20586,17972,25722,15617,10551,23574,24004,20366,38211,32628,29507,23994,11389,14315,16371,21902,31766,17358,17097,19604,21061,24280,20198,21301,21057,11753,20578,41,39,50,34,36,51,39,88,2,0,6,2,2,2,12,Bacteria,Proteobacteria,Alphaproteobacteria,Rickettsiales,Mitochondria,Mitochondria,Arachis_hypogaea
36,ZOTU20,43,44,3,12,28,20,7,25,21,17,20,21,37,39,0,30,75,31,24,22,16,7,37,55,17,5,60,39,27,46,23,35,2,8,23,41,45,16,16,12,23,13,38,22,37,38,33,31,35,7,11,14,41,41,32,17,22,52,50,21,40,4,4,13,0,0,0,0,0,0,0,0,0,0,0,0,0,0,0,Bacteria,Proteobacteria,Alphaproteobacteria,Rickettsiales,Mitochondria,Mitochondria,NA
37,ZOTU21,0,0,0,0,1,0,0,0,8,7,9,2,0,0,0,0,0,0,0,0,3,1,7,3,0,0,0,0,0,0,2,0,0,0,0,0,0,0,0,0,0,0,0,0,1,0,0,1,0,0,0,0,3,6,0,0,0,0,0,0,0,0,0,0,0,0,0,0,0,0,0,0,0,23,0,0,448,620,0,Bacteria,Proteobacteria,Gammaproteobacteria,Pseudomonadales,Pseudomonadaceae,Pseudomonas,NA
38,ZOTU22,0,0,0,0,0,0,5,2,0,8,4,2,1,2,0,0,3,0,2,0,2,3,2,7,0,0,0,0,0,0,2,0,0,0,0,0,0,0,0,0,0,0,0,0,0,1,0,2,0,0,0,0,4,2,0,0,0,0,0,0,0,0,0,0,0,0,0,0,0,1,1,0,0,22,1,0,125,692,0,Bacteria,Proteobacteria,Gammaproteobacteria,Xanthomonadales,Xanthomonadaceae,Stenotrophomonas,Stenotrophomonas_nitritireducens
39,ZOTU23,0,0,1,0,0,0,0,0,0,0,0,2,0,0,0,0,1,0,0,0,0,0,2,0,0,0,1,0,0,0,0,0,0,0,1,0,0,0,0,0,0,0,829,2,0,0,0,0,0,0,1,0,0,0,0,0,0,0,0,0,0,0,0,0,0,0,0,0,0,0,0,0,0,41,0,0,0,55,0,Bacteria,Proteobacteria,Alphaproteobacteria,Rhizobiales,Beijerinckiaceae,Methylobacterium-Methylorubrum,NA
40,ZOTU24,42,9,0,0,0,0,0,0,0,0,0,0,0,0,0,0,0,0,0,0,0,0,1,0,0,0,0,0,0,0,0,0,0,0,0,0,0,0,0,0,0,0,0,0,0,0,0,0,0,0,0,5,0,0,551,0,0,0,11,29,0,0,7,223,0,0,0,0,0,0,0,0,0,0,0,0,0,0,0,Bacteria,Proteobacteria,Alphaproteobacteria,Rhizobiales,Rhizobiaceae,Allorhizobium-Neorhizobium-Pararhizobium-Rhizobium,NA
41,ZOTU25,35,13,0,6,10,12,1,24,11,11,16,19,30,33,3,23,35,7,13,19,7,5,20,54,16,4,14,17,13,6,11,38,4,12,6,18,5,8,5,9,28,6,5,21,14,7,11,12,15,1,1,7,12,22,1,8,6,7,12,10,10,5,4,12,0,0,0,0,0,0,0,0,0,0,0,0,0,0,0,Bacteria,Proteobacteria,Alphaproteobacteria,Rickettsiales,Mitochondria,Mitochondria,NA
42,ZOTU26,0,0,0,0,0,0,0,0,0,2,0,0,0,1,0,0,0,1,2,0,0,1,3,0,0,0,0,0,0,0,0,0,0,0,0,0,0,0,0,0,0,0,0,0,0,3,0,0,0,0,0,0,4,4,0,0,0,0,0,0,0,0,0,0,0,0,0,0,0,0,0,0,0,0,1,0,303,513,0,Bacteria,Proteobacteria,Gammaproteobacteria,Burkholderiales,Comamonadaceae,f_Comamonadaceae,NA
43,ZOTU27,0,1,0,2,0,0,0,0,3,0,0,0,1,2,0,0,0,0,0,0,0,2,2,1,0,0,0,0,0,0,0,2,0,0,0,0,0,0,0,0,0,0,0,0,1,2,0,0,0,0,0,0,6,3,0,0,0,2,0,0,0,0,0,0,0,0,0,0,0,1,0,0,0,20,0,0,173,507,0,Bacteria,Firmicutes,Bacilli,Lactobacillales,Streptococcaceae,Streptococcus,NA
44,ZOTU28,0,0,0,0,0,0,0,2,0,4,0,0,0,1,0,0,0,0,4,1,3,4,5,0,0,0,0,0,0,0,0,0,0,0,0,0,0,0,0,0,0,0,0,0,0,0,0,0,0,0,0,0,2,2,0,0,0,0,0,0,0,0,0,0,0,0,0,0,0,0,0,0,0,0,0,0,176,452,0,Bacteria,Proteobacteria,Gammaproteobacteria,Burkholderiales,Alcaligenaceae,f_Alcaligenaceae,NA
45,ZOTU29,20,13,3,3,15,8,2,16,6,10,20,14,21,21,4,15,30,9,11,3,7,8,9,40,7,6,8,13,14,14,4,21,0,5,11,10,2,6,6,14,19,5,13,19,10,25,11,11,11,0,6,9,17,18,4,7,11,6,14,11,4,2,5,6,0,0,0,0,0,0,0,0,0,0,0,0,0,0,0,Bacteria,Proteobacteria,Alphaproteobacteria,Rickettsiales,Mitochondria,Mitochondria,NA
46,ZOTU3,6,10,6,4,9,4,0,0,2,4,1,3,11,5,7,0,3,8,5,9,8,3,8,1,5,6,4,4,5,2,5,0,15,7,2,3,8,2,3,0,4,7,1,4,4,2,9,0,4,4,0,8,6,2,6,21,2,4,20,8,3,5,8,14,32856,32102,33195,42587,45082,23611,37561,821,23,548,65,0,119,4607,0,Bacteria,Actinobacteriota,Actinobacteria,Streptomycetales,Streptomycetaceae,Streptomyces,NA
47,ZOTU30,31,2,1,1,5,12,6,16,5,14,18,11,10,25,0,25,20,5,9,11,5,4,7,44,6,0,14,7,6,11,4,24,0,2,12,12,1,7,12,14,16,3,9,3,21,19,10,22,9,1,5,3,14,29,3,8,9,12,12,6,3,3,0,6,0,0,0,0,0,0,0,0,0,0,0,0,0,0,0,Bacteria,Proteobacteria,Alphaproteobacteria,Rickettsiales,Mitochondria,Mitochondria,NA
48,ZOTU31,49,7,3,3,12,10,4,11,13,5,14,11,15,29,0,23,27,8,18,4,4,3,4,37,10,0,2,13,7,11,10,27,8,0,4,8,4,7,6,10,24,1,4,8,6,18,9,10,15,1,3,4,10,10,10,3,6,9,14,10,5,4,3,11,0,0,0,0,0,0,0,0,0,0,0,0,0,0,0,Bacteria,Proteobacteria,Alphaproteobacteria,Rickettsiales,Mitochondria,Mitochondria,NA
49,ZOTU32,1,0,6,0,1,0,0,0,26,0,0,0,0,0,5,0,1,3,0,0,0,4,4,1,4,0,0,0,1,0,0,0,5,1,0,0,0,0,1,0,0,0,0,0,1,0,2,1,0,8,0,1,0,2,2,0,4,2,0,0,0,14,0,0,0,0,1,0,1,1,0,152,14,221,48,25,50,55,1,Bacteria,Proteobacteria,Gammaproteobacteria,Burkholderiales,Comamonadaceae,f_Comamonadaceae,NA
50,ZOTU33,0,0,0,0,0,0,3,0,0,0,3,1,0,0,0,0,0,0,2,0,1,4,3,0,0,0,0,0,0,0,0,0,0,0,0,0,0,0,0,0,0,0,0,0,0,2,0,0,0,0,0,0,5,2,0,0,0,0,0,0,0,0,0,0,0,0,0,0,0,0,0,0,0,0,0,0,166,348,0,Bacteria,Proteobacteria,Gammaproteobacteria,Burkholderiales,Comamonadaceae,Comamonas,NA
51,ZOTU34,0,0,0,0,0,0,0,2,0,13,0,2,0,0,0,0,0,0,1,5,8,6,4,5,0,0,0,0,0,0,0,0,0,0,0,0,0,0,0,0,0,0,0,0,0,2,0,0,0,0,0,0,1,2,0,0,0,0,0,0,0,0,0,0,0,0,0,0,0,0,0,0,0,90,0,0,153,266,0,Bacteria,Proteobacteria,Alphaproteobacteria,Caulobacterales,Caulobacteraceae,Brevundimonas,NA
52,ZOTU35,30,5,2,3,10,7,8,12,13,14,18,8,13,21,2,34,28,12,13,10,6,6,19,31,11,1,9,17,10,21,8,20,0,11,10,5,7,6,5,10,26,5,6,14,4,17,5,10,17,0,8,9,10,13,5,6,8,4,5,7,10,0,6,17,0,0,0,0,0,0,0,1,0,0,0,0,0,0,0,Bacteria,Proteobacteria,Alphaproteobacteria,Rickettsiales,Mitochondria,Mitochondria,NA
53,ZOTU36,0,0,0,0,0,0,0,0,0,0,0,0,0,0,0,0,2,0,0,0,0,2,2,0,0,0,0,0,1,0,0,0,0,0,0,0,0,0,0,2,0,0,0,0,0,0,0,0,0,0,0,0,0,0,0,0,0,1,0,0,0,0,0,0,0,0,0,0,0,0,0,0,0,0,0,0,385,0,0,Bacteria,Proteobacteria,Gammaproteobacteria,Xanthomonadales,Xanthomonadaceae,Stenotrophomonas,NA
54,ZOTU37,0,0,0,0,0,0,0,0,0,0,0,0,0,0,0,0,0,0,0,0,0,0,0,0,0,0,0,0,0,0,0,0,0,0,0,0,0,0,0,0,0,0,0,0,0,0,0,0,0,0,0,0,0,0,0,0,0,0,0,0,0,0,0,0,18,21,40,50,68,241,76,4,0,0,0,0,0,0,70,Eukaryota,Basidiomycota,Tremellomycetes,Tremellales,Cryptococcaceae,Cryptococcus,NA
55,ZOTU38,0,0,0,0,0,1,0,0,0,3,0,0,0,0,0,0,0,0,0,1,2,1,0,0,0,0,0,0,0,0,0,0,3,0,0,0,0,0,0,0,0,0,0,0,0,0,0,0,0,0,0,0,5,0,0,0,0,0,0,0,0,0,0,0,0,0,0,0,0,0,0,0,0,0,0,0,124,239,0,Bacteria,Proteobacteria,Alphaproteobacteria,Caulobacterales,Caulobacteraceae,Brevundimonas,Brevundimonas_diminuta
56,ZOTU39,0,0,0,0,0,0,0,0,4,0,0,0,0,0,0,0,2,0,4,0,3,8,4,0,0,0,0,0,0,0,0,0,0,0,0,0,0,0,0,0,0,0,0,0,0,1,0,0,0,0,0,0,2,2,0,0,0,0,0,0,0,0,0,0,0,0,0,0,0,0,0,0,0,15,0,0,255,119,0,Bacteria,Proteobacteria,Gammaproteobacteria,Pseudomonadales,Pseudomonadaceae,Pseudomonas,NA
57,ZOTU4,2,5,8,3,4,4,5,2,34,6,4,6,6,5,45,9,2,4,5,6,7,7,6,12,10,7,9,1,8,1,3,8,29,2,7,0,0,3,3,1,1,10,6,4,0,5,3,9,1,66,6,4,2,5,6,14,13,0,2,1,1,31,7,16,3533,20927,17704,12888,11515,32924,19289,286,594,452,185,127,184,1572,12530,Bacteria,Proteobacteria,Gammaproteobacteria,Enterobacterales,Enterobacteriaceae,Escherichia-Shigella,NA
58,ZOTU40,0,3,0,0,0,0,0,0,9,0,0,0,0,1,0,0,0,0,0,0,0,0,9,0,0,0,0,0,0,0,0,0,0,0,1,0,0,0,3,0,0,0,0,0,0,0,1,0,0,0,0,0,11,0,0,0,0,0,0,0,0,0,0,0,0,0,0,0,0,2,0,0,0,0,0,0,189,204,0,Bacteria,Firmicutes,Bacilli,Lactobacillales,Streptococcaceae,Streptococcus,NA
59,ZOTU41,0,0,0,0,0,0,0,0,0,8,0,4,0,0,0,0,0,0,0,0,0,0,3,0,0,0,2,0,0,0,5,6,0,0,1,0,0,0,0,0,0,2,0,0,0,0,0,1,0,0,0,0,0,0,0,344,0,0,0,0,5,0,0,0,0,4,2,2,0,8,1,0,0,0,0,0,0,0,2,Bacteria,Proteobacteria,Gammaproteobacteria,Enterobacterales,Erwiniaceae,f_Erwiniaceae,NA
60,ZOTU42,6,4,0,0,1,3,4,6,4,3,8,4,4,7,0,6,14,4,6,1,9,4,9,9,8,4,4,5,3,8,3,9,0,1,1,4,2,2,4,4,8,2,4,5,2,8,2,5,3,0,1,3,3,4,2,3,10,0,6,2,7,1,0,6,0,0,0,0,0,0,0,0,0,0,0,0,0,0,0,Bacteria,Proteobacteria,Alphaproteobacteria,Rickettsiales,Mitochondria,Mitochondria,NA
61,ZOTU43,18,5,0,2,3,2,2,9,8,3,10,7,9,20,3,7,13,4,10,2,7,1,8,28,8,1,5,5,7,9,2,16,0,2,4,8,3,1,4,8,5,6,3,12,7,11,8,8,6,3,0,2,3,16,2,1,6,2,5,1,6,3,2,5,0,0,0,0,0,0,0,0,0,0,0,0,0,0,0,Bacteria,Proteobacteria,Alphaproteobacteria,Rickettsiales,Mitochondria,Mitochondria,NA
62,ZOTU44,0,0,0,0,0,0,0,0,0,0,0,0,0,2,0,0,0,0,2,1,4,0,9,0,0,0,0,0,0,0,0,0,0,0,0,0,0,0,0,0,0,0,0,0,0,2,0,1,0,0,0,0,0,1,0,0,0,0,0,0,0,0,0,0,0,0,0,0,0,0,0,0,0,0,0,0,151,59,0,Bacteria,Proteobacteria,Gammaproteobacteria,Burkholderiales,Comamonadaceae,Delftia,NA
63,ZOTU45,2,16,0,3,4,2,3,3,1,3,1,3,2,5,1,5,6,3,1,5,6,1,3,6,1,0,2,6,4,8,8,5,0,1,6,3,1,1,2,6,2,0,4,2,4,11,3,1,7,1,0,3,4,3,1,0,0,2,2,3,3,0,0,3,0,0,0,0,0,0,0,0,0,0,0,0,0,0,0,Bacteria,Proteobacteria,Alphaproteobacteria,Rickettsiales,Mitochondria,Mitochondria,NA
64,ZOTU46,5,3,0,1,6,3,0,0,2,0,7,3,3,2,0,1,7,6,12,0,1,1,4,5,0,0,3,2,3,4,3,0,0,0,7,2,2,2,10,1,3,0,2,6,0,6,4,3,3,0,3,0,1,2,1,1,0,3,1,6,0,0,0,0,0,0,0,0,0,0,0,0,0,0,0,0,0,0,0,Bacteria,Proteobacteria,Alphaproteobacteria,Rickettsiales,Mitochondria,Mitochondria,NA
65,ZOTU47,2,2,6,0,0,0,0,1,3,1,2,2,0,0,6,0,0,0,0,0,2,3,0,0,0,0,0,0,3,0,0,3,0,0,0,0,0,0,0,0,0,0,0,1,0,0,2,0,2,0,0,0,0,0,0,0,1,0,0,0,0,0,0,3,2,0,0,0,0,1,0,0,0,42,0,43,0,46,0,Bacteria,Actinobacteriota,Actinobacteria,Micrococcales,Micrococcaceae,f_Micrococcaceae,NA
66,ZOTU48,0,0,0,0,0,0,0,0,0,0,0,0,0,0,0,0,0,0,0,0,1,0,0,0,0,0,0,0,0,0,0,0,0,0,0,0,0,0,0,0,0,0,0,0,0,0,0,0,0,0,0,0,0,0,0,0,0,0,0,0,0,0,0,0,0,0,0,0,0,0,0,0,0,0,0,0,170,0,0,Bacteria,Proteobacteria,Alphaproteobacteria,Rhizobiales,Stappiaceae,Pannonibacter,NA
67,ZOTU49,0,0,0,0,0,0,0,0,0,0,0,0,0,1,0,0,0,0,0,0,0,0,0,0,0,0,0,0,0,0,0,0,0,0,0,0,0,0,0,0,0,0,0,0,0,0,0,0,0,0,0,0,0,0,0,0,0,0,0,0,0,0,0,0,0,0,0,0,0,0,0,0,0,66,0,0,0,111,0,Bacteria,Bacteroidota,Bacteroidia,Chitinophagales,Chitinophagaceae,Haoranjiania,Haoranjiania_flava
68,ZOTU5,10,6,2,1,0,0,1,1,3,3,7,1,0,0,1,1,7,3,1,4,1,0,2,3,3,5,2,8,1,0,0,12,35,3,5,5,1,1,0,2,4,2,4,2,1,0,2,1,4,3,2,5,1,0,7,17,10,5,215,4,0,0,4,8,33794,23316,21828,22385,3891,1722,1723,482,124,68,1,0,0,68,20726,Bacteria,Firmicutes,Bacilli,Bacillales,Bacillaceae,Bacillus,NA
69,ZOTU50,0,0,0,0,0,0,0,0,0,2,0,0,0,0,0,0,0,0,0,0,0,0,0,0,0,0,0,0,0,0,0,0,0,0,0,0,0,0,0,0,0,0,0,0,0,1,0,1,0,0,0,0,0,0,0,0,0,0,0,0,0,0,0,0,0,0,0,0,0,0,0,0,0,32,0,0,0,121,0,Bacteria,Bacteroidota,Bacteroidia,Flavobacteriales,Flavobacteriaceae,Flavobacterium,Flavobacterium_lindanitolerans
70,ZOTU51,0,1,0,0,1,0,0,0,0,0,1,1,3,1,0,1,0,0,2,2,0,0,0,0,0,0,1,0,0,0,0,0,0,0,0,1,2,1,0,0,0,0,2,3,0,0,0,0,0,0,0,0,0,0,0,0,1,0,0,0,0,2,0,0,0,0,0,0,0,0,0,0,0,0,0,0,0,0,0,Bacteria,Proteobacteria,Alphaproteobacteria,Rickettsiales,Mitochondria,Mitochondria,NA
71,ZOTU52,3,0,0,0,0,0,0,0,0,0,0,0,0,0,0,0,0,0,0,0,0,0,1,0,0,0,0,0,0,1,0,0,0,0,0,1,0,0,0,0,0,0,0,0,0,0,0,0,0,0,0,0,0,0,0,0,0,0,0,0,0,0,0,0,0,0,0,0,0,0,0,0,0,0,0,0,141,0,0,Bacteria,Proteobacteria,Gammaproteobacteria,Pseudomonadales,Pseudomonadaceae,Pseudomonas,NA
72,ZOTU53,0,0,0,0,0,0,0,0,0,0,0,0,0,0,0,0,0,0,0,0,0,0,0,0,0,0,0,0,0,0,0,0,0,0,0,0,0,0,0,0,0,0,0,0,0,0,0,0,0,0,0,0,0,0,0,0,0,0,0,0,0,0,0,0,0,0,0,0,0,0,0,0,0,0,0,0,0,121,0,Bacteria,Cyanobacteria,Vampirivibrionia,Obscuribacterales,Obscuribacteraceae,Candidatus_Obscuribacter,uncultured_bacterium
73,ZOTU54,1768,498,54,217,548,466,275,748,575,671,1210,537,184,1754,76,1336,1529,751,1038,481,667,299,1059,1767,676,242,982,577,652,944,755,345,41,241,616,620,559,412,549,920,925,314,600,558,641,1149,658,924,646,128,281,253,778,1139,478,483,775,689,743,478,252,163,63,633,1,0,1,1,0,1,0,2,0,0,0,0,0,0,0,Bacteria,Proteobacteria,Alphaproteobacteria,Rickettsiales,Mitochondria,Mitochondria,NA
74,ZOTU55,1,0,0,0,0,0,0,2,0,0,0,0,0,0,0,0,0,0,0,0,0,1,6,1,0,0,0,0,0,0,0,0,0,0,0,0,0,0,0,0,0,0,0,0,1,0,0,0,0,0,0,0,0,0,0,0,0,0,0,0,0,0,0,0,0,0,0,0,0,0,0,0,0,0,0,0,39,64,0,Bacteria,Proteobacteria,Alphaproteobacteria,Rhizobiales,Rhizobiaceae,Ochrobactrum,NA
75,ZOTU56,0,0,0,0,0,0,0,0,0,0,0,0,0,0,0,0,0,0,0,0,0,0,0,0,0,0,0,0,0,0,0,0,0,0,0,0,0,0,0,0,0,0,0,0,0,0,0,0,0,0,0,0,0,0,0,0,0,0,0,0,0,1,0,0,0,0,0,0,0,0,0,0,0,0,0,0,0,124,0,Bacteria,Proteobacteria,Alphaproteobacteria,Rhizobiales,Rhizobiaceae,f_Rhizobiaceae,NA
76,ZOTU57,0,0,0,0,0,0,0,0,2,0,0,0,0,0,0,0,0,0,0,0,0,0,0,0,0,0,0,0,0,0,0,0,0,0,0,0,0,0,0,0,0,0,0,0,0,0,0,0,0,0,0,0,0,0,0,0,0,0,0,0,0,0,0,0,0,0,0,0,0,0,0,0,0,9,0,0,36,38,0,Bacteria,Proteobacteria,Gammaproteobacteria,Xanthomonadales,Xanthomonadaceae,Stenotrophomonas,NA
77,ZOTU58,0,0,2,0,0,0,0,0,0,0,0,0,1,0,0,0,0,0,0,0,0,0,22,0,0,0,0,0,0,0,0,0,0,0,0,0,0,0,0,0,0,0,0,0,0,0,0,4,0,0,3,1,0,0,0,0,0,0,0,0,0,0,0,0,0,0,0,0,0,0,0,0,67,0,0,0,0,0,0,Bacteria,Proteobacteria,Gammaproteobacteria,Pseudomonadales,Pseudomonadaceae,Pseudomonas,NA
78,ZOTU59,0,0,0,0,0,0,0,2,0,0,0,0,0,0,0,0,2,0,0,0,0,3,33,0,2,0,0,0,0,0,2,0,0,0,0,0,0,0,0,0,0,0,0,0,0,0,0,0,0,0,0,0,0,1,0,0,0,0,0,0,0,0,0,0,0,0,0,0,0,0,0,0,0,0,0,0,0,77,0,Bacteria,Proteobacteria,Gammaproteobacteria,Pseudomonadales,Moraxellaceae,Acinetobacter,NA
79,ZOTU6,1,0,0,1,5,5,1,0,11,1,0,3,2,1,2,0,2,5,0,3,10,2,4,1,2,1,1,4,1,2,5,1,1,0,1,0,2,3,1,1,1,1,1,2,3,2,1,0,0,0,3,0,3,2,4,0,2,1,12,0,1,2,4,7,7226,3900,4920,1721,16186,29071,24175,2,47,267,1,0,0,2166,0,Bacteria,Proteobacteria,Alphaproteobacteria,Rhizobiales,Rhizobiaceae,Ochrobactrum,NA
80,ZOTU60,1,0,0,0,0,0,0,0,0,0,0,0,0,0,0,0,0,0,2,0,1,0,3,0,0,0,0,0,0,0,0,0,0,0,0,0,0,0,0,0,0,0,0,0,0,0,0,0,0,0,0,0,0,0,0,0,0,0,1,0,0,0,0,0,0,0,0,0,0,0,0,0,0,0,0,0,0,55,0,Bacteria,Proteobacteria,Alphaproteobacteria,Rhizobiales,Beijerinckiaceae,Bosea,NA
81,ZOTU61,0,0,0,0,0,0,1,0,0,0,0,0,0,2,0,0,2,0,1,0,0,0,4,0,0,0,0,0,0,0,0,0,0,0,0,0,0,0,0,0,0,0,0,0,0,0,0,0,0,0,0,0,0,3,0,0,0,0,0,0,0,0,0,0,0,0,0,0,0,0,0,0,0,0,0,0,0,54,0,Bacteria,Proteobacteria,Gammaproteobacteria,Pseudomonadales,Pseudomonadaceae,Pseudomonas,NA
82,ZOTU62,0,0,0,0,0,0,0,0,3,0,0,0,0,0,0,0,0,0,0,0,0,0,2,0,0,0,0,0,0,0,0,0,1,0,0,0,0,0,0,0,0,0,0,0,0,0,0,0,0,0,0,0,0,1,0,0,0,0,0,0,2,0,0,0,0,0,0,0,0,0,0,0,0,0,0,0,0,61,0,Bacteria,Proteobacteria,Gammaproteobacteria,Pseudomonadales,Pseudomonadaceae,Pseudomonas,Pseudomonas_peli
83,ZOTU63,0,0,0,0,0,0,0,2,0,0,0,0,0,0,0,0,0,0,0,0,0,0,0,0,0,0,0,0,0,0,0,0,0,0,0,0,0,0,0,0,0,0,0,0,0,0,0,0,0,0,0,0,0,0,0,0,0,0,0,0,0,0,0,0,0,0,0,0,0,0,0,0,0,0,0,0,81,0,0,Bacteria,Proteobacteria,Alphaproteobacteria,Rhizobiales,Kaistiaceae,Kaistia,uncultured_bacterium
84,ZOTU64,0,0,0,0,0,0,1,0,0,0,0,0,0,0,0,0,0,0,0,0,0,0,7,0,0,0,55,0,0,0,0,0,0,0,0,0,0,0,0,0,0,0,0,0,0,0,0,0,0,0,0,0,0,0,0,0,0,0,3,0,0,0,0,0,0,0,0,0,0,0,0,0,0,0,0,0,0,0,0,Bacteria,Proteobacteria,Gammaproteobacteria,Pseudomonadales,Pseudomonadaceae,Pseudomonas,NA
85,ZOTU65,0,0,0,0,0,0,0,0,0,0,0,0,0,0,0,0,0,0,0,0,0,0,0,0,0,0,0,0,0,0,0,0,0,0,0,0,0,0,0,0,0,0,0,0,0,0,0,0,0,0,0,0,0,0,0,0,0,0,0,0,0,0,0,0,0,0,0,0,0,0,0,68,0,0,0,0,0,0,0,Bacteria,Bacteroidota,Bacteroidia,Bacteroidales,Rikenellaceae,Rikenellaceae_RC9_gut_group,uncultured_bacterium
86,ZOTU66,0,0,0,0,0,0,0,0,0,0,0,0,0,0,0,0,0,0,0,0,4,0,39,0,0,0,5,0,0,0,1,0,0,0,0,0,0,0,0,0,0,0,0,0,0,0,0,0,2,0,0,0,0,0,2,0,0,0,0,0,0,0,0,0,0,0,0,0,0,0,0,0,0,0,0,0,0,66,0,Bacteria,Proteobacteria,Alphaproteobacteria,Sphingomonadales,Sphingomonadaceae,Sphingomonas,NA
87,ZOTU67,0,0,1,0,0,0,0,0,0,0,0,0,0,0,0,0,0,0,0,0,0,0,0,0,0,0,0,0,0,0,0,0,0,0,0,0,0,0,0,0,0,0,0,0,0,0,0,0,0,0,0,0,0,0,0,0,0,0,0,0,0,0,0,0,399,419,185,122,52,9,15,1,0,0,0,0,0,0,0,Bacteria,Actinobacteriota,Actinobacteria,Streptomycetales,Streptomycetaceae,Streptomyces,NA
88,ZOTU68,0,0,0,0,0,0,0,0,0,0,0,0,0,0,0,0,0,0,0,0,0,0,0,0,0,0,0,0,0,0,0,0,0,0,0,0,0,0,0,0,0,0,0,0,0,1,0,0,0,0,0,0,0,0,0,0,0,0,0,0,0,0,0,0,0,0,0,0,0,0,0,0,0,0,0,0,0,59,3,Bacteria,Firmicutes,Bacilli,Lactobacillales,Carnobacteriaceae,f_Carnobacteriaceae,NA
89,ZOTU69,0,0,0,0,0,0,0,0,0,0,0,0,0,0,0,0,0,0,0,0,0,0,1,0,0,0,0,0,0,0,0,0,0,0,0,0,0,0,0,0,0,0,0,0,0,0,0,0,0,0,0,0,0,0,0,0,0,0,0,0,0,0,0,0,0,0,0,0,0,0,0,40,0,0,0,0,0,0,0,Bacteria,Proteobacteria,Gammaproteobacteria,Burkholderiales,Comamonadaceae,f_Comamonadaceae,NA
90,ZOTU7,0,1,0,1,1,8,2,12,12,5,1,1,2,1,5,2,0,0,0,0,2,3,4,2,0,0,1,0,3,1,1,10,2,0,0,0,0,0,1,5,0,0,0,0,0,3,3,1,0,0,1,0,1,4,1,5,0,1,0,0,2,2,2,4,1518,1491,1339,2399,10585,17375,14698,5,0,163,0,0,0,1185,23778,Bacteria,Firmicutes,Bacilli,Staphylococcales,Staphylococcaceae,Staphylococcus,NA
91,ZOTU70,0,0,0,0,0,0,0,0,0,0,0,0,0,0,2,0,0,0,0,0,0,0,3,0,0,0,0,0,0,0,0,0,0,0,0,0,0,0,0,0,0,0,0,0,0,0,0,0,0,14,0,0,0,0,0,0,0,0,0,0,0,0,0,0,0,0,0,0,0,0,0,0,0,0,0,0,39,0,0,Bacteria,Proteobacteria,Gammaproteobacteria,Pseudomonadales,Moraxellaceae,Acinetobacter,NA
92,ZOTU71,0,0,0,0,0,0,0,0,0,0,0,0,0,0,0,0,0,0,0,0,0,0,1,0,0,0,0,0,0,0,0,0,0,0,0,0,0,0,0,0,0,0,0,0,0,0,0,0,0,0,0,0,0,0,0,0,0,0,0,0,0,0,0,0,0,0,0,0,0,0,0,0,0,49,0,0,0,0,0,Bacteria,Bacteroidota,Bacteroidia,Sphingobacteriales,Sphingobacteriaceae,Sphingobacterium,NA
93,ZOTU72,0,0,0,0,0,0,0,0,0,0,0,0,0,0,0,0,0,0,0,0,0,0,0,0,0,0,1,0,0,0,0,0,0,0,0,0,0,0,0,0,0,0,0,0,0,0,0,0,0,0,1,0,0,0,0,0,0,0,0,0,0,0,0,0,229,190,49,54,51,39,49,0,0,0,0,0,0,0,0,Bacteria,Actinobacteriota,Actinobacteria,Streptomycetales,Streptomycetaceae,Streptomyces,NA
94,ZOTU73,0,0,0,0,0,0,0,0,0,0,0,0,0,0,0,0,0,0,0,0,0,0,0,0,0,0,0,0,0,0,0,0,0,0,0,0,0,0,0,0,0,0,0,0,0,0,0,0,0,0,0,0,0,0,0,0,0,0,0,0,0,0,0,0,24,10,12,2,54,177,91,0,0,0,0,0,0,0,0,Bacteria,Proteobacteria,Gammaproteobacteria,Enterobacterales,Enterobacteriaceae,f_Enterobacteriaceae,NA
95,ZOTU74,0,0,0,0,0,0,0,0,0,0,0,0,0,0,0,0,0,0,0,0,0,0,0,0,0,0,0,0,0,0,0,0,0,0,0,0,0,0,0,0,0,0,0,0,0,0,0,0,0,0,0,0,0,0,0,0,0,0,2,0,0,0,0,0,0,0,0,0,0,0,0,0,0,43,0,0,0,0,0,Bacteria,Proteobacteria,Gammaproteobacteria,Oceanospirillales,Halomonadaceae,Halomonas,NA
96,ZOTU75,0,0,0,1,0,0,0,0,0,0,0,0,0,0,0,0,0,0,0,0,0,0,2,0,0,0,0,0,0,0,0,0,0,0,0,0,0,0,0,0,0,0,0,0,0,0,0,0,0,0,0,0,0,0,0,0,0,0,0,0,0,0,0,0,0,0,0,0,0,0,0,0,0,0,0,0,30,13,0,Bacteria,Proteobacteria,Gammaproteobacteria,Pseudomonadales,Moraxellaceae,Enhydrobacter,NA
97,ZOTU76,0,0,0,0,0,0,0,0,0,0,0,0,0,0,0,0,0,0,0,0,0,0,0,0,0,0,0,0,0,0,0,0,0,0,0,0,0,0,0,0,0,0,0,0,0,0,0,0,0,0,0,0,0,0,0,0,0,0,0,0,0,0,0,0,0,0,0,0,0,0,0,0,0,0,0,0,0,50,0,Bacteria,Proteobacteria,Gammaproteobacteria,Burkholderiales,Comamonadaceae,Schlegelella,NA
98,ZOTU77,0,0,0,0,0,0,0,0,0,0,0,0,0,0,0,0,0,0,0,0,0,0,0,0,0,0,0,0,0,0,0,0,0,0,0,0,0,0,0,0,0,0,0,0,0,0,0,0,0,0,0,0,0,0,0,0,0,0,0,0,0,0,0,0,207,232,108,67,105,64,62,0,0,0,0,0,0,0,0,Bacteria,Actinobacteriota,Actinobacteria,Streptomycetales,Streptomycetaceae,Streptomyces,NA
99,ZOTU78,0,0,0,0,0,0,0,0,0,0,0,0,0,0,0,0,0,0,0,0,0,0,0,0,0,0,0,0,0,0,0,0,0,0,0,0,0,0,0,0,0,0,0,0,0,0,0,0,0,0,0,0,1,0,0,0,0,0,0,0,0,0,0,0,0,0,0,0,0,1,0,0,0,0,0,0,44,6,0,Bacteria,Proteobacteria,Gammaproteobacteria,Burkholderiales,Comamonadaceae,f_Comamonadaceae,NA
100,ZOTU79,0,0,0,0,0,0,0,0,0,0,0,0,0,0,0,0,0,0,0,0,0,0,0,0,0,0,0,0,0,0,0,0,0,0,0,0,0,0,0,0,0,0,0,0,0,0,0,0,0,0,0,0,0,0,0,0,0,0,0,0,0,0,0,0,0,0,0,0,0,0,0,0,0,0,0,0,42,0,0,Bacteria,Proteobacteria,Gammaproteobacteria,Xanthomonadales,Xanthomonadaceae,Lysobacter,NA
101,ZOTU8,0,0,4,1,1,4,1,2,1,0,2,1,2,0,1,3,5,1,2,0,0,2,7,4,0,1,3,2,3,2,4,1,32,0,4,0,0,1,0,2,0,0,2,1,0,3,0,0,0,0,3,1,1,2,1,2,0,1,2,0,1,6,2,3,4437,4318,7748,5784,5663,17215,10119,91,0,228,0,0,0,552,15876,Bacteria,Proteobacteria,Gammaproteobacteria,Enterobacterales,Enterobacteriaceae,f_Enterobacteriaceae,NA
102,ZOTU80,0,0,0,0,0,0,0,0,0,0,0,0,0,0,0,0,0,0,0,0,0,0,0,0,0,0,0,0,0,0,0,0,0,0,0,0,0,0,0,0,0,0,0,0,0,0,0,0,0,0,0,0,0,0,0,0,0,0,0,0,0,0,0,0,0,0,0,0,0,0,0,0,0,0,0,29,0,0,0,Bacteria,Deinococcota,Deinococci,Deinococcales,Trueperaceae,Truepera,NA
103,ZOTU81,1,0,0,0,0,0,0,0,2,0,0,0,0,0,0,1,0,0,0,0,0,0,0,0,2,0,0,0,0,0,0,0,34,0,0,0,0,0,0,0,0,0,0,0,0,0,0,0,0,0,0,0,0,0,0,0,0,0,0,0,0,0,0,0,0,0,0,0,0,0,0,0,0,0,0,0,0,0,0,Eukaryota,Phragmoplastophyta,Embryophyta,Magnoliophyta,Magnoliophyta,Magnoliophyta,NA
104,ZOTU82,0,0,0,0,0,0,0,0,0,0,0,0,0,0,0,0,0,0,0,0,0,0,0,0,0,0,0,0,0,0,0,0,0,0,0,0,0,0,0,0,0,0,0,0,0,0,1,0,0,0,0,0,0,0,0,0,0,0,0,0,0,0,0,0,80,71,120,131,135,50,115,0,0,0,0,0,0,0,16,Bacteria,Proteobacteria,Gammaproteobacteria,Enterobacterales,Enterobacteriaceae,f_Enterobacteriaceae,NA
105,ZOTU83,0,0,0,0,0,0,0,0,0,0,0,0,0,0,0,0,0,0,0,0,0,0,25,0,0,0,0,0,0,0,0,0,0,0,0,0,0,0,0,0,0,0,0,0,0,0,0,0,0,25,0,0,0,0,0,0,0,0,0,0,0,0,0,0,0,0,0,0,0,0,0,0,0,0,0,0,0,0,0,Bacteria,Proteobacteria,Gammaproteobacteria,Pseudomonadales,Moraxellaceae,Acinetobacter,NA
106,ZOTU84,0,0,0,0,0,0,0,0,0,0,0,0,0,0,0,0,0,0,0,0,0,0,0,0,0,0,0,0,0,0,0,0,0,0,0,0,0,0,0,0,0,0,0,0,0,0,0,0,0,0,0,0,0,0,0,0,0,0,0,0,0,0,0,0,0,0,0,0,0,0,0,0,0,0,0,0,25,0,0,Bacteria,Proteobacteria,Alphaproteobacteria,Sphingomonadales,Sphingomonadaceae,Sphingomonas,NA
107,ZOTU85,2,2,0,0,0,2,0,1,4,0,0,1,0,5,0,2,3,2,2,0,0,0,0,1,0,0,0,1,0,0,0,2,0,0,0,0,0,0,0,0,5,0,1,0,0,0,0,0,0,0,0,0,0,1,1,0,0,0,0,1,0,0,0,0,0,0,0,0,0,0,0,0,0,0,0,0,0,0,0,Bacteria,Proteobacteria,Alphaproteobacteria,Rickettsiales,Mitochondria,Mitochondria,Cannabis_sativa
108,ZOTU86,0,0,0,0,0,0,0,0,0,0,0,0,0,0,0,0,0,0,0,0,0,0,1,0,0,0,0,0,0,0,0,0,0,0,0,0,0,0,0,0,0,0,0,0,0,0,0,0,0,0,0,0,0,0,0,0,0,0,0,0,0,0,0,0,0,0,0,0,0,0,0,0,0,0,0,0,0,25,0,Bacteria,Proteobacteria,Gammaproteobacteria,Burkholderiales,Comamonadaceae,f_Comamonadaceae,NA
109,ZOTU87,0,0,0,0,0,0,0,0,0,0,0,0,0,0,0,0,0,0,0,0,0,0,0,0,0,0,0,0,0,0,0,0,0,0,0,0,0,0,0,0,0,0,0,0,0,0,0,0,0,0,0,0,0,0,0,0,0,0,0,0,0,0,0,0,0,0,0,0,0,0,0,0,0,0,0,0,0,19,0,Bacteria,Proteobacteria,Gammaproteobacteria,Burkholderiales,Comamonadaceae,Schlegelella,NA
110,ZOTU88,0,0,0,0,0,0,0,0,0,0,0,0,0,0,0,0,0,0,0,0,0,0,0,0,0,0,0,0,0,0,0,0,0,0,0,0,0,0,0,0,0,0,0,0,0,0,0,0,0,0,0,0,0,0,0,0,0,0,0,0,0,0,0,0,0,0,0,0,0,0,0,0,38,0,0,0,0,0,0,Bacteria,Proteobacteria,Alphaproteobacteria,Rhizobiales,Beijerinckiaceae,Microvirga,NA
111,ZOTU89,0,0,0,0,0,0,0,0,0,0,0,0,0,0,0,0,0,0,0,0,0,0,0,0,0,0,0,0,0,0,0,0,0,0,0,0,0,0,0,0,0,0,0,0,0,0,0,0,0,0,0,0,0,0,0,0,0,0,0,0,0,0,0,0,20,22,17,16,35,10,24,0,0,0,0,0,0,0,0,Bacteria,Proteobacteria,Gammaproteobacteria,Enterobacterales,Enterobacteriaceae,f_Enterobacteriaceae,NA
112,ZOTU9,1,0,0,0,1,1,0,1,2,6,1,0,2,3,0,2,14,2,2,3,8,3,16,3,2,0,0,0,2,4,2,1,1,0,1,0,1,1,1,3,1,0,0,0,1,0,2,1,1,0,0,0,1,1,3,2,2,0,8,0,5,3,1,0,8717,14,13,47,5263,10557,7620,45,0,22,0,0,220,1135,11029,Bacteria,Proteobacteria,Gammaproteobacteria,Pseudomonadales,Pseudomonadaceae,Pseudomonas,NA
113,ZOTU90,0,0,0,0,0,0,0,0,0,0,0,0,0,0,0,0,0,0,0,0,0,0,0,0,0,1,0,0,0,0,0,0,12,0,1,0,1,0,0,0,0,0,0,0,0,0,0,0,0,0,0,0,0,0,0,3,0,0,1,0,0,0,0,0,0,0,0,0,0,0,0,0,0,0,0,0,0,0,0,Bacteria,Actinobacteriota,Actinobacteria,Micrococcales,Micrococcaceae,Micrococcus,NA
114,ZOTU91,0,0,0,0,0,0,0,0,0,0,0,0,0,0,0,0,0,0,0,0,0,0,0,0,0,0,0,0,0,0,0,0,0,0,0,0,0,0,0,0,0,0,0,0,0,0,0,0,0,0,0,0,0,0,0,0,0,0,0,0,0,0,0,0,0,0,0,0,0,0,0,0,0,0,0,0,0,26,0,Bacteria,Proteobacteria,Gammaproteobacteria,Burkholderiales,Comamonadaceae,Schlegelella,NA
115,ZOTU92,0,0,0,0,0,0,0,0,0,0,0,0,0,0,0,0,0,0,0,0,0,0,32,0,0,0,0,0,0,0,0,0,0,0,0,0,0,0,0,0,0,0,0,0,0,0,0,0,0,0,0,0,0,0,0,0,0,0,0,0,0,0,0,0,0,0,0,0,0,0,0,0,0,0,0,0,0,0,0,Bacteria,Proteobacteria,Gammaproteobacteria,Burkholderiales,Oxalobacteraceae,Herbaspirillum,NA
116,ZOTU93,38,9,0,3,15,19,7,15,33,8,28,10,8,28,10,23,44,33,17,17,9,6,22,39,14,1,20,30,9,36,26,26,0,7,24,18,9,18,9,12,30,6,9,15,15,21,24,17,19,8,13,8,23,28,20,9,13,17,15,5,5,1,5,21,0,0,0,0,0,0,1,0,0,0,0,0,0,0,0,Bacteria,Cyanobacteria,Cyanobacteriia,Chloroplast,Chloroplast,Chloroplast,NA
117,ZOTU94,0,0,0,0,0,0,0,0,0,0,0,0,0,0,0,0,0,0,0,0,0,0,0,0,0,0,0,0,0,0,0,0,0,0,0,0,0,0,0,0,0,0,0,0,0,0,0,0,0,0,0,0,0,0,0,0,0,0,0,0,0,0,0,0,158,0,0,3,157,30,114,0,0,0,0,0,0,0,0,Bacteria,Proteobacteria,Gammaproteobacteria,Pseudomonadales,Pseudomonadaceae,Pseudomonas,NA
118,ZOTU95,0,0,0,0,0,0,0,0,0,0,0,0,0,0,0,0,0,0,0,0,0,0,0,0,0,0,0,0,0,0,0,0,0,0,0,0,0,0,0,0,0,0,0,0,0,0,0,0,0,0,0,0,0,0,0,0,0,0,0,0,0,0,0,0,34,73,57,55,88,47,85,0,0,0,0,0,0,0,0,Bacteria,Proteobacteria,Gammaproteobacteria,Enterobacterales,Enterobacteriaceae,f_Enterobacteriaceae,NA
119,ZOTU96,0,0,0,0,0,0,0,0,0,0,0,0,0,0,0,0,0,0,0,0,0,0,16,0,0,0,0,0,0,0,0,0,0,0,0,0,0,0,0,0,0,0,3,0,0,0,0,0,0,0,0,0,0,0,5,0,0,0,0,0,0,2,0,0,0,0,0,1,0,0,0,0,0,0,0,15,0,0,0,Bacteria,Proteobacteria,Alphaproteobacteria,Rhizobiales,Xanthobacteraceae,Bradyrhizobium,NA
120,ZOTU97,0,0,0,0,0,0,0,0,0,3,0,0,0,0,0,0,0,0,0,2,0,0,6,2,0,0,0,0,0,0,0,2,0,0,0,0,0,0,0,0,0,0,0,0,0,0,0,0,0,0,0,0,1,0,0,0,0,0,0,0,0,0,0,0,0,0,0,0,0,0,0,0,0,0,0,0,11,0,0,Bacteria,Proteobacteria,Gammaproteobacteria,Xanthomonadales,Xanthomonadaceae,Stenotrophomonas,NA
121,ZOTU98,0,0,0,0,0,0,0,0,0,0,0,0,0,0,22,0,0,0,0,0,0,0,0,0,0,0,0,0,0,0,0,0,0,0,0,0,0,0,0,0,0,0,0,0,0,0,0,0,0,0,0,0,0,0,0,0,0,0,0,0,0,0,0,0,0,0,0,0,0,0,0,0,0,0,0,0,0,0,0,Bacteria,Proteobacteria,Gammaproteobacteria,Burkholderiales,Oxalobacteraceae,Janthinobacterium,NA
122,ZOTU99,0,0,0,14,0,0,0,0,0,0,0,0,0,0,0,0,0,0,0,0,0,0,0,0,0,0,0,0,0,0,0,0,0,0,0,0,0,0,0,0,0,0,0,0,0,0,0,0,0,0,0,0,0,0,0,0,0,0,1,0,0,0,0,0,0,0,0,0,0,0,0,0,0,0,0,0,0,0,0,Bacteria,Proteobacteria,Gammaproteobacteria,Pseudomonadales,Pseudomonadaceae,Pseudomonas,NA