"","OTUID","Occ.bio.nc.unfil","Domain","Phyllum","Class","Order","Family","Genus","Species","Family.ed","Genus.ed"
"165","GAOK01049512.6271.8188",1,"Bacteria","Cyanobacteria","Oxyphotobacteria","Chloroplast","Cercis gigantea","Cercis gigantea","Cercis gigantea","Chloroplast","Chloroplast"
"353","MAMN01000047.249174.251307",0.985915492957746,"Bacteria","Proteobacteria","Alphaproteobacteria","Rickettsiales","Mitochondria",NA,NA,"Mitochondria","Mitochondria"
"175","GDAX01048398.486.2474",0.957746478873239,"Bacteria","Cyanobacteria","Oxyphotobacteria","Chloroplast",NA,NA,NA,"Chloroplast","Chloroplast"
"53","CCPS01000022.154.1916",0.943661971830986,"Bacteria","Proteobacteria","Gammaproteobacteria","Enterobacteriales","Enterobacteriaceae","Escherichia-Shigella","Escherichia coli","Enterobacteriaceae","Escherichia-Shigella"
"172","GCVR01032299.115.1608",0.943661971830986,"Bacteria","Cyanobacteria","Oxyphotobacteria","Chloroplast",NA,NA,NA,"Chloroplast","Chloroplast"
"212","HO793511.1.1233",0.943661971830986,"Bacteria","Cyanobacteria","Oxyphotobacteria","Chloroplast",NA,NA,NA,"Chloroplast","Chloroplast"
"44","BABK02029359.1608.3968",0.929577464788732,"Bacteria","Proteobacteria","Alphaproteobacteria","Rickettsiales","Mitochondria",NA,NA,"Mitochondria","Mitochondria"
"173","GDAH01000844.40.1969",0.929577464788732,"Bacteria","Proteobacteria","Alphaproteobacteria","Rickettsiales","Mitochondria",NA,NA,"Mitochondria","Mitochondria"
"189","GQ495441.1.1492",0.929577464788732,"Bacteria","Cyanobacteria","Oxyphotobacteria","Chloroplast",NA,NA,NA,"Chloroplast","Chloroplast"
"211","HO777920.18.1354",0.929577464788732,"Bacteria","Cyanobacteria","Oxyphotobacteria","Chloroplast","Phaseolus acutifolius (tepary bean)","Phaseolus acutifolius (tepary bean)","Phaseolus acutifolius (tepary bean)","Chloroplast","Chloroplast"
"171","GCKC01172251.105.1539",0.901408450704225,"Bacteria","Proteobacteria","Alphaproteobacteria","Rickettsiales","Mitochondria","Gleditsia sinensis","Gleditsia sinensis","Mitochondria","Mitochondria"
"176","GEFP01046751.99.1466",0.901408450704225,"Bacteria","Proteobacteria","Alphaproteobacteria","Rickettsiales","Mitochondria","Arachis hypogaea (peanut)","Arachis hypogaea (peanut)","Mitochondria","Mitochondria"
"180","GEUY01004424.1.1233",0.901408450704225,"Bacteria","Cyanobacteria","Oxyphotobacteria","Chloroplast",NA,NA,NA,"Chloroplast","Chloroplast"
"174","GDAH01000892.378.1918",0.887323943661972,"Bacteria","Proteobacteria","Alphaproteobacteria","Rickettsiales","Mitochondria",NA,NA,"Mitochondria","Mitochondria"
"265","KC554503.1.1517",0.887323943661972,"Bacteria","Actinobacteria","Actinobacteria","Streptomycetales","Streptomycetaceae","Streptomyces",NA,"Streptomycetaceae","Streptomyces"
"313","KU310670.382095.384029",0.887323943661972,"Bacteria","Proteobacteria","Alphaproteobacteria","Rickettsiales","Mitochondria",NA,NA,"Mitochondria","Mitochondria"
"210","HO777250.1592.3082",0.873239436619718,"Bacteria","Proteobacteria","Alphaproteobacteria","Rickettsiales","Mitochondria","Phaseolus acutifolius (tepary bean)","Phaseolus acutifolius (tepary bean)","Mitochondria","Mitochondria"
"34","AY357215.644.2502",0.830985915492958,"Bacteria","Proteobacteria","Alphaproteobacteria","Rickettsiales","Mitochondria",NA,NA,"Mitochondria","Mitochondria"
"332","KY646001.1.1573",0.788732394366197,"Bacteria","Firmicutes","Bacilli","Bacillales","Bacillaceae","Bacillus",NA,"Bacillaceae","Bacillus"
"27","AMWY02006532.103.2040",0.774647887323944,"Bacteria","Proteobacteria","Alphaproteobacteria","Rickettsiales","Mitochondria",NA,NA,"Mitochondria","Mitochondria"
"63","CP018779.372609.374112",0.774647887323944,"Bacteria","Proteobacteria","Alphaproteobacteria","Rhizobiales","Rhizobiaceae","Ochrobactrum",NA,"Rhizobiaceae","Ochrobactrum"
"274","KF386162.398325.400260",0.71830985915493,"Bacteria","Proteobacteria","Alphaproteobacteria","Rickettsiales","Mitochondria",NA,NA,"Mitochondria","Mitochondria"
"276","KF625186.1.1741",0.647887323943662,"Bacteria","Proteobacteria","Gammaproteobacteria","Enterobacteriales","Enterobacteriaceae","Raoultella","Raoultella ornithinolytica","Enterobacteriaceae","Raoultella"
"279","KF843326.1.1368",0.647887323943662,"Bacteria","Cyanobacteria","Oxyphotobacteria","Chloroplast","uncultured bacterium","uncultured bacterium","uncultured bacterium","Chloroplast","Chloroplast"
"88","EF528273.1.1512",0.591549295774648,"Bacteria","Firmicutes","Bacilli","Bacillales","Bacillaceae","Bacillus",NA,"Bacillaceae","Bacillus"
"80","EF101305.1.1542",0.535211267605634,"Bacteria","Proteobacteria","Gammaproteobacteria","Pseudomonadales","Pseudomonadaceae","Pseudomonas",NA,"Pseudomonadaceae","Pseudomonas"
"168","GBHK01015628.2.1871",0.507042253521127,"Bacteria","Proteobacteria","Alphaproteobacteria","Rickettsiales","Mitochondria",NA,NA,"Mitochondria","Mitochondria"
"284","KJ161326.1.1708",0.47887323943662,"Bacteria","Proteobacteria","Gammaproteobacteria","Pseudomonadales","Pseudomonadaceae","Pseudomonas",NA,"Pseudomonadaceae","Pseudomonas"
"350","LT592136.1.1584",0.464788732394366,"Bacteria","Cyanobacteria","Oxyphotobacteria","Chloroplast","uncultured prokaryote","uncultured prokaryote","uncultured prokaryote","Chloroplast","Chloroplast"
"198","HAEP01038523.44.1571",0.450704225352113,"Bacteria","Proteobacteria","Gammaproteobacteria","Betaproteobacteriales","Burkholderiaceae",NA,NA,"Burkholderiaceae","f_Burkholderiaceae"
"188","GQ483458.1.1495",0.408450704225352,"Bacteria","Proteobacteria","Alphaproteobacteria","Rhizobiales","Rhizobiaceae","Allorhizobium-Neorhizobium-Pararhizobium-Rhizobium",NA,"Rhizobiaceae","Allorhizobium-Neorhizobium-Pararhizobium-Rhizobium"
"73","DQ298777.1.1540",0.380281690140845,"Bacteria","Proteobacteria","Gammaproteobacteria","Xanthomonadales","Xanthomonadaceae","Stenotrophomonas",NA,"Xanthomonadaceae","Stenotrophomonas"
"130","FPID01000096.6.1486",0.366197183098592,"Bacteria","Proteobacteria","Gammaproteobacteria","Pseudomonadales","Pseudomonadaceae","Pseudomonas","metagenome","Pseudomonadaceae","Pseudomonas"
"299","KR026982.1.1447",0.366197183098592,"Bacteria","Proteobacteria","Gammaproteobacteria","Pseudomonadales","Pseudomonadaceae","Pseudomonas",NA,"Pseudomonadaceae","Pseudomonas"
"339","LAVU01000228.149.1665",0.366197183098592,"Bacteria","Actinobacteria","Actinobacteria","Micrococcales","Micrococcaceae",NA,NA,"Micrococcaceae","f_Micrococcaceae"
"178","GEOZ01011695.30.1942",0.309859154929577,"Bacteria","Cyanobacteria","Oxyphotobacteria","Chloroplast","Millettia pinnata","Millettia pinnata","Millettia pinnata","Chloroplast","Chloroplast"
"87","EF517956.1.1666",0.28169014084507,"Bacteria","Proteobacteria","Gammaproteobacteria","Pseudomonadales","Moraxellaceae","Acinetobacter","Acinetobacter sp. IGCAR-9/07","Moraxellaceae","Acinetobacter"
"167","GBEF01033122.3018.4495",0.28169014084507,"Bacteria","Cyanobacteria","Oxyphotobacteria","Chloroplast",NA,NA,NA,"Chloroplast","Chloroplast"
"247","JQ894900.1.1514",0.253521126760563,"Bacteria","Proteobacteria","Gammaproteobacteria","Pseudomonadales","Pseudomonadaceae","Pseudomonas",NA,"Pseudomonadaceae","Pseudomonas"
"68","CTEN01000001.315310.316856",0.23943661971831,"Bacteria","Firmicutes","Bacilli","Lactobacillales","Streptococcaceae","Streptococcus",NA,"Streptococcaceae","Streptococcus"
"35","AY491594.1.1631",0.225352112676056,"Bacteria","Proteobacteria","Gammaproteobacteria","Betaproteobacteriales","Burkholderiaceae","uncultured",NA,"Burkholderiaceae","uncultured"
"1","AB252903.1.1522",0.211267605633803,"Bacteria","Proteobacteria","Gammaproteobacteria","Betaproteobacteriales","Burkholderiaceae","Delftia",NA,"Burkholderiaceae","Delftia"
"214","HQ121200.1.1459",0.211267605633803,"Bacteria","Proteobacteria","Alphaproteobacteria","Caulobacterales","Caulobacteraceae",NA,NA,"Caulobacteraceae","f_Caulobacteraceae"
"161","FR746074.1.1400",0.197183098591549,"Bacteria","Proteobacteria","Gammaproteobacteria","Pseudomonadales","Pseudomonadaceae","Pseudomonas",NA,"Pseudomonadaceae","Pseudomonas"
"334","KY711182.1.1549",0.183098591549296,"Bacteria","Proteobacteria","Gammaproteobacteria","Pseudomonadales","Pseudomonadaceae","Pseudomonas",NA,"Pseudomonadaceae","Pseudomonas"
"202","HE965803.1704687.1706220",0.169014084507042,"Bacteria","Proteobacteria","Gammaproteobacteria","Betaproteobacteriales","Burkholderiaceae",NA,NA,"Burkholderiaceae","f_Burkholderiaceae"
"217","HQ455824.1.1542",0.169014084507042,"Bacteria","Proteobacteria","Gammaproteobacteria","Enterobacteriales","Enterobacteriaceae","Pantoea",NA,"Enterobacteriaceae","Pantoea"
"351","LT605585.1090822.1092349",0.169014084507042,"Bacteria","Proteobacteria","Alphaproteobacteria","Rhizobiales","Rhizobiaceae","Brucella",NA,"Rhizobiaceae","Brucella"
"227","JN082536.1.1536",0.154929577464789,"Bacteria","Proteobacteria","Gammaproteobacteria","Pseudomonadales","Moraxellaceae","Acinetobacter",NA,"Moraxellaceae","Acinetobacter"
"59","CP011077.121006.122560",0.140845070422535,"Bacteria","Proteobacteria","Gammaproteobacteria","Enterobacteriales","Enterobacteriaceae",NA,NA,"Enterobacteriaceae","f_Enterobacteriaceae"
"203","HF570082.1.1509",0.140845070422535,"Bacteria","Proteobacteria","Alphaproteobacteria","Rhizobiales","Beijerinckiaceae","Methylobacterium",NA,"Beijerinckiaceae","Methylobacterium"
"342","LKHO01000001.198.1803",0.140845070422535,"Bacteria","Firmicutes","Bacilli","Bacillales","Listeriaceae","Listeria","Listeria monocytogenes","Listeriaceae","Listeria"
"13","ABRA01002618.192.1704",0.126760563380282,"Bacteria","Proteobacteria","Alphaproteobacteria","Rhizobiales","Rhizobiaceae","Allorhizobium-Neorhizobium-Pararhizobium-Rhizobium",NA,"Rhizobiaceae","Allorhizobium-Neorhizobium-Pararhizobium-Rhizobium"
"19","AF284578.1.1549",0.126760563380282,"Bacteria","Firmicutes","Bacilli","Lactobacillales","Streptococcaceae","Streptococcus",NA,"Streptococcaceae","Streptococcus"
"20","AGCT01052662.3515.5439",0.126760563380282,"Bacteria","Proteobacteria","Alphaproteobacteria","Rickettsiales","Mitochondria",NA,NA,"Mitochondria","Mitochondria"
"107","FJ184334.1.1511",0.126760563380282,"Bacteria","Proteobacteria","Gammaproteobacteria","Xanthomonadales","Xanthomonadaceae","Stenotrophomonas",NA,"Xanthomonadaceae","Stenotrophomonas"
"220","HQ682006.1.1451",0.126760563380282,"Bacteria","Proteobacteria","Alphaproteobacteria","Caulobacterales","Caulobacteraceae","Brevundimonas","uncultured bacterium","Caulobacteraceae","Brevundimonas"
"250","JRJC01000023.11.1813",0.126760563380282,"Bacteria","Proteobacteria","Gammaproteobacteria","Enterobacteriales","Enterobacteriaceae","Enterobacter",NA,"Enterobacteriaceae","Enterobacter"
"283","KJ013374.1.1531",0.126760563380282,"Bacteria","Actinobacteria","Actinobacteria","Streptomycetales","Streptomycetaceae","Streptomyces",NA,"Streptomycetaceae","Streptomyces"
"321","KX279643.1.1537",0.126760563380282,"Bacteria","Actinobacteria","Actinobacteria","Streptomycetales","Streptomycetaceae","Streptomyces",NA,"Streptomycetaceae","Streptomyces"
"23","AJ429238.1.1465",0.112676056338028,"Bacteria","Proteobacteria","Alphaproteobacteria","Sphingomonadales","Sphingomonadaceae","Sphingomonas",NA,"Sphingomonadaceae","Sphingomonas"
"204","HG780372.1.1269",0.112676056338028,"Bacteria","Proteobacteria","Gammaproteobacteria","Pseudomonadales","Pseudomonadaceae","Pseudomonas","Pseudomonas stutzeri","Pseudomonadaceae","Pseudomonas"
"288","KM105816.1.1391",0.112676056338028,"Bacteria","Proteobacteria","Gammaproteobacteria","Enterobacteriales","Enterobacteriaceae","Escherichia-Shigella",NA,"Enterobacteriaceae","Escherichia-Shigella"
"69","CVJT01000011.50.2173",0.0985915492957746,"Bacteria","Firmicutes","Bacilli","Bacillales","Staphylococcaceae","Staphylococcus","Staphylococcus aureus","Staphylococcaceae","Staphylococcus"
"181","GEXO01005455.1.1513",0.0985915492957746,"Bacteria","Proteobacteria","Gammaproteobacteria","Enterobacteriales","Enterobacteriaceae","Escherichia-Shigella","Malaclemys terrapin terrapin","Enterobacteriaceae","Escherichia-Shigella"
"251","JUOP01000215.81.1657",0.0985915492957746,"Bacteria","Firmicutes","Bacilli","Lactobacillales","Enterococcaceae","Enterococcus","Enterococcus faecalis","Enterococcaceae","Enterococcus"
"269","KF026285.1.1556",0.0985915492957746,"Bacteria","Proteobacteria","Gammaproteobacteria","Pseudomonadales","Pseudomonadaceae","Pseudomonas","Pseudomonas aeruginosa","Pseudomonadaceae","Pseudomonas"
"336","KY777463.1.1542",0.0985915492957746,"Bacteria","Actinobacteria","Actinobacteria","Micrococcales","Micrococcaceae","Micrococcus","Micrococcus luteus","Micrococcaceae","Micrococcus"
"4","AB362767.1.1576",0.0845070422535211,"Bacteria","Firmicutes","Bacilli","Lactobacillales","Lactobacillaceae","Lactobacillus","Lactobacillus fermentum","Lactobacillaceae","Lactobacillus"
"32","AY030334.1.1514",0.0845070422535211,"Bacteria","Firmicutes","Bacilli","Bacillales","Bacillaceae","Bacillus",NA,"Bacillaceae","Bacillus"
"38","AY773134.1.1507",0.0845070422535211,"Bacteria","Proteobacteria","Gammaproteobacteria","Betaproteobacteriales","Burkholderiaceae","Comamonas",NA,"Burkholderiaceae","Comamonas"
"52","CATO01000049.63.1649",0.0845070422535211,"Bacteria","Proteobacteria","Gammaproteobacteria","Enterobacteriales","Enterobacteriaceae","Salmonella",NA,"Enterobacteriaceae","Salmonella"
"83","EF364387.1.1474",0.0845070422535211,"Bacteria","Proteobacteria","Alphaproteobacteria","Rhizobiales","Beijerinckiaceae","Bosea",NA,"Beijerinckiaceae","Bosea"
"93","EU196762.1.1499",0.0845070422535211,"Bacteria","Actinobacteria","Actinobacteria","Streptomycetales","Streptomycetaceae","Streptomyces",NA,"Streptomycetaceae","Streptomyces"
"157","FPLS01033822.31.1498",0.0845070422535211,"Bacteria","Proteobacteria","Alphaproteobacteria","Rhizobiales","Rhizobiaceae",NA,NA,"Rhizobiaceae","f_Rhizobiaceae"
"164","GAJR01016305.1169.2580",0.0845070422535211,"Bacteria","Cyanobacteria","Oxyphotobacteria","Chloroplast",NA,NA,NA,"Chloroplast","Chloroplast"
"234","JN695913.1.1530",0.0845070422535211,"Bacteria","Proteobacteria","Alphaproteobacteria","Rhizobiales","Beijerinckiaceae","Methylobacterium","Methylobacterium radiotolerans","Beijerinckiaceae","Methylobacterium"
"241","JOGX01000016.105867.107365",0.0845070422535211,"Bacteria","Actinobacteria","Actinobacteria","Streptomycetales","Streptomycetaceae","Streptomyces",NA,"Streptomycetaceae","Streptomyces"
"11","AB696297.1.1439",0.0704225352112676,"Bacteria","Proteobacteria","Gammaproteobacteria","Enterobacteriales","Enterobacteriaceae","Escherichia-Shigella","uncultured bacterium","Enterobacteriaceae","Escherichia-Shigella"
"29","AOKA01000137.3650.5241",0.0704225352112676,"Bacteria","Proteobacteria","Gammaproteobacteria","Pseudomonadales","Pseudomonadaceae","Pseudomonas",NA,"Pseudomonadaceae","Pseudomonas"
"48","BBPC01190614.7148.8812",0.0704225352112676,"Bacteria","Proteobacteria","Gammaproteobacteria","Pseudomonadales","Pseudomonadaceae","Pseudomonas",NA,"Pseudomonadaceae","Pseudomonas"
"79","EF064168.1.1513",0.0704225352112676,"Bacteria","Proteobacteria","Gammaproteobacteria","Betaproteobacteriales","Burkholderiaceae","Aquabacterium","uncultured bacterium","Burkholderiaceae","Aquabacterium"
"147","FPLS01006697.30.1498",0.0704225352112676,"Bacteria","Proteobacteria","Alphaproteobacteria","Rhizobiales","Xanthobacteraceae","Bradyrhizobium",NA,"Xanthobacteraceae","Bradyrhizobium"
"295","KP096372.1.1487",0.0704225352112676,"Bacteria","Firmicutes","Bacilli","Bacillales","Bacillaceae","Bacillus","Bacillus subtilis","Bacillaceae","Bacillus"
"296","KP232906.1.1565",0.0704225352112676,"Bacteria","Firmicutes","Bacilli","Bacillales","Bacillaceae","Bacillus",NA,"Bacillaceae","Bacillus"
"302","KR088380.1.1569",0.0704225352112676,"Bacteria","Proteobacteria","Gammaproteobacteria","Aeromonadales","Aeromonadaceae","Aeromonas","Aeromonas salmonicida","Aeromonadaceae","Aeromonas"
"340","LGUW01000207.343.1894",0.0704225352112676,"Bacteria","Actinobacteria","Actinobacteria","Streptomycetales","Streptomycetaceae","Streptomyces",NA,"Streptomycetaceae","Streptomyces"
"71","DQ234192.1.1572",0.0563380281690141,"Bacteria","Proteobacteria","Gammaproteobacteria","Pseudomonadales","Pseudomonadaceae","Pseudomonas",NA,"Pseudomonadaceae","Pseudomonas"
"100","EU771744.1.1413",0.0563380281690141,"Bacteria","Proteobacteria","Gammaproteobacteria","Enterobacteriales","Enterobacteriaceae","Escherichia-Shigella","uncultured bacterium","Enterobacteriaceae","Escherichia-Shigella"
"163","FWXU01000054.357.1845",0.0563380281690141,"Bacteria","Proteobacteria","Alphaproteobacteria","Rhizobiales","Rhizobiaceae","Allorhizobium-Neorhizobium-Pararhizobium-Rhizobium",NA,"Rhizobiaceae","Allorhizobium-Neorhizobium-Pararhizobium-Rhizobium"
"166","GAYR01026362.62.2014",0.0563380281690141,"Bacteria","Proteobacteria","Alphaproteobacteria","Rickettsiales","Mitochondria","Solanum melongena (eggplant)","Solanum melongena (eggplant)","Mitochondria","Mitochondria"
"213","HQ121087.1.1522",0.0563380281690141,"Bacteria","Proteobacteria","Gammaproteobacteria","Betaproteobacteriales","Burkholderiaceae",NA,NA,"Burkholderiaceae","f_Burkholderiaceae"
"237","JN868813.1.1537",0.0563380281690141,"Bacteria","Proteobacteria","Gammaproteobacteria","Xanthomonadales","Xanthomonadaceae","Stenotrophomonas",NA,"Xanthomonadaceae","Stenotrophomonas"
"242","JQ516481.1.1429",0.0563380281690141,"Bacteria","Proteobacteria","Gammaproteobacteria","Enterobacteriales","Enterobacteriaceae","Escherichia-Shigella",NA,"Enterobacteriaceae","Escherichia-Shigella"
"248","JQ975872.1.1501",0.0563380281690141,"Bacteria","Proteobacteria","Gammaproteobacteria","Xanthomonadales","Xanthomonadaceae","Stenotrophomonas","uncultured bacterium","Xanthomonadaceae","Stenotrophomonas"
"255","JX898179.1.1548",0.0563380281690141,"Bacteria","Acidobacteria","Subgroup 6","uncultured Acidobacteria bacterium","uncultured Acidobacteria bacterium","uncultured Acidobacteria bacterium","uncultured Acidobacteria bacterium","uncultured Acidobacteria bacterium","uncultured Acidobacteria bacterium"
"261","KC541303.1.1536",0.0563380281690141,"Bacteria","Proteobacteria","Gammaproteobacteria","Betaproteobacteriales","Burkholderiaceae","Polaromonas","uncultured bacterium","Burkholderiaceae","Polaromonas"
"266","KC620696.1.1489",0.0563380281690141,"Bacteria","Proteobacteria","Alphaproteobacteria","Rhizobiales","Beijerinckiaceae","Methylobacterium","uncultured bacterium","Beijerinckiaceae","Methylobacterium"
"278","KF843170.1.1368",0.0563380281690141,"Bacteria","Proteobacteria","Gammaproteobacteria","Enterobacteriales","Enterobacteriaceae","Escherichia-Shigella","uncultured bacterium","Enterobacteriaceae","Escherichia-Shigella"
"290","KM232740.1.1520",0.0563380281690141,"Bacteria","Bacteroidetes","Bacteroidia","Flavobacteriales","Flavobacteriaceae","Flavobacterium","uncultured bacterium","Flavobacteriaceae","Flavobacterium"
"297","KP717091.1.1227",0.0563380281690141,"Bacteria","Proteobacteria","Gammaproteobacteria","Pseudomonadales","Moraxellaceae","Acinetobacter",NA,"Moraxellaceae","Acinetobacter"
"345","LNNI01000005.225118.226745",0.0563380281690141,"Bacteria","Proteobacteria","Gammaproteobacteria","Pseudomonadales","Pseudomonadaceae","Pseudomonas",NA,"Pseudomonadaceae","Pseudomonas"
"15","ADHG01000001.652476.654027",0.0422535211267606,"Bacteria","Firmicutes","Bacilli","Lactobacillales","Lactobacillaceae","Lactobacillus","uncultured bacterium","Lactobacillaceae","Lactobacillus"
"30","APQB01000020.493579.495105",0.0422535211267606,"Bacteria","Proteobacteria","Gammaproteobacteria","Pseudomonadales","Moraxellaceae","Acinetobacter",NA,"Moraxellaceae","Acinetobacter"
"43","AYZN01000032.115.1658",0.0422535211267606,"Bacteria","Firmicutes","Bacilli","Lactobacillales","Lactobacillaceae","Lactobacillus","uncultured bacterium","Lactobacillaceae","Lactobacillus"
"57","CP007799.5360909.5362333",0.0422535211267606,"Bacteria","Proteobacteria","Gammaproteobacteria","Enterobacteriales","Enterobacteriaceae","Escherichia-Shigella",NA,"Enterobacteriaceae","Escherichia-Shigella"
"70","DQ071483.1.1508",0.0422535211267606,"Bacteria","Proteobacteria","Gammaproteobacteria","Enterobacteriales","Enterobacteriaceae","Escherichia-Shigella",NA,"Enterobacteriaceae","Escherichia-Shigella"
"86","EF517948.1.1687",0.0422535211267606,"Bacteria","Firmicutes","Bacilli","Bacillales","Bacillaceae","Bacillus",NA,"Bacillaceae","Bacillus"
"120","FJ901047.1.1308",0.0422535211267606,"Bacteria","Proteobacteria","Gammaproteobacteria","Pseudomonadales","Pseudomonadaceae","Pseudomonas","uncultured bacterium","Pseudomonadaceae","Pseudomonas"
"121","FJ957467.1.1521",0.0422535211267606,"Bacteria","Firmicutes","Bacilli","Bacillales","Staphylococcaceae","Staphylococcus",NA,"Staphylococcaceae","Staphylococcus"
"126","FN430384.1.1490",0.0422535211267606,"Bacteria","Firmicutes","Bacilli","Bacillales","Bacillaceae","Bacillus","Bacillus cereus","Bacillaceae","Bacillus"
"179","GEUY01000836.1.1611",0.0422535211267606,"Bacteria","Proteobacteria","Gammaproteobacteria","Betaproteobacteriales","Burkholderiaceae","Rhizobacter","uncultured bacterium","Burkholderiaceae","Rhizobacter"
"187","GQ451285.1.1488",0.0422535211267606,"Bacteria","Bacteroidetes","Bacteroidia","Sphingobacteriales","Sphingobacteriaceae","Pedobacter",NA,"Sphingobacteriaceae","Pedobacter"
"191","GQ853416.1.1513",0.0422535211267606,"Bacteria","Proteobacteria","Gammaproteobacteria","Enterobacteriales","Enterobacteriaceae","Pantoea",NA,"Enterobacteriaceae","Pantoea"
"225","JF808983.1.1512",0.0422535211267606,"Bacteria","Proteobacteria","Gammaproteobacteria","Betaproteobacteriales","Burkholderiaceae","Mitsuaria",NA,"Burkholderiaceae","Mitsuaria"
"238","JN868839.1.1481",0.0422535211267606,"Bacteria","Proteobacteria","Alphaproteobacteria","Caulobacterales","Caulobacteraceae","Brevundimonas",NA,"Caulobacteraceae","Brevundimonas"
"239","JN868968.1.1503",0.0422535211267606,"Bacteria","Proteobacteria","Alphaproteobacteria","Rhizobiales","Rhizobiaceae","Allorhizobium-Neorhizobium-Pararhizobium-Rhizobium","uncultured bacterium","Rhizobiaceae","Allorhizobium-Neorhizobium-Pararhizobium-Rhizobium"
"257","KC171995.1.1449",0.0422535211267606,"Bacteria","Firmicutes","Bacilli","Bacillales","Bacillaceae","Bacillus",NA,"Bacillaceae","Bacillus"
"262","KC554087.1.1566",0.0422535211267606,"Bacteria","Actinobacteria","Actinobacteria","Pseudonocardiales","Pseudonocardiaceae","Pseudonocardia","uncultured bacterium","Pseudonocardiaceae","Pseudonocardia"
"285","KJ548930.1.1501",0.0422535211267606,"Bacteria","Proteobacteria","Gammaproteobacteria","Pseudomonadales","Moraxellaceae","Acinetobacter","uncultured bacterium","Moraxellaceae","Acinetobacter"
"320","KX146486.1.1489",0.0422535211267606,"Bacteria","Bacteroidetes","Bacteroidia","Chitinophagales","Chitinophagaceae","Arachidicoccus",NA,"Chitinophagaceae","Arachidicoccus"
"343","LMOH01000001.656692.658176",0.0422535211267606,"Bacteria","Proteobacteria","Alphaproteobacteria","Rhizobiales","Rhizobiaceae","Aureimonas",NA,"Rhizobiaceae","Aureimonas"
"5","AB365066.1.1533",0.028169014084507,"Bacteria","Proteobacteria","Gammaproteobacteria","Pseudomonadales","Moraxellaceae","Acinetobacter","uncultured bacterium","Moraxellaceae","Acinetobacter"
"16","AF025370.1.1525",0.028169014084507,"Bacteria","Proteobacteria","Gammaproteobacteria","Enterobacteriales","Enterobacteriaceae","Escherichia-Shigella",NA,"Enterobacteriaceae","Escherichia-Shigella"
"36","AY491606.1.1607",0.028169014084507,"Bacteria","Proteobacteria","Gammaproteobacteria","Betaproteobacteriales","Burkholderiaceae","uncultured","uncultured bacterium","Burkholderiaceae","f_Burkholderiaceae"
"40","AY923146.1.1555",0.028169014084507,"Bacteria","Firmicutes","Bacilli","Lactobacillales","Carnobacteriaceae","Granulicatella",NA,"Carnobacteriaceae","Granulicatella"
"45","BAYE01000050.208.1722",0.028169014084507,"Bacteria","Proteobacteria","Gammaproteobacteria","Betaproteobacteriales","Burkholderiaceae","Burkholderia-Caballeronia-Paraburkholderia",NA,"Burkholderiaceae","Burkholderia-Caballeronia-Paraburkholderia"
"55","CP002568.631832.633307",0.028169014084507,"Bacteria","Proteobacteria","Alphaproteobacteria","Rhizobiales","Stappiaceae",NA,NA,"Stappiaceae","f_Stappiaceae"
"56","CP006941.13451.15024",0.028169014084507,"Bacteria","Firmicutes","Bacilli","Bacillales","Paenibacillaceae","Paenibacillus",NA,"Paenibacillaceae","Paenibacillus"
"64","CP019158.175094.176630",0.028169014084507,"Bacteria","Bacteroidetes","Bacteroidia","Sphingobacteriales","Sphingobacteriaceae","Sphingobacterium",NA,"Sphingobacteriaceae","Sphingobacterium"
"67","CRKN01000054.4139.5702",0.028169014084507,"Bacteria","Firmicutes","Bacilli","Lactobacillales","Streptococcaceae","Streptococcus","Streptococcus pneumoniae","Streptococcaceae","Streptococcus"
"77","DQ819169.1.1447",0.028169014084507,"Bacteria","Proteobacteria","Gammaproteobacteria","Enterobacteriales","Enterobacteriaceae","Escherichia-Shigella","uncultured bacterium","Enterobacteriaceae","Escherichia-Shigella"
"90","EU132775.1.1340",0.028169014084507,"Bacteria","Actinobacteria","Thermoleophilia","Solirubrobacterales","Solirubrobacteraceae","Solirubrobacter","uncultured bacterium","Solirubrobacteraceae","Solirubrobacter"
"99","EU771597.1.1411",0.028169014084507,"Bacteria","Proteobacteria","Gammaproteobacteria","Enterobacteriales","Enterobacteriaceae","Escherichia-Shigella","uncultured bacterium","Enterobacteriaceae","Escherichia-Shigella"
"104","EU834246.1.1456",0.028169014084507,"Bacteria","Proteobacteria","Gammaproteobacteria","Xanthomonadales","Xanthomonadaceae","Stenotrophomonas",NA,"Xanthomonadaceae","Stenotrophomonas"
"111","FJ439860.1.1500",0.028169014084507,"Bacteria","Proteobacteria","Alphaproteobacteria","Rhizobiales","Xanthobacteraceae","Bradyrhizobium","uncultured bacterium","Xanthobacteraceae","Bradyrhizobium"
"125","FN421556.1.1367",0.028169014084507,"Bacteria","Proteobacteria","Alphaproteobacteria","Sphingomonadales","Sphingomonadaceae","Sphingomonas",NA,"Sphingomonadaceae","Sphingomonas"
"131","FPLK01000415.18.1468",0.028169014084507,"Bacteria","Proteobacteria","Alphaproteobacteria","Rhodobacterales","Rhodobacteraceae","Rhodobacter",NA,"Rhodobacteraceae","Rhodobacter"
"137","FPLL01008779.14.1515",0.028169014084507,"Bacteria","Bacteroidetes","Bacteroidia","Sphingobacteriales","Sphingobacteriaceae","uncultured",NA,"Sphingobacteriaceae","f_Sphingobacteriaceae"
"141","FPLN01008255.16.1537",0.028169014084507,"Bacteria","Proteobacteria","Gammaproteobacteria","Enterobacteriales","Enterobacteriaceae","Escherichia-Shigella","metagenome","Enterobacteriaceae","Escherichia-Shigella"
"143","FPLP01004968.7.1504",0.028169014084507,"Bacteria","Actinobacteria","Actinobacteria","Propionibacteriales","Nocardioidaceae","Nocardioides",NA,"Nocardioidaceae","Nocardioides"
"145","FPLS01000908.14.1501",0.028169014084507,"Bacteria","Bacteroidetes","Bacteroidia","Cytophagales","Spirosomaceae","Dyadobacter","metagenome","Spirosomaceae","Dyadobacter"
"159","FPLS01042637.11.1526",0.028169014084507,"Bacteria","Proteobacteria","Gammaproteobacteria","Betaproteobacteriales","Burkholderiaceae","Curvibacter",NA,"Burkholderiaceae","Curvibacter"
"170","GBTV01025760.129.1889",0.028169014084507,"Bacteria","Cyanobacteria","Oxyphotobacteria","Chloroplast","Azolla filiculoides","Azolla filiculoides","Azolla filiculoides","Azolla filiculoides","Chloroplast"
"200","HAFQ01034884.73.1567",0.028169014084507,"Bacteria","Proteobacteria","Gammaproteobacteria","Pseudomonadales","Pseudomonadaceae","Pseudomonas","Spumella sp. AR4D6","Pseudomonadaceae","Pseudomonas"
"207","HK555632.10.1532",0.028169014084507,"Bacteria","Actinobacteria","Actinobacteria","Bifidobacteriales","Bifidobacteriaceae","Bifidobacterium",NA,"Bifidobacteriaceae","Bifidobacterium"
"208","HK555801.1.1387",0.028169014084507,"Bacteria","Proteobacteria","Gammaproteobacteria","Enterobacteriales","Enterobacteriaceae",NA,NA,"Enterobacteriaceae","f_Enterobacteriaceae"
"216","HQ218547.1.1480",0.028169014084507,"Bacteria","Proteobacteria","Alphaproteobacteria","Rhizobiales","Kaistiaceae","Kaistia","uncultured bacterium","Kaistiaceae","Kaistia"
"228","JN178192.1.1482",0.028169014084507,"Bacteria","Proteobacteria","Alphaproteobacteria","Rhizobiales","Hyphomicrobiaceae","Hyphomicrobium","uncultured bacterium","Hyphomicrobiaceae","Hyphomicrobium"
"244","JQ740188.1.1388",0.028169014084507,"Bacteria","Proteobacteria","Alphaproteobacteria","Rhizobiales","Rhizobiaceae","Allorhizobium-Neorhizobium-Pararhizobium-Rhizobium","Rhizobium etli","Rhizobiaceae","Allorhizobium-Neorhizobium-Pararhizobium-Rhizobium"
"253","JX437066.1.1490",0.028169014084507,"Bacteria","Firmicutes","Bacilli","Bacillales","Bacillaceae","Bacillus","Bacillus pumilus","Bacillaceae","Bacillus"
"263","KC554190.1.1550",0.028169014084507,"Bacteria","Actinobacteria","Actinobacteria","Propionibacteriales","Nocardioidaceae","Nocardioides","uncultured bacterium","Nocardioidaceae","Nocardioides"
"267","KC683027.1.1557",0.028169014084507,"Bacteria","Firmicutes","Bacilli","Lactobacillales","Carnobacteriaceae","Trichococcus","Trichococcus collinsii","Carnobacteriaceae","Trichococcus"
"280","KF928782.1.1516",0.028169014084507,"Bacteria","Proteobacteria","Gammaproteobacteria","Enterobacteriales","Enterobacteriaceae","Salmonella",NA,"Enterobacteriaceae","Salmonella"
"306","KR676539.1.1475",0.028169014084507,"Bacteria","Actinobacteria","Actinobacteria","Streptomycetales","Streptomycetaceae","Streptomyces",NA,"Streptomycetaceae","Streptomyces"
"312","KU057031.1.1483",0.028169014084507,"Bacteria","Proteobacteria","Gammaproteobacteria","Enterobacteriales","Enterobacteriaceae","Serratia",NA,"Enterobacteriaceae","Serratia"
"317","KU588112.1.1213",0.028169014084507,"Bacteria","Proteobacteria","Gammaproteobacteria","Pseudomonadales","Pseudomonadaceae","Pseudomonas",NA,"Pseudomonadaceae","Pseudomonas"
"322","KX431268.1.1495",0.028169014084507,"Bacteria","Proteobacteria","Gammaproteobacteria","Betaproteobacteriales","Burkholderiaceae","Curvibacter","uncultured bacterium","Burkholderiaceae","Curvibacter"
"335","KY777444.1.1555",0.028169014084507,"Bacteria","Firmicutes","Bacilli","Bacillales","Bacillaceae","Bacillus",NA,"Bacillaceae","Bacillus"
"354","MVOD01000011.1.1496",0.028169014084507,"Bacteria","Proteobacteria","Alphaproteobacteria","Rhizobiales","Xanthobacteraceae","Rhodopseudomonas",NA,"Xanthobacteraceae","Rhodopseudomonas"
"2","AB257635.1.1477",0.0140845070422535,"Bacteria","Proteobacteria","Alphaproteobacteria","Rhizobiales","Rhizobiaceae","Aureimonas",NA,"Rhizobiaceae","Aureimonas"
"3","AB286567.1.1458",0.0140845070422535,"Bacteria","Proteobacteria","Deltaproteobacteria","Myxococcales","Haliangiaceae","Haliangium","uncultured bacterium","Haliangiaceae","Haliangium"
"6","AB374378.1.1507",0.0140845070422535,"Bacteria","Deinococcus-Thermus","Deinococci","Deinococcales","Trueperaceae","Truepera","uncultured endolithic bacterium","Trueperaceae","Truepera"
"7","AB479055.1.1550",0.0140845070422535,"Bacteria","Verrucomicrobia","Verrucomicrobiae","Opitutales","Opitutaceae","IMCC26134",NA,"Opitutaceae","IMCC26134"
"8","AB511008.1.1436",0.0140845070422535,"Bacteria","Proteobacteria","Deltaproteobacteria","Bdellovibrionales","Bdellovibrionaceae","Bdellovibrio","uncultured bacterium","Bdellovibrionaceae","Bdellovibrio"
"9","AB630448.1.1379",0.0140845070422535,"Bacteria","Proteobacteria","Alphaproteobacteria","Caulobacterales","Hyphomonadaceae","SWB02","uncultured bacterium","Hyphomonadaceae","SWB02"
"12","AB696344.1.1371",0.0140845070422535,"Bacteria","Cyanobacteria","Oxyphotobacteria","Chloroplast","uncultured bacterium","uncultured bacterium","uncultured bacterium","Chloroplast","Chloroplast"
"14","ACHB01000006.3599.5109",0.0140845070422535,"Bacteria","Bacteroidetes","Bacteroidia","Sphingobacteriales","Sphingobacteriaceae","Sphingobacterium",NA,"Sphingobacteriaceae","Sphingobacterium"
"17","AF060676.1.1515",0.0140845070422535,"Bacteria","Actinobacteria","Actinobacteria","Kineosporiales","Kineosporiaceae",NA,NA,"Kineosporiaceae","f_Kineosporiaceae"
"18","AF125876.1.1529",0.0140845070422535,"Bacteria","Proteobacteria","Gammaproteobacteria","Betaproteobacteriales","Burkholderiaceae",NA,NA,"Burkholderiaceae","f_Burkholderiaceae"
"24","AJ440990.1.1550",0.0140845070422535,"Bacteria","Firmicutes","Bacilli","Bacillales","Planococcaceae","Planococcus",NA,"Planococcaceae","Planococcus"
"25","AJ867748.1.1481",0.0140845070422535,"Bacteria","Proteobacteria","Alphaproteobacteria","Acetobacterales","Acetobacteraceae","uncultured","uncultured bacterium","Acetobacteraceae","f_Acetobacteraceae"
"26","AM110959.1.1536",0.0140845070422535,"Bacteria","Proteobacteria","Gammaproteobacteria","Alteromonadales","Pseudoalteromonadaceae","Pseudoalteromonas",NA,"Pseudoalteromonadaceae","Pseudoalteromonas"
"28","ANAM01000008.400257.401788",0.0140845070422535,"Bacteria","Firmicutes","Bacilli","Bacillales","Staphylococcaceae","Salinicoccus",NA,"Staphylococcaceae","Salinicoccus"
"31","ASRV01000251.33.1558",0.0140845070422535,"Bacteria","Firmicutes","Clostridia","Clostridiales","Clostridiaceae 1","Clostridium sensu stricto 1",NA,"Clostridiaceae 1","Clostridium sensu stricto 1"
"33","AY212636.1.1538",0.0140845070422535,"Bacteria","Proteobacteria","Gammaproteobacteria","Xanthomonadales","Xanthomonadaceae","Lysobacter","uncultured bacterium","Xanthomonadaceae","Lysobacter"
"41","AYOD01000070.271.1739",0.0140845070422535,"Bacteria","Proteobacteria","Alphaproteobacteria","Rhizobiales","Rhizobiaceae","Mesorhizobium",NA,"Rhizobiaceae","Mesorhizobium"
"42","AYSH01000012.3236.4783",0.0140845070422535,"Bacteria","Firmicutes","Bacilli","Lactobacillales","Enterococcaceae","Vagococcus",NA,"Enterococcaceae","Vagococcus"
"46","BBFW01000391.24.1543",0.0140845070422535,"Bacteria","Actinobacteria","Actinobacteria","Corynebacteriales","Nocardiaceae","Nocardia",NA,"Nocardiaceae","Nocardia"
"47","BBHE01000968.162.1691",0.0140845070422535,"Bacteria","Actinobacteria","Actinobacteria","Corynebacteriales","Mycobacteriaceae","Mycobacterium",NA,"Mycobacteriaceae","Mycobacterium"
"49","BBPI01000114.335.1824",0.0140845070422535,"Bacteria","Proteobacteria","Alphaproteobacteria","Sphingomonadales","Sphingomonadaceae","Sphingomonas",NA,"Sphingomonadaceae","Sphingomonas"
"50","BDEO01000021.506.2023",0.0140845070422535,"Bacteria","Proteobacteria","Gammaproteobacteria","Oceanospirillales","Halomonadaceae","Halomonas",NA,"Halomonadaceae","Halomonas"
"51","CAIC01015143.682.2534",0.0140845070422535,"Bacteria","Proteobacteria","Alphaproteobacteria","Rickettsiales","Mitochondria",NA,NA,"Mitochondria","Mitochondria"
"54","CP002551.1544045.1545529",0.0140845070422535,"Archaea","Euryarchaeota","Methanobacteria","Methanobacteriales","Methanobacteriaceae","Methanobacterium",NA,"Methanobacteriaceae","Methanobacterium"
"58","CP010525.1943855.1945668",0.0140845070422535,"Bacteria","Firmicutes","Bacilli","Bacillales","Bacillaceae","Bacillus","Bacillus coagulans","Bacillaceae","Bacillus"
"60","CP011502.954642.956169",0.0140845070422535,"Bacteria","Actinobacteria","Actinobacteria","Propionibacteriales","Nocardioidaceae","Aeromicrobium",NA,"Nocardioidaceae","Aeromicrobium"
"61","CP014226.105426.106962",0.0140845070422535,"Bacteria","Proteobacteria","Gammaproteobacteria","Oceanospirillales","Halomonadaceae","Halomonas",NA,"Halomonadaceae","Halomonas"
"62","CP015378.146768.148325",0.0140845070422535,"Bacteria","Firmicutes","Bacilli","Bacillales","Bacillaceae","Fictibacillus",NA,"Bacillaceae","Fictibacillus"
"72","DQ234824.1.1479",0.0140845070422535,"Bacteria","Cyanobacteria","Oxyphotobacteria","Nostocales","Nostocaceae","Desmonostoc PCC-7422",NA,"Cyanobacteria","Cyanobacteria"
"74","DQ450748.1.1393",0.0140845070422535,"Bacteria","Bacteroidetes","Bacteroidia","Chitinophagales","Chitinophagaceae","Parafilimonas","uncultured Bacteroidetes bacterium","Chitinophagaceae","Parafilimonas"
"75","DQ532277.1.1514",0.0140845070422535,"Bacteria","Proteobacteria","Gammaproteobacteria","Xanthomonadales","Xanthomonadaceae","Lysobacter","uncultured bacterium","Xanthomonadaceae","Lysobacter"
"76","DQ532357.1.1511",0.0140845070422535,"Bacteria","Acidobacteria","Blastocatellia (Subgroup 4)","Blastocatellales","Blastocatellaceae","Aridibacter","uncultured bacterium","Blastocatellaceae","Aridibacter"
"78","DQ870740.1.1288",0.0140845070422535,"Bacteria","Firmicutes","Bacilli","Bacillales","Staphylococcaceae","Staphylococcus","uncultured bacterium","Staphylococcaceae","Staphylococcus"
"81","EF101975.1.1548",0.0140845070422535,"Bacteria","Proteobacteria","Gammaproteobacteria","Xanthomonadales","Xanthomonadaceae","Xanthomonas",NA,"Xanthomonadaceae","Xanthomonas"
"82","EF174207.1.1483",0.0140845070422535,"Bacteria","Cyanobacteria","Oxyphotobacteria","Nostocales","Nostocaceae","Nostoc PCC-73102",NA,"Cyanobacteria","Cyanobacteria"
"84","EF462370.1.1394",0.0140845070422535,"Bacteria","Proteobacteria","Alphaproteobacteria","Azospirillales","Inquilinaceae","Inquilinus",NA,"Inquilinaceae","Inquilinus"
"85","EF515919.1.1425",0.0140845070422535,"Bacteria","Bacteroidetes","Bacteroidia","Cytophagales","Spirosomaceae","Spirosoma",NA,"Spirosomaceae","Spirosoma"
"89","EF530679.1.1498",0.0140845070422535,"Bacteria","Dependentiae","Babeliae","Babeliales","UBA12409","uncultured bacterium","uncultured bacterium","UBA12409","UBA12409"
"91","EU133748.1.1389",0.0140845070422535,"Bacteria","Bacteroidetes","Bacteroidia","Cytophagales","Microscillaceae","uncultured","uncultured bacterium","Microscillaceae","f_Microscillaceae"
"92","EU134538.1.1464",0.0140845070422535,"Bacteria","Proteobacteria","Deltaproteobacteria","Myxococcales","Polyangiaceae",NA,NA,"Polyangiaceae","f_Polyangiaceae"
"94","EU458616.1.1401",0.0140845070422535,"Bacteria","Bacteroidetes","Bacteroidia","Bacteroidales","Rikenellaceae","Rikenellaceae RC9 gut group","uncultured bacterium","Rikenellaceae","Rikenellaceae RC9 gut group"
"98","EU669180.1.1551",0.0140845070422535,"Bacteria","Firmicutes","Bacilli","Bacillales","Paenibacillaceae","Paenibacillus",NA,"Paenibacillaceae","Paenibacillus"
"105","EU881176.1.1524",0.0140845070422535,"Bacteria","Verrucomicrobia","Verrucomicrobiae","Chthoniobacterales","Chthoniobacteraceae","Candidatus Udaeobacter",NA,"Chthoniobacteraceae","Candidatus Udaeobacter"
"106","FJ184323.1.1507",0.0140845070422535,"Bacteria","Proteobacteria","Gammaproteobacteria","Xanthomonadales","Xanthomonadaceae","Stenotrophomonas",NA,"Xanthomonadaceae","Stenotrophomonas"
"108","FJ192534.1.1444",0.0140845070422535,"Bacteria","Proteobacteria","Alphaproteobacteria","Sphingomonadales","Sphingomonadaceae","Sphingomonas",NA,"Sphingomonadaceae","Sphingomonas"
"109","FJ230800.1.1485",0.0140845070422535,"Bacteria","Cyanobacteria","Oxyphotobacteria","Nostocales","Phormidiaceae",NA,NA,"Cyanobacteria","Cyanobacteria"
"110","FJ429181.1.1484",0.0140845070422535,"Bacteria","Proteobacteria","Alphaproteobacteria","Sphingomonadales","Sphingomonadaceae","Sphingomonas",NA,"Sphingomonadaceae","Sphingomonas"
"112","FJ466213.1.1328",0.0140845070422535,"Bacteria","Bacteroidetes","Ignavibacteria","OPB56","uncultured bacterium","uncultured bacterium","uncultured bacterium","OPB56","OPB56"
"113","FJ542862.1.1481",0.0140845070422535,"Bacteria","Proteobacteria","Deltaproteobacteria","Bdellovibrionales","Bdellovibrionaceae","Bdellovibrio","uncultured bacterium","Bdellovibrionaceae","Bdellovibrio"
"114","FJ560597.1.1476",0.0140845070422535,"Bacteria","Proteobacteria","Alphaproteobacteria","Rhizobiales","Rhizobiaceae","Allorhizobium-Neorhizobium-Pararhizobium-Rhizobium",NA,"Rhizobiaceae","Allorhizobium-Neorhizobium-Pararhizobium-Rhizobium"
"115","FJ624893.1.1487",0.0140845070422535,"Bacteria","Proteobacteria","Alphaproteobacteria","Rhizobiales","Beijerinckiaceae","Roseiarcus","uncultured bacterium","Beijerinckiaceae","Roseiarcus"
"116","FJ625353.1.1523",0.0140845070422535,"Bacteria","Bacteroidetes","Bacteroidia","Chitinophagales","Chitinophagaceae","uncultured","uncultured bacterium","Chitinophagaceae","f_Chitinophagaceae"
"117","FJ625358.1.1509",0.0140845070422535,"Bacteria","Actinobacteria","Actinobacteria","Frankiales","Acidothermaceae","Acidothermus","uncultured bacterium","Acidothermaceae","Acidothermus"
"119","FJ820431.1.1504",0.0140845070422535,"Bacteria","Bacteroidetes","Bacteroidia","Flavobacteriales","Flavobacteriaceae","Flavobacterium","uncultured bacterium","Flavobacteriaceae","Flavobacterium"
"124","FLTE01001368.534.2052",0.0140845070422535,"Bacteria","Proteobacteria","Gammaproteobacteria","Betaproteobacteriales","Burkholderiaceae","Janthinobacterium",NA,"Burkholderiaceae","Janthinobacterium"
"128","FNKD01000009.1.1593",0.0140845070422535,"Bacteria","Firmicutes","Bacilli","Bacillales","Bacillaceae","Virgibacillus",NA,"Bacillaceae","Virgibacillus"
"129","FOXQ01000003.275613.277143",0.0140845070422535,"Bacteria","Bacteroidetes","Bacteroidia","Chitinophagales","Chitinophagaceae","Parafilimonas",NA,"Chitinophagaceae","Parafilimonas"
"132","FPLL01000633.14.1519",0.0140845070422535,"Bacteria","Actinobacteria","Actinobacteria","Propionibacteriales","Nocardioidaceae","Marmoricola",NA,"Nocardioidaceae","Marmoricola"
"133","FPLL01000940.11.1474",0.0140845070422535,"Bacteria","Proteobacteria","Alphaproteobacteria","Rhizobiales","Devosiaceae",NA,NA,"Devosiaceae","f_Devosiaceae"
"134","FPLL01002138.3.1535",0.0140845070422535,"Bacteria","Verrucomicrobia","Verrucomicrobiae","Pedosphaerales","Pedosphaeraceae","uncultured bacterium","uncultured bacterium","Pedosphaeraceae","f_Pedosphaeraceae"
"135","FPLL01004674.9.1542",0.0140845070422535,"Bacteria","Acidobacteria","Subgroup 17","uncultured bacterium","uncultured bacterium","uncultured bacterium","uncultured bacterium","Subgroup 17","Subgroup 17"
"136","FPLL01005221.15.1433",0.0140845070422535,"Bacteria","Chlamydiae","Chlamydiae","Chlamydiales","cvE6","metagenome","metagenome","cvE6","cvE6"
"138","FPLM01003312.11.1536",0.0140845070422535,"Bacteria","Actinobacteria","Thermoleophilia","Solirubrobacterales","Solirubrobacteraceae",NA,NA,"Solirubrobacteraceae","f_Solirubrobacteraceae"
"139","FPLN01001151.8.1523",0.0140845070422535,"Bacteria","Proteobacteria","Gammaproteobacteria",NA,NA,NA,NA,"p_Gammaproteobacteria","p_Gammaproteobacteria"
"140","FPLN01005715.1.1458",0.0140845070422535,"Bacteria","Proteobacteria","Gammaproteobacteria","Enterobacteriales","Enterobacteriaceae","Escherichia-Shigella","metagenome","Enterobacteriaceae","Escherichia-Shigella"
"144","FPLS01000417.8.1471",0.0140845070422535,"Bacteria","Proteobacteria","Alphaproteobacteria","Rhizobiales","Devosiaceae","Devosia","metagenome","Devosiaceae","Devosia"
"146","FPLS01006063.9.1545",0.0140845070422535,"Bacteria","Verrucomicrobia","Verrucomicrobiae","Opitutales","Opitutaceae","IMCC26134",NA,"Opitutaceae","IMCC26134"
"148","FPLS01013598.11.1522",0.0140845070422535,"Bacteria","Actinobacteria","Thermoleophilia","Solirubrobacterales","Solirubrobacteraceae","uncultured","metagenome","Solirubrobacteraceae","f_Solirubrobacteraceae"
"149","FPLS01015607.17.1527",0.0140845070422535,"Bacteria","Proteobacteria","Gammaproteobacteria","Betaproteobacteriales","Burkholderiaceae","Verticia",NA,"Burkholderiaceae","Verticia"
"150","FPLS01016483.13.1519",0.0140845070422535,"Bacteria","Actinobacteria","Actinobacteria","Pseudonocardiales","Pseudonocardiaceae","Pseudonocardia",NA,"Pseudonocardiaceae","Pseudonocardia"
"151","FPLS01016786.18.1481",0.0140845070422535,"Bacteria","Proteobacteria","Alphaproteobacteria","Rhizobiales","Devosiaceae",NA,NA,"Devosiaceae","f_Devosiaceae"
"152","FPLS01021120.11.1480",0.0140845070422535,"Bacteria","Proteobacteria","Alphaproteobacteria","Rhizobiales","Xanthobacteraceae","uncultured","uncultured bacterium","Xanthobacteraceae","f_Xanthobacteraceae"
"153","FPLS01027059.10.1473",0.0140845070422535,"Bacteria","Proteobacteria","Alphaproteobacteria","Rhizobiales","Devosiaceae","Devosia",NA,"Devosiaceae","Devosia"
"154","FPLS01027209.11.1516",0.0140845070422535,"Bacteria","Actinobacteria","Thermoleophilia","Solirubrobacterales","67-14","uncultured bacterium","uncultured bacterium","67-14","67-14"
"155","FPLS01028421.1.1251",0.0140845070422535,"Bacteria","Bacteroidetes","Bacteroidia","Sphingobacteriales","env.OPS 17","metagenome","metagenome","env.OPS 17","env.OPS 17"
"156","FPLS01031197.11.1541",0.0140845070422535,"Bacteria","Proteobacteria","Deltaproteobacteria","Myxococcales","Haliangiaceae","Haliangium",NA,"Haliangiaceae","Haliangium"
"158","FPLS01038376.19.1499",0.0140845070422535,"Bacteria","Proteobacteria","Alphaproteobacteria","Rhizobiales","Beijerinckiaceae","Microvirga",NA,"Beijerinckiaceae","Microvirga"
"160","FPLS01048218.16.1552",0.0140845070422535,"Bacteria","Verrucomicrobia","Verrucomicrobiae","Verrucomicrobiales","Verrucomicrobiaceae","uncultured",NA,"Verrucomicrobiaceae","f_Verrucomicrobiaceae"
"162","FR749714.1.1492",0.0140845070422535,"Bacteria","Bacteroidetes","Bacteroidia","Chitinophagales","Chitinophagaceae","uncultured","uncultured Bacteroidetes bacterium","Chitinophagaceae","f_Chitinophagaceae"
"169","GBIZ01006467.5355.6826",0.0140845070422535,"Bacteria","Cyanobacteria","Oxyphotobacteria","Chloroplast","Arachis hypogaea var. vulgaris","Arachis hypogaea var. vulgaris","Arachis hypogaea var. vulgaris","Chloroplast","Chloroplast"
"177","GEGL01048439.1.1253",0.0140845070422535,"Bacteria","Actinobacteria","Actinobacteria","Micrococcales","Micrococcaceae",NA,NA,"Micrococcaceae","f_Micrococcaceae"
"182","GQ113661.1.1352",0.0140845070422535,"Bacteria","Gemmatimonadetes","Gemmatimonadetes","Gemmatimonadales","Gemmatimonadaceae","Gemmatirosa","uncultured bacterium","Gemmatimonadaceae","Gemmatirosa"
"183","GQ264293.1.1466",0.0140845070422535,"Bacteria","Bacteroidetes","Bacteroidia","Sphingobacteriales","NS11-12 marine group",NA,NA,"NS11-12 marine group","NS11-12 marine group"
"184","GQ264330.1.1482",0.0140845070422535,"Bacteria","Proteobacteria","Gammaproteobacteria","Gammaproteobacteria Incertae Sedis","Unknown Family","Acidibacter",NA,"Acidibacter","Acidibacter"
"186","GQ388901.1.1482",0.0140845070422535,"Bacteria","Proteobacteria","Alphaproteobacteria","Sphingomonadales","Sphingomonadaceae","Sphingomonas","uncultured bacterium","Sphingomonadaceae","Sphingomonas"
"190","GQ849009.1.1255",0.0140845070422535,"Bacteria","Proteobacteria","Alphaproteobacteria","Rhizobiales","Rhizobiaceae","Ochrobactrum",NA,"Rhizobiaceae","Ochrobactrum"
"192","GQ889455.1.1362",0.0140845070422535,"Bacteria","Planctomycetes","Planctomycetacia","Gemmatales","Gemmataceae","Fimbriiglobus","uncultured bacterium","Gemmataceae","Fimbriiglobus"
"193","GQ926886.1.1538",0.0140845070422535,"Bacteria","Firmicutes","Bacilli","Bacillales","Bacillaceae","Bacillus",NA,"Bacillaceae","Bacillus"
"194","GU172177.1.1509",0.0140845070422535,"Bacteria","Planctomycetes","Planctomycetacia","Gemmatales","Gemmataceae","uncultured","uncultured bacterium","Gemmataceae","f_Gemmataceae"
"195","GU437239.1.1463",0.0140845070422535,"Bacteria","Proteobacteria","Alphaproteobacteria","Rhizobiales","Beijerinckiaceae","Methylobacterium","uncultured bacterium","Beijerinckiaceae","Methylobacterium"
"197","HAEN01058188.41.1551",0.0140845070422535,"Bacteria","Proteobacteria","Gammaproteobacteria","Betaproteobacteriales","Burkholderiaceae",NA,NA,"Burkholderiaceae","f_Burkholderiaceae"
"205","HK555464.5.1497",0.0140845070422535,"Bacteria","Actinobacteria","Coriobacteriia","Coriobacteriales","Atopobiaceae","Atopobium",NA,"Atopobiaceae","Atopobium"
"215","HQ183909.1.1489",0.0140845070422535,"Bacteria","Actinobacteria","Actinobacteria","Micrococcales","Microbacteriaceae","Leucobacter","uncultured bacterium","Microbacteriaceae","Leucobacter"
"218","HQ462533.1.1278",0.0140845070422535,"Bacteria","Acidobacteria","Blastocatellia (Subgroup 4)","DS-100","uncultured bacterium","uncultured bacterium","uncultured bacterium","DS-100","DS-100"
"219","HQ674886.1.1499",0.0140845070422535,"Bacteria","Bacteroidetes","Bacteroidia","Chitinophagales","Chitinophagaceae","uncultured",NA,"Chitinophagaceae","f_Chitinophagaceae"
"224","JF417844.1.1507",0.0140845070422535,"Bacteria","Actinobacteria","Thermoleophilia","Solirubrobacterales","Solirubrobacteraceae","Solirubrobacter","uncultured bacterium","Solirubrobacteraceae","Solirubrobacter"
"226","JN023497.1.1491",0.0140845070422535,"Bacteria","Proteobacteria","Gammaproteobacteria","WD260","uncultured bacterium","uncultured bacterium","uncultured bacterium","WD260","WD260"
"229","JN391638.1.1502",0.0140845070422535,"Bacteria","Bacteroidetes","Bacteroidia","Sphingobacteriales","env.OPS 17","uncultured bacterium","uncultured bacterium","env.OPS 17","env.OPS 17"
"230","JN391781.1.1494",0.0140845070422535,"Bacteria","Proteobacteria","Gammaproteobacteria","Betaproteobacteriales","Burkholderiaceae","Hydrogenophaga","uncultured bacterium","Burkholderiaceae","Hydrogenophaga"
"231","JN397774.1.1445",0.0140845070422535,"Bacteria","Bacteroidetes","Bacteroidia","Chitinophagales","uncultured","uncultured bacterium","uncultured bacterium","o_Chitinophagales","o_Chitinophagales"
"233","JN644571.1.1553",0.0140845070422535,"Bacteria","Firmicutes","Bacilli","Lactobacillales","Aerococcaceae","Aerococcus",NA,"Aerococcaceae","Aerococcus"
"235","JN820203.1.1495",0.0140845070422535,"Bacteria","Proteobacteria","Gammaproteobacteria","Pseudomonadales","Moraxellaceae","Alkanindiges","uncultured bacterium","Moraxellaceae","Alkanindiges"
"240","JN997387.1.1521",0.0140845070422535,"Bacteria","Actinobacteria","Actinobacteria","Corynebacteriales","Nocardiaceae","Gordonia",NA,"Nocardiaceae","Gordonia"
"243","JQ586274.1.1514",0.0140845070422535,"Bacteria","Cyanobacteria","Oxyphotobacteria","Chloroplast","uncultured bacterium","uncultured bacterium","uncultured bacterium","Chloroplast","Chloroplast"
"245","JQ769899.1.1508",0.0140845070422535,"Bacteria","Proteobacteria","Gammaproteobacteria","Xanthomonadales","Rhodanobacteraceae","Dokdonella","metagenome","Rhodanobacteraceae","Dokdonella"
"246","JQ855569.1.1259",0.0140845070422535,"Bacteria","Proteobacteria","Gammaproteobacteria","Diplorickettsiales","Diplorickettsiaceae","Rickettsiella","uncultured Diplorickettsia sp.","Diplorickettsiaceae","Rickettsiella"
"249","JQNF01000007.278620.280162",0.0140845070422535,"Bacteria","Firmicutes","Bacilli","Lactobacillales","Carnobacteriaceae","Carnobacterium",NA,"Carnobacteriaceae","Carnobacterium"
"254","JX545207.1.1517",0.0140845070422535,"Bacteria","Actinobacteria","Actinobacteria","Micrococcales","Microbacteriaceae","Subtercola",NA,"Microbacteriaceae","Subtercola"
"260","KC502949.1.1497",0.0140845070422535,"Bacteria","Planctomycetes","Planctomycetacia","Planctomycetales","Rubinisphaeraceae","Planctomicrobium","uncultured Planctomyces sp.","Rubinisphaeraceae","Planctomicrobium"
"264","KC554225.1.1535",0.0140845070422535,"Bacteria","Actinobacteria","Actinobacteria","Pseudonocardiales","Pseudonocardiaceae","Pseudonocardia","uncultured bacterium","Pseudonocardiaceae","Pseudonocardia"
"270","KF037529.1.1462",0.0140845070422535,"Bacteria","Proteobacteria","Alphaproteobacteria","Sphingomonadales","Sphingomonadaceae","Sphingomonas","uncultured bacterium","Sphingomonadaceae","Sphingomonas"
"275","KF600710.1.1526",0.0140845070422535,"Bacteria","Actinobacteria","Actinobacteria","Pseudonocardiales","Pseudonocardiaceae","Actinomycetospora",NA,"Pseudonocardiaceae","Actinomycetospora"
"277","KF843021.1.1395",0.0140845070422535,"Bacteria","Proteobacteria","Gammaproteobacteria","Enterobacteriales","Enterobacteriaceae","Escherichia-Shigella","uncultured bacterium","Enterobacteriaceae","Escherichia-Shigella"
"281","KF975551.1.1519",0.0140845070422535,"Bacteria","Acidobacteria","Blastocatellia (Subgroup 4)","Blastocatellales","Blastocatellaceae","Blastocatella","uncultured bacterium","Blastocatellaceae","Blastocatella"
"282","KH179773.1.1478",0.0140845070422535,"Bacteria","Firmicutes","Bacilli","Bacillales",NA,NA,NA,"o_Bacillales","o_Bacillales"
"286","KJ782931.1.1448",0.0140845070422535,"Bacteria","Proteobacteria","Alphaproteobacteria","Rhizobiales","Rhizobiaceae","Mesorhizobium",NA,"Rhizobiaceae","Mesorhizobium"
"289","KM209255.204.1909",0.0140845070422535,"Bacteria","Proteobacteria","Gammaproteobacteria","Enterobacteriales","Enterobacteriaceae","Dickeya",NA,"Enterobacteriaceae","Dickeya"
"292","KM659185.1.1456",0.0140845070422535,"Bacteria","Proteobacteria","Gammaproteobacteria","Pseudomonadales","Pseudomonadaceae","Pseudomonas","Pseudomonas aeruginosa","Pseudomonadaceae","Pseudomonas"
"300","KR051037.1.1397",0.0140845070422535,"Bacteria","Proteobacteria","Alphaproteobacteria","Rhizobiales","Rhizobiaceae","Allorhizobium-Neorhizobium-Pararhizobium-Rhizobium",NA,"Rhizobiaceae","Allorhizobium-Neorhizobium-Pararhizobium-Rhizobium"
"301","KR081268.1.1454",0.0140845070422535,"Bacteria","Proteobacteria","Alphaproteobacteria","Rhizobiales","Rhizobiaceae",NA,NA,"Rhizobiaceae","f_Rhizobiaceae"
"303","KR088385.1.1564",0.0140845070422535,"Bacteria","Actinobacteria","Actinobacteria","Corynebacteriales","Nocardiaceae","Rhodococcus",NA,"Nocardiaceae","Rhodococcus"
"304","KR088716.1.1442",0.0140845070422535,"Bacteria","Firmicutes","Bacilli","Bacillales","Bacillaceae","Marinococcus",NA,"Bacillaceae","Marinococcus"
"307","KT003266.1.1254",0.0140845070422535,"Bacteria","Firmicutes","Bacilli","Bacillales","Bacillaceae","Bacillus",NA,"Bacillaceae","Bacillus"
"308","KT308483.1.1462",0.0140845070422535,"Bacteria","Proteobacteria","Alphaproteobacteria","Rhizobiales","Beijerinckiaceae","uncultured",NA,"Beijerinckiaceae","f_Beijerinckiaceae"
"309","KT350432.1.1533",0.0140845070422535,"Bacteria","Proteobacteria","Gammaproteobacteria","Betaproteobacteriales","Burkholderiaceae","Noviherbaspirillum",NA,"Burkholderiaceae","Noviherbaspirillum"
"311","KT971019.1.1475",0.0140845070422535,"Bacteria","Actinobacteria","Actinobacteria","Frankiales","Nakamurellaceae","Nakamurella",NA,"Nakamurellaceae","Nakamurella"
"314","KU352747.1.1311",0.0140845070422535,"Bacteria","Proteobacteria","Alphaproteobacteria","Rhizobiales","Beijerinckiaceae","Methylobacterium","Methylobacterium salsuginis","Beijerinckiaceae","Methylobacterium"
"318","KU726283.1.1457",0.0140845070422535,"Bacteria","Cyanobacteria","Melainabacteria","Obscuribacterales","uncultured bacterium","uncultured bacterium","uncultured bacterium","Cyanobacteria","Cyanobacteria"
"323","KX589533.1.1464",0.0140845070422535,"Bacteria","Proteobacteria","Alphaproteobacteria","Rhizobiales","Rhizobiales Incertae Sedis","uncultured","uncultured bacterium","Rhizobiales Incertae Sedis","Rhizobiales Incertae Sedis"
"324","KX603599.1.1394",0.0140845070422535,"Bacteria","Firmicutes","Bacilli","Lactobacillales","Lactobacillaceae","Lactobacillus",NA,"Lactobacillaceae","Lactobacillus"
"325","KX938022.1.1498",0.0140845070422535,"Bacteria","Cyanobacteria","Oxyphotobacteria","Chloroplast","uncultured marine eukaryote","uncultured marine eukaryote","uncultured marine eukaryote","Chloroplast","Chloroplast"
"326","KY003165.1.1540",0.0140845070422535,"Bacteria","Actinobacteria","Actinobacteria","Kineosporiales","Kineosporiaceae","Quadrisphaera","uncultured bacterium","Kineosporiaceae","Quadrisphaera"
"328","KY077153.1.1349",0.0140845070422535,"Bacteria","Bacteroidetes","Bacteroidia","Flavobacteriales","Flavobacteriaceae","Flavobacterium",NA,"Flavobacteriaceae","Flavobacterium"
"330","KY445705.1.1510",0.0140845070422535,"Bacteria","Actinobacteria","Actinobacteria","Corynebacteriales","Mycobacteriaceae","Mycobacterium","Mycobacterium sp.","Mycobacteriaceae","Mycobacterium"
"331","KY611900.1.1553",0.0140845070422535,"Bacteria","Actinobacteria","Actinobacteria","Micrococcales","Microbacteriaceae","Okibacterium",NA,"Microbacteriaceae","Okibacterium"
"337","KY908437.1.1285",0.0140845070422535,"Bacteria","Actinobacteria","Actinobacteria","Streptomycetales","Streptomycetaceae","Streptomyces",NA,"Streptomycetaceae","Streptomyces"
"338","KY992614.1.1498",0.0140845070422535,"Bacteria","Proteobacteria","Gammaproteobacteria","Xanthomonadales","Rhodanobacteraceae","Rhodanobacter","uncultured bacterium","Rhodanobacteraceae","Rhodanobacter"
"341","LJOS01000104.3211.4728",0.0140845070422535,"Bacteria","Bacteroidetes","Bacteroidia","Flavobacteriales","Flavobacteriaceae","Flavobacterium",NA,"Flavobacteriaceae","Flavobacterium"
"346","LNQS01000004.142.1676",0.0140845070422535,"Bacteria","Proteobacteria","Gammaproteobacteria","Alteromonadales","Alteromonadaceae","Rheinheimera",NA,"Alteromonadaceae","Rheinheimera"
"348","LSJY01000164.4318.5798",0.0140845070422535,"Bacteria","Proteobacteria","Alphaproteobacteria","Sphingomonadales","Sphingomonadaceae","Sphingobium",NA,"Sphingomonadaceae","Sphingobium"
"352","LXTQ01000003.3712.5257",0.0140845070422535,"Bacteria","Proteobacteria","Gammaproteobacteria","Betaproteobacteriales","Methylophilaceae",NA,NA,"Methylophilaceae","f_Methylophilaceae"
"355","U92194.1.1550",0.0140845070422535,"Bacteria","Proteobacteria","Gammaproteobacteria","Enterobacteriales","Enterobacteriaceae","Escherichia-Shigella",NA,"Enterobacteriaceae","Escherichia-Shigella"
"356","X92159.1.1489",0.0140845070422535,"Bacteria","Firmicutes","Bacilli","Bacillales","Bacillaceae","Bacillus",NA,"Bacillaceae","Bacillus"
"10","AB637092.1.1524",0,"Bacteria","Firmicutes","Bacilli","Bacillales","Bacillaceae",NA,NA,"Bacillaceae","f_Bacillaceae"
"21","AHHC01000023.100357.101878",0,"Bacteria","Proteobacteria","Gammaproteobacteria","Pseudomonadales","Pseudomonadaceae","Pseudomonas","uncultured bacterium","Pseudomonadaceae","Pseudomonas"
"22","AJ272200.1.1497",0,"Bacteria","Firmicutes","Bacilli","Lactobacillales","Enterococcaceae","Enterococcus",NA,"Enterococcaceae","Enterococcus"
"37","AY538683.1.1513",0,"Bacteria","Firmicutes","Bacilli","Bacillales","Staphylococcaceae","Staphylococcus",NA,"Staphylococcaceae","Staphylococcus"
"39","AY773954.1.1486",0,"Bacteria","Firmicutes","Bacilli","Lactobacillales","Lactobacillaceae","Lactobacillus","Lactobacillus casei","Lactobacillaceae","Lactobacillus"
"65","CP019619.2704848.2706441",0,"Bacteria","Firmicutes","Bacilli","Bacillales","Listeriaceae","Listeria","Listeria monocytogenes","Listeriaceae","Listeria"
"66","CP019619.274057.275664",0,"Bacteria","Firmicutes","Bacilli","Bacillales","Listeriaceae","Listeria","Listeria monocytogenes","Listeriaceae","Listeria"
"95","EU511062.1.1407",0,"Bacteria","Firmicutes","Clostridia","Clostridiales","Lachnospiraceae","uncultured","uncultured bacterium","Lachnospiraceae","uncultured"
"96","EU560783.1.1502",0,"Bacteria","Proteobacteria","Gammaproteobacteria","Enterobacteriales","Enterobacteriaceae","Escherichia-Shigella","uncultured bacterium","Enterobacteriaceae","Escherichia-Shigella"
"97","EU560820.1.1485",0,"Bacteria","Proteobacteria","Gammaproteobacteria","Enterobacteriales","Enterobacteriaceae","Escherichia-Shigella","uncultured bacterium","Enterobacteriaceae","Escherichia-Shigella"
"101","EU771783.1.1399",0,"Bacteria","Proteobacteria","Gammaproteobacteria","Enterobacteriales","Enterobacteriaceae","Escherichia-Shigella","uncultured bacterium","Enterobacteriaceae","Escherichia-Shigella"
"102","EU778456.1.1401",0,"Bacteria","Proteobacteria","Gammaproteobacteria","Enterobacteriales","Enterobacteriaceae","Escherichia-Shigella",NA,"Enterobacteriaceae","Escherichia-Shigella"
"103","EU778460.1.1405",0,"Bacteria","Proteobacteria","Gammaproteobacteria","Enterobacteriales","Enterobacteriaceae","Escherichia-Shigella",NA,"Enterobacteriaceae","Escherichia-Shigella"
"118","FJ753768.1.1442",0,"Bacteria","Firmicutes","Bacilli","Lactobacillales","Enterococcaceae","Enterococcus",NA,"Enterococcaceae","Enterococcus"
"122","FJ957714.1.1490",0,"Bacteria","Firmicutes","Bacilli","Bacillales","Bacillaceae","Bacillus","uncultured bacterium","Bacillaceae","Bacillus"
"123","FJ975995.1.1358",0,"Bacteria","Firmicutes","Bacilli","Lactobacillales","Lactobacillaceae","Lactobacillus",NA,"Lactobacillaceae","Lactobacillus"
"127","FNFY01000063.42.1594",0,"Bacteria","Firmicutes","Bacilli","Bacillales","Staphylococcaceae","Salinicoccus",NA,"Staphylococcaceae","Salinicoccus"
"142","FPLN01009530.8.1528",0,"Bacteria","Proteobacteria","Gammaproteobacteria","Pseudomonadales","Pseudomonadaceae","Pseudomonas",NA,"Pseudomonadaceae","Pseudomonas"
"185","GQ358877.1.1520",0,"Bacteria","Firmicutes","Bacilli","Lactobacillales","Enterococcaceae","Enterococcus",NA,"Enterococcaceae","Enterococcus"
"196","GU553044.1.1341",0,"Bacteria","Proteobacteria","Gammaproteobacteria","Enterobacteriales","Enterobacteriaceae","Escherichia-Shigella","uncultured bacterium","Enterobacteriaceae","Escherichia-Shigella"
"199","HAFQ01034880.73.1513",0,"Bacteria","Proteobacteria","Gammaproteobacteria","Pseudomonadales","Pseudomonadaceae","Pseudomonas",NA,"Pseudomonadaceae","Pseudomonas"
"201","HE962120.1.1400",0,"Bacteria","Firmicutes","Bacilli","Lactobacillales","Enterococcaceae","Enterococcus","Enterococcus faecalis","Enterococcaceae","Enterococcus"
"206","HK555525.1.1552",0,"Bacteria","Firmicutes","Bacilli","Bacillales","Bacillaceae","Anaerobacillus",NA,"Bacillaceae","Anaerobacillus"
"209","HM159971.1.1501",0,"Bacteria","Proteobacteria","Gammaproteobacteria","Betaproteobacteriales","Burkholderiaceae","Comamonas","uncultured Comamonas sp.","Burkholderiaceae","Comamonas"
"221","HQ752078.1.1452",0,"Bacteria","Firmicutes","Bacilli","Bacillales","Staphylococcaceae","Staphylococcus","uncultured Staphylococcus sp.","Staphylococcaceae","Staphylococcus"
"222","JF189310.1.1369",0,"Bacteria","Firmicutes","Bacilli","Lactobacillales","Streptococcaceae","Streptococcus","uncultured bacterium","Streptococcaceae","Streptococcus"
"223","JF196556.1.1372",0,"Bacteria","Firmicutes","Bacilli","Bacillales","Staphylococcaceae","Staphylococcus","uncultured bacterium","Staphylococcaceae","Staphylococcus"
"232","JN628990.1.1569",0,"Bacteria","Firmicutes","Bacilli","Lactobacillales","Enterococcaceae","Enterococcus","Enterococcus faecalis","Enterococcaceae","Enterococcus"
"236","JN866823.1.1445",0,"Bacteria","Proteobacteria","Gammaproteobacteria","Enterobacteriales","Enterobacteriaceae","Citrobacter","Citrobacter freundii","Enterobacteriaceae","Citrobacter"
"252","JX240772.1.1512",0,"Bacteria","Firmicutes","Bacilli","Bacillales","Bacillaceae","Bacillus",NA,"Bacillaceae","Bacillus"
"256","KC011147.1.1494",0,"Bacteria","Proteobacteria","Gammaproteobacteria","Enterobacteriales","Enterobacteriaceae","Escherichia-Shigella",NA,"Enterobacteriaceae","Escherichia-Shigella"
"258","KC202800.1.1427",0,"Bacteria","Firmicutes","Bacilli","Lactobacillales","Enterococcaceae","Enterococcus","Enterococcus durans","Enterococcaceae","Enterococcus"
"259","KC333895.1.1233",0,"Bacteria","Firmicutes","Bacilli","Lactobacillales","Enterococcaceae","Enterococcus","Enterococcus faecalis","Enterococcaceae","Enterococcus"
"268","KC683892.1.1440",0,"Bacteria","Firmicutes","Bacilli","Bacillales","Bacillaceae","Bacillus","Bacillus subtilis","Bacillaceae","Bacillus"
"271","KF098385.1.1371",0,"Bacteria","Firmicutes","Bacilli","Bacillales","Staphylococcaceae","Staphylococcus","uncultured bacterium","Staphylococcaceae","Staphylococcus"
"272","KF100270.1.1376",0,"Bacteria","Firmicutes","Clostridia","Clostridiales","Ruminococcaceae","Fastidiosipila","uncultured bacterium","Ruminococcaceae","Fastidiosipila"
"273","KF105341.1.1391",0,"Bacteria","Firmicutes","Bacilli","Lactobacillales","Lactobacillaceae","Lactobacillus","uncultured bacterium","Lactobacillaceae","Lactobacillus"
"287","KJ848552.1.1469",0,"Bacteria","Firmicutes","Bacilli","Bacillales","Staphylococcaceae","Staphylococcus","Staphylococcus hominis subsp. hominis","Staphylococcaceae","Staphylococcus"
"291","KM391945.1.1431",0,"Bacteria","Proteobacteria","Gammaproteobacteria","Enterobacteriales","Enterobacteriaceae","Escherichia-Shigella",NA,"Enterobacteriaceae","Escherichia-Shigella"
"293","KM819156.1.1538",0,"Bacteria","Firmicutes","Bacilli","Lactobacillales","Lactobacillaceae","Lactobacillus","Lactobacillus fermentum","Lactobacillaceae","Lactobacillus"
"294","KM819157.1.1526",0,"Bacteria","Firmicutes","Bacilli","Lactobacillales","Lactobacillaceae","Lactobacillus","uncultured Bacillus sp.","Lactobacillaceae","Lactobacillus"
"298","KP975341.1.1504",0,"Bacteria","Proteobacteria","Gammaproteobacteria","Enterobacteriales","Enterobacteriaceae","Escherichia-Shigella",NA,"Enterobacteriaceae","Escherichia-Shigella"
"305","KR611043.1.1553",0,"Bacteria","Firmicutes","Bacilli","Bacillales","Bacillaceae","Bacillus",NA,"Bacillaceae","Bacillus"
"310","KT957300.1.1480",0,"Bacteria","Firmicutes","Bacilli","Bacillales","Staphylococcaceae","Staphylococcus","Staphylococcus hominis subsp. hominis","Staphylococcaceae","Staphylococcus"
"315","KU366365.1.1545",0,"Bacteria","Firmicutes","Bacilli","Lactobacillales","Lactobacillaceae","Lactobacillus","Lactobacillus fermentum","Lactobacillaceae","Lactobacillus"
"316","KU588051.1.1264",0,"Bacteria","Firmicutes","Bacilli","Bacillales","Bacillaceae","Bacillus",NA,"Bacillaceae","Bacillus"
"319","KU978243.1.1517",0,"Bacteria","Proteobacteria","Gammaproteobacteria","Pseudomonadales","Pseudomonadaceae","Pseudomonas",NA,"Pseudomonadaceae","Pseudomonas"
"327","KY038861.1.1462",0,"Bacteria","Proteobacteria","Gammaproteobacteria","Enterobacteriales","Enterobacteriaceae","Pantoea",NA,"Enterobacteriaceae","Pantoea"
"329","KY285265.1.1439",0,"Bacteria","Firmicutes","Bacilli","Bacillales","Bacillaceae","Bacillus",NA,"Bacillaceae","Bacillus"
"333","KY660627.1.1449",0,"Bacteria","Proteobacteria","Gammaproteobacteria","Enterobacteriales","Enterobacteriaceae","Escherichia-Shigella",NA,"Enterobacteriaceae","Escherichia-Shigella"
"344","LN833518.1.1522",0,"Bacteria","Proteobacteria","Gammaproteobacteria","Enterobacteriales","Enterobacteriaceae","Escherichia-Shigella","uncultured Escherichia sp.","Enterobacteriaceae","Escherichia-Shigella"
"347","LQXD01000001.79025.80958",0,"Bacteria","Firmicutes","Bacilli","Bacillales","Bacillaceae","Anaerobacillus",NA,"Bacillaceae","Anaerobacillus"
"349","LT545682.1.1550",0,"Bacteria","Proteobacteria","Gammaproteobacteria","Pseudomonadales","Pseudomonadaceae","Pseudomonas","Pseudomonas aeruginosa","Pseudomonadaceae","Pseudomonas"
