Domain,Phylum,Class,Order,Family,Genus,Species,Family.ed,Genus.ed
Bacteria,Proteobacteria,Alphaproteobacteria,Rickettsiales,Mitochondria,NA,NA,Mitochondria,Mitochondria
Bacteria,Cyanobacteria,Oxyphotobacteria,Chloroplast,Cercis gigantea,Cercis gigantea,Cercis gigantea,Chloroplast,Chloroplast
Bacteria,Cyanobacteria,Oxyphotobacteria,Chloroplast,NA,NA,NA,Chloroplast,Chloroplast
Bacteria,Proteobacteria,Alphaproteobacteria,Rickettsiales,Mitochondria,NA,NA,Mitochondria,Mitochondria
Bacteria,Proteobacteria,Alphaproteobacteria,Rhizobiales,Rhizobiaceae,Allorhizobium-Neorhizobium-Pararhizobium-Rhizobium,NA,Rhizobiaceae,Allorhizobium-Neorhizobium-Pararhizobium-Rhizobium
Bacteria,Proteobacteria,Alphaproteobacteria,Rickettsiales,Mitochondria,NA,NA,Mitochondria,Mitochondria
Bacteria,Proteobacteria,Alphaproteobacteria,Rickettsiales,Mitochondria,Gleditsia sinensis,Gleditsia sinensis,Mitochondria,Mitochondria
Bacteria,Cyanobacteria,Oxyphotobacteria,Chloroplast,NA,NA,NA,Chloroplast,Chloroplast
Bacteria,Cyanobacteria,Oxyphotobacteria,Chloroplast,NA,NA,NA,Chloroplast,Chloroplast
Bacteria,Proteobacteria,Alphaproteobacteria,Rickettsiales,Mitochondria,NA,NA,Mitochondria,Mitochondria
Bacteria,Cyanobacteria,Oxyphotobacteria,Chloroplast,NA,NA,NA,Chloroplast,Chloroplast
Bacteria,Proteobacteria,Alphaproteobacteria,Rickettsiales,Mitochondria,NA,NA,Mitochondria,Mitochondria
Bacteria,Proteobacteria,Alphaproteobacteria,Rickettsiales,Mitochondria,NA,NA,Mitochondria,Mitochondria
Bacteria,Cyanobacteria,Oxyphotobacteria,Chloroplast,Phaseolus acutifolius (tepary bean),Phaseolus acutifolius (tepary bean),Phaseolus acutifolius (tepary bean),Chloroplast,Chloroplast
Bacteria,Proteobacteria,Alphaproteobacteria,Rickettsiales,Mitochondria,Arachis hypogaea (peanut),Arachis hypogaea (peanut),Mitochondria,Mitochondria
Bacteria,Proteobacteria,Gammaproteobacteria,Betaproteobacteriales,Burkholderiaceae,NA,NA,Burkholderiaceae,f_Burkholderiaceae
Bacteria,Proteobacteria,Gammaproteobacteria,Pseudomonadales,Pseudomonadaceae,Pseudomonas,NA,Pseudomonadaceae,Pseudomonas
Bacteria,Proteobacteria,Alphaproteobacteria,Rhizobiales,Rhizobiaceae,Brucella,NA,Rhizobiaceae,Brucella
Bacteria,Actinobacteria,Actinobacteria,Streptomycetales,Streptomycetaceae,Streptomyces,NA,Streptomycetaceae,Streptomyces
Bacteria,Proteobacteria,Alphaproteobacteria,Rickettsiales,Mitochondria,Phaseolus acutifolius (tepary bean),Phaseolus acutifolius (tepary bean),Mitochondria,Mitochondria
Bacteria,Proteobacteria,Alphaproteobacteria,Rickettsiales,Mitochondria,NA,NA,Mitochondria,Mitochondria
Bacteria,Proteobacteria,Alphaproteobacteria,Rickettsiales,Mitochondria,NA,NA,Mitochondria,Mitochondria
Bacteria,Proteobacteria,Alphaproteobacteria,Rickettsiales,Mitochondria,NA,NA,Mitochondria,Mitochondria
Bacteria,Firmicutes,Bacilli,Bacillales,Bacillaceae,Bacillus,NA,Bacillaceae,Bacillus
Bacteria,Firmicutes,Bacilli,Lactobacillales,Lactobacillaceae,Lactobacillus,uncultured bacterium,Lactobacillaceae,Lactobacillus
Bacteria,Proteobacteria,Alphaproteobacteria,Rickettsiales,Mitochondria,NA,NA,Mitochondria,Mitochondria
Bacteria,Firmicutes,Bacilli,Bacillales,Bacillaceae,Bacillus,Bacillus cereus,Bacillaceae,Bacillus
Bacteria,Proteobacteria,Gammaproteobacteria,Enterobacteriales,Enterobacteriaceae,Escherichia-Shigella,Escherichia coli,Enterobacteriaceae,Escherichia-Shigella
Bacteria,Actinobacteria,Actinobacteria,Micrococcales,Micrococcaceae,NA,NA,Micrococcaceae,f_Micrococcaceae
Bacteria,Proteobacteria,Gammaproteobacteria,Enterobacteriales,Enterobacteriaceae,Salmonella,NA,Enterobacteriaceae,Salmonella
Bacteria,Firmicutes,Bacilli,Bacillales,Bacillaceae,Bacillus,NA,Bacillaceae,Bacillus
Bacteria,Proteobacteria,Gammaproteobacteria,Pseudomonadales,Pseudomonadaceae,Pseudomonas,NA,Pseudomonadaceae,Pseudomonas
Bacteria,Proteobacteria,Gammaproteobacteria,Pseudomonadales,Pseudomonadaceae,Pseudomonas,NA,Pseudomonadaceae,Pseudomonas
Bacteria,Cyanobacteria,Oxyphotobacteria,Chloroplast,Millettia pinnata,Millettia pinnata,Millettia pinnata,Chloroplast,Chloroplast
Bacteria,Cyanobacteria,Oxyphotobacteria,Chloroplast,NA,NA,NA,Chloroplast,Chloroplast
Bacteria,Proteobacteria,Gammaproteobacteria,Pseudomonadales,Pseudomonadaceae,Pseudomonas,NA,Pseudomonadaceae,Pseudomonas
Bacteria,Proteobacteria,Gammaproteobacteria,Aeromonadales,Aeromonadaceae,Aeromonas,Aeromonas salmonicida,Aeromonadaceae,Aeromonas
Bacteria,Actinobacteria,Actinobacteria,Streptomycetales,Streptomycetaceae,Streptomyces,NA,Streptomycetaceae,Streptomyces
Bacteria,Proteobacteria,Gammaproteobacteria,Pseudomonadales,Moraxellaceae,Acinetobacter,Acinetobacter sp. IGCAR-9/07,Moraxellaceae,Acinetobacter
Bacteria,Actinobacteria,Actinobacteria,Streptomycetales,Streptomycetaceae,Streptomyces,NA,Streptomycetaceae,Streptomyces
Bacteria,Proteobacteria,Alphaproteobacteria,Rhizobiales,Beijerinckiaceae,Bosea,NA,Beijerinckiaceae,Bosea
Bacteria,Cyanobacteria,Oxyphotobacteria,Chloroplast,uncultured bacterium,uncultured bacterium,uncultured bacterium,Chloroplast,Chloroplast
Bacteria,Proteobacteria,Alphaproteobacteria,Rhizobiales,Rhizobiaceae,Ochrobactrum,NA,Rhizobiaceae,Ochrobactrum
Bacteria,Firmicutes,Bacilli,Lactobacillales,Streptococcaceae,Streptococcus,NA,Streptococcaceae,Streptococcus
Bacteria,Firmicutes,Bacilli,Bacillales,Listeriaceae,Listeria,Listeria monocytogenes,Listeriaceae,Listeria
Bacteria,Firmicutes,Bacilli,Lactobacillales,Streptococcaceae,Streptococcus,NA,Streptococcaceae,Streptococcus
Bacteria,Proteobacteria,Alphaproteobacteria,Rhizobiales,Rhizobiaceae,Allorhizobium-Neorhizobium-Pararhizobium-Rhizobium,NA,Rhizobiaceae,Allorhizobium-Neorhizobium-Pararhizobium-Rhizobium
Bacteria,Firmicutes,Bacilli,Bacillales,Bacillaceae,Bacillus,NA,Bacillaceae,Bacillus
Bacteria,Proteobacteria,Alphaproteobacteria,Rhizobiales,Beijerinckiaceae,Methylobacterium,NA,Beijerinckiaceae,Methylobacterium
Bacteria,Proteobacteria,Gammaproteobacteria,Pseudomonadales,Pseudomonadaceae,Pseudomonas,NA,Pseudomonadaceae,Pseudomonas
Bacteria,Actinobacteria,Actinobacteria,Propionibacteriales,Nocardioidaceae,Nocardioides,uncultured bacterium,Nocardioidaceae,Nocardioides
Bacteria,Proteobacteria,Gammaproteobacteria,Enterobacteriales,Enterobacteriaceae,Raoultella,Raoultella ornithinolytica,Enterobacteriaceae,Raoultella
Bacteria,Proteobacteria,Alphaproteobacteria,Rhizobiales,Beijerinckiaceae,Methylobacterium,Methylobacterium radiotolerans,Beijerinckiaceae,Methylobacterium
Bacteria,Cyanobacteria,Oxyphotobacteria,Chloroplast,NA,NA,NA,Chloroplast,Chloroplast
Bacteria,Actinobacteria,Actinobacteria,Pseudonocardiales,Pseudonocardiaceae,Pseudonocardia,uncultured bacterium,Pseudonocardiaceae,Pseudonocardia
Bacteria,Cyanobacteria,Oxyphotobacteria,Chloroplast,uncultured prokaryote,uncultured prokaryote,uncultured prokaryote,Chloroplast,Chloroplast
Bacteria,Proteobacteria,Gammaproteobacteria,Pseudomonadales,Pseudomonadaceae,Pseudomonas,NA,Pseudomonadaceae,Pseudomonas
Bacteria,Proteobacteria,Alphaproteobacteria,Rickettsiales,Mitochondria,Solanum melongena (eggplant),Solanum melongena (eggplant),Mitochondria,Mitochondria
Bacteria,Proteobacteria,Alphaproteobacteria,Rhizobiales,Xanthobacteraceae,Rhodopseudomonas,NA,Xanthobacteraceae,Rhodopseudomonas
Bacteria,Proteobacteria,Gammaproteobacteria,Enterobacteriales,Enterobacteriaceae,Escherichia-Shigella,uncultured bacterium,Enterobacteriaceae,Escherichia-Shigella
Bacteria,Proteobacteria,Alphaproteobacteria,Caulobacterales,Caulobacteraceae,Brevundimonas,uncultured bacterium,Caulobacteraceae,Brevundimonas
Bacteria,Proteobacteria,Gammaproteobacteria,Enterobacteriales,Enterobacteriaceae,Pantoea,NA,Enterobacteriaceae,Pantoea
Bacteria,Proteobacteria,Gammaproteobacteria,Xanthomonadales,Xanthomonadaceae,Stenotrophomonas,NA,Xanthomonadaceae,Stenotrophomonas
Bacteria,Proteobacteria,Gammaproteobacteria,Betaproteobacteriales,Burkholderiaceae,uncultured,NA,Burkholderiaceae,uncultured
Bacteria,Proteobacteria,Gammaproteobacteria,Pseudomonadales,Pseudomonadaceae,Pseudomonas,Pseudomonas stutzeri,Pseudomonadaceae,Pseudomonas
Bacteria,Firmicutes,Bacilli,Bacillales,Staphylococcaceae,Staphylococcus,Staphylococcus aureus,Staphylococcaceae,Staphylococcus
Bacteria,Firmicutes,Bacilli,Lactobacillales,Enterococcaceae,Enterococcus,Enterococcus faecalis,Enterococcaceae,Enterococcus
Bacteria,Proteobacteria,Gammaproteobacteria,Pseudomonadales,Moraxellaceae,Acinetobacter,NA,Moraxellaceae,Acinetobacter
Bacteria,Firmicutes,Bacilli,Lactobacillales,Lactobacillaceae,Lactobacillus,Lactobacillus fermentum,Lactobacillaceae,Lactobacillus
Bacteria,Proteobacteria,Gammaproteobacteria,Betaproteobacteriales,Burkholderiaceae,NA,NA,Burkholderiaceae,f_Burkholderiaceae
Bacteria,Proteobacteria,Gammaproteobacteria,Pseudomonadales,Pseudomonadaceae,Pseudomonas,uncultured bacterium,Pseudomonadaceae,Pseudomonas
Bacteria,Proteobacteria,Alphaproteobacteria,Caulobacterales,Caulobacteraceae,NA,NA,Caulobacteraceae,f_Caulobacteraceae
Bacteria,Proteobacteria,Alphaproteobacteria,Rhizobiales,Kaistiaceae,Kaistia,uncultured bacterium,Kaistiaceae,Kaistia
Bacteria,Firmicutes,Bacilli,Bacillales,Staphylococcaceae,Staphylococcus,NA,Staphylococcaceae,Staphylococcus
Bacteria,Proteobacteria,Gammaproteobacteria,Pseudomonadales,Pseudomonadaceae,Pseudomonas,NA,Pseudomonadaceae,Pseudomonas
Bacteria,Proteobacteria,Gammaproteobacteria,Betaproteobacteriales,Burkholderiaceae,Mitsuaria,NA,Burkholderiaceae,Mitsuaria
Bacteria,Cyanobacteria,Oxyphotobacteria,Chloroplast,Arachis hypogaea var. vulgaris,Arachis hypogaea var. vulgaris,Arachis hypogaea var. vulgaris,Chloroplast,Chloroplast
Bacteria,Actinobacteria,Thermoleophilia,Solirubrobacterales,Solirubrobacteraceae,Solirubrobacter,uncultured bacterium,Solirubrobacteraceae,Solirubrobacter
Bacteria,Firmicutes,Bacilli,Lactobacillales,Lactobacillaceae,Lactobacillus,uncultured bacterium,Lactobacillaceae,Lactobacillus
Bacteria,Cyanobacteria,Oxyphotobacteria,Chloroplast,NA,NA,NA,Chloroplast,Chloroplast
Bacteria,Actinobacteria,Actinobacteria,Bifidobacteriales,Bifidobacteriaceae,Bifidobacterium,NA,Bifidobacteriaceae,Bifidobacterium
Bacteria,Actinobacteria,Actinobacteria,Pseudonocardiales,Pseudonocardiaceae,Pseudonocardia,uncultured bacterium,Pseudonocardiaceae,Pseudonocardia
Bacteria,Firmicutes,Bacilli,Lactobacillales,Streptococcaceae,Streptococcus,Streptococcus pneumoniae,Streptococcaceae,Streptococcus
Bacteria,Proteobacteria,Gammaproteobacteria,Betaproteobacteriales,Burkholderiaceae,Delftia,NA,Burkholderiaceae,Delftia
Bacteria,Proteobacteria,Gammaproteobacteria,Pseudomonadales,Pseudomonadaceae,Pseudomonas,NA,Pseudomonadaceae,Pseudomonas
Bacteria,Proteobacteria,Gammaproteobacteria,Enterobacteriales,Enterobacteriaceae,Escherichia-Shigella,NA,Enterobacteriaceae,Escherichia-Shigella
Bacteria,Proteobacteria,Gammaproteobacteria,Xanthomonadales,Xanthomonadaceae,Stenotrophomonas,NA,Xanthomonadaceae,Stenotrophomonas
Bacteria,Actinobacteria,Actinobacteria,Propionibacteriales,Nocardioidaceae,Nocardioides,NA,Nocardioidaceae,Nocardioides
Bacteria,Actinobacteria,Actinobacteria,Propionibacteriales,Nocardioidaceae,Marmoricola,NA,Nocardioidaceae,Marmoricola
Bacteria,Proteobacteria,Alphaproteobacteria,Sphingomonadales,Sphingomonadaceae,Sphingomonas,NA,Sphingomonadaceae,Sphingomonas
Bacteria,Bacteroidetes,Bacteroidia,Sphingobacteriales,Sphingobacteriaceae,uncultured,NA,Sphingobacteriaceae,f_Sphingobacteriaceae
Bacteria,Proteobacteria,Gammaproteobacteria,Betaproteobacteriales,Burkholderiaceae,Polaromonas,uncultured bacterium,Burkholderiaceae,Polaromonas
Bacteria,Proteobacteria,Alphaproteobacteria,Rhizobiales,Beijerinckiaceae,Methylobacterium,uncultured bacterium,Beijerinckiaceae,Methylobacterium
Bacteria,Proteobacteria,Gammaproteobacteria,Xanthomonadales,Xanthomonadaceae,Stenotrophomonas,NA,Xanthomonadaceae,Stenotrophomonas
Bacteria,Proteobacteria,Gammaproteobacteria,Pseudomonadales,Pseudomonadaceae,Pseudomonas,NA,Pseudomonadaceae,Pseudomonas
Bacteria,Proteobacteria,Gammaproteobacteria,Pseudomonadales,Pseudomonadaceae,Pseudomonas,NA,Pseudomonadaceae,Pseudomonas
Bacteria,Proteobacteria,Alphaproteobacteria,Sphingomonadales,Sphingomonadaceae,Sphingomonas,NA,Sphingomonadaceae,Sphingomonas
Bacteria,Bacteroidetes,Bacteroidia,Cytophagales,Spirosomaceae,Dyadobacter,metagenome,Spirosomaceae,Dyadobacter
Bacteria,Proteobacteria,Gammaproteobacteria,Betaproteobacteriales,Burkholderiaceae,Comamonas,NA,Burkholderiaceae,Comamonas
Bacteria,Proteobacteria,Alphaproteobacteria,Rhizobiales,Rhizobiaceae,Aureimonas,NA,Rhizobiaceae,Aureimonas
Bacteria,Actinobacteria,Actinobacteria,Kineosporiales,Kineosporiaceae,NA,NA,Kineosporiaceae,f_Kineosporiaceae
Bacteria,Proteobacteria,Gammaproteobacteria,Pseudomonadales,Pseudomonadaceae,Pseudomonas,Pseudomonas aeruginosa,Pseudomonadaceae,Pseudomonas
Bacteria,Proteobacteria,Gammaproteobacteria,Pseudomonadales,Pseudomonadaceae,Pseudomonas,metagenome,Pseudomonadaceae,Pseudomonas
Bacteria,Proteobacteria,Gammaproteobacteria,Betaproteobacteriales,Burkholderiaceae,NA,NA,Burkholderiaceae,f_Burkholderiaceae
Bacteria,Proteobacteria,Alphaproteobacteria,Rickettsiales,Mitochondria,NA,NA,Mitochondria,Mitochondria
Bacteria,Actinobacteria,Actinobacteria,Streptomycetales,Streptomycetaceae,Streptomyces,NA,Streptomycetaceae,Streptomyces
Bacteria,Proteobacteria,Gammaproteobacteria,Enterobacteriales,Enterobacteriaceae,NA,NA,Enterobacteriaceae,f_Enterobacteriaceae
Bacteria,Bacteroidetes,Bacteroidia,Chitinophagales,Chitinophagaceae,Arachidicoccus,NA,Chitinophagaceae,Arachidicoccus
Bacteria,Actinobacteria,Actinobacteria,Streptomycetales,Streptomycetaceae,Streptomyces,NA,Streptomycetaceae,Streptomyces
Bacteria,Proteobacteria,Gammaproteobacteria,Enterobacteriales,Enterobacteriaceae,Escherichia-Shigella,uncultured bacterium,Enterobacteriaceae,Escherichia-Shigella
Bacteria,Proteobacteria,Gammaproteobacteria,Betaproteobacteriales,Burkholderiaceae,Janthinobacterium,NA,Burkholderiaceae,Janthinobacterium
Bacteria,Proteobacteria,Gammaproteobacteria,Pseudomonadales,Pseudomonadaceae,Pseudomonas,Spumella sp. AR4D6,Pseudomonadaceae,Pseudomonas
Bacteria,Firmicutes,Bacilli,Bacillales,Bacillaceae,Marinococcus,NA,Bacillaceae,Marinococcus
Bacteria,Proteobacteria,Alphaproteobacteria,Rhizobiales,Rhizobiaceae,NA,NA,Rhizobiaceae,f_Rhizobiaceae
Bacteria,Firmicutes,Bacilli,Lactobacillales,Lactobacillaceae,Lactobacillus,NA,Lactobacillaceae,Lactobacillus
Bacteria,Proteobacteria,Gammaproteobacteria,Enterobacteriales,Enterobacteriaceae,Pantoea,NA,Enterobacteriaceae,Pantoea
Bacteria,Proteobacteria,Gammaproteobacteria,Enterobacteriales,Enterobacteriaceae,Escherichia-Shigella,NA,Enterobacteriaceae,Escherichia-Shigella
Bacteria,Firmicutes,Bacilli,Bacillales,Bacillaceae,Bacillus,NA,Bacillaceae,Bacillus
Bacteria,Proteobacteria,Gammaproteobacteria,Enterobacteriales,Enterobacteriaceae,Salmonella,NA,Enterobacteriaceae,Salmonella
Bacteria,Cyanobacteria,Oxyphotobacteria,Chloroplast,Azolla filiculoides,Azolla filiculoides,Azolla filiculoides,Azolla filiculoides,Chloroplast
Bacteria,Proteobacteria,Gammaproteobacteria,Xanthomonadales,Xanthomonadaceae,Stenotrophomonas,NA,Xanthomonadaceae,Stenotrophomonas
Bacteria,Firmicutes,Bacilli,Bacillales,Bacillaceae,Bacillus,Bacillus subtilis,Bacillaceae,Bacillus
Bacteria,Proteobacteria,Gammaproteobacteria,Enterobacteriales,Enterobacteriaceae,Escherichia-Shigella,NA,Enterobacteriaceae,Escherichia-Shigella
Bacteria,Firmicutes,Bacilli,Bacillales,Paenibacillaceae,Paenibacillus,NA,Paenibacillaceae,Paenibacillus
Bacteria,Actinobacteria,Actinobacteria,Streptomycetales,Streptomycetaceae,Streptomyces,NA,Streptomycetaceae,Streptomyces
Bacteria,Acidobacteria,Subgroup 6,uncultured Acidobacteria bacterium,uncultured Acidobacteria bacterium,uncultured Acidobacteria bacterium,uncultured Acidobacteria bacterium,uncultured Acidobacteria bacterium,uncultured Acidobacteria bacterium
Bacteria,Proteobacteria,Gammaproteobacteria,Enterobacteriales,Enterobacteriaceae,Escherichia-Shigella,Malaclemys terrapin terrapin,Enterobacteriaceae,Escherichia-Shigella
Bacteria,Proteobacteria,Alphaproteobacteria,Rhizobiales,Stappiaceae,NA,NA,Stappiaceae,f_Stappiaceae
Bacteria,Proteobacteria,Gammaproteobacteria,Pseudomonadales,Moraxellaceae,Acinetobacter,NA,Moraxellaceae,Acinetobacter
Bacteria,Proteobacteria,Gammaproteobacteria,Betaproteobacteriales,Burkholderiaceae,Noviherbaspirillum,NA,Burkholderiaceae,Noviherbaspirillum
Bacteria,Actinobacteria,Thermoleophilia,Solirubrobacterales,Solirubrobacteraceae,NA,NA,Solirubrobacteraceae,f_Solirubrobacteraceae
Bacteria,Proteobacteria,Gammaproteobacteria,Betaproteobacteriales,Methylophilaceae,NA,NA,Methylophilaceae,f_Methylophilaceae
Bacteria,Actinobacteria,Actinobacteria,Micrococcales,Microbacteriaceae,Subtercola,NA,Microbacteriaceae,Subtercola
Bacteria,Actinobacteria,Actinobacteria,Frankiales,Acidothermaceae,Acidothermus,uncultured bacterium,Acidothermaceae,Acidothermus
Bacteria,Firmicutes,Bacilli,Bacillales,NA,NA,NA,o_Bacillales,o_Bacillales
Bacteria,Proteobacteria,Gammaproteobacteria,Pseudomonadales,Moraxellaceae,Acinetobacter,uncultured bacterium,Moraxellaceae,Acinetobacter
Bacteria,Actinobacteria,Actinobacteria,Micrococcales,Microbacteriaceae,Leucobacter,uncultured bacterium,Microbacteriaceae,Leucobacter
Bacteria,Acidobacteria,Blastocatellia (Subgroup 4),Blastocatellales,Blastocatellaceae,Blastocatella,uncultured bacterium,Blastocatellaceae,Blastocatella
Bacteria,Cyanobacteria,Oxyphotobacteria,Chloroplast,uncultured marine eukaryote,uncultured marine eukaryote,uncultured marine eukaryote,Chloroplast,Chloroplast
Bacteria,Proteobacteria,Alphaproteobacteria,Caulobacterales,Hyphomonadaceae,SWB02,uncultured bacterium,Hyphomonadaceae,SWB02
Bacteria,Bacteroidetes,Bacteroidia,Sphingobacteriales,env.OPS 17,uncultured bacterium,uncultured bacterium,env.OPS 17,env.OPS 17
Bacteria,Proteobacteria,Alphaproteobacteria,Rhizobiales,Beijerinckiaceae,uncultured,NA,Beijerinckiaceae,f_Beijerinckiaceae
Bacteria,Actinobacteria,Actinobacteria,Pseudonocardiales,Pseudonocardiaceae,Actinomycetospora,NA,Pseudonocardiaceae,Actinomycetospora
Bacteria,Proteobacteria,Gammaproteobacteria,Betaproteobacteriales,Burkholderiaceae,Curvibacter,uncultured bacterium,Burkholderiaceae,Curvibacter
Bacteria,Proteobacteria,Gammaproteobacteria,Betaproteobacteriales,Burkholderiaceae,Rhizobacter,uncultured bacterium,Burkholderiaceae,Rhizobacter
Bacteria,Actinobacteria,Thermoleophilia,Solirubrobacterales,67-14,uncultured bacterium,uncultured bacterium,67-14,67-14
Bacteria,Proteobacteria,Gammaproteobacteria,Xanthomonadales,Xanthomonadaceae,Lysobacter,uncultured bacterium,Xanthomonadaceae,Lysobacter
Bacteria,Proteobacteria,Alphaproteobacteria,Rhodobacterales,Rhodobacteraceae,Rhodobacter,NA,Rhodobacteraceae,Rhodobacter
Bacteria,Proteobacteria,Alphaproteobacteria,Rhizobiales,Xanthobacteraceae,Bradyrhizobium,NA,Xanthobacteraceae,Bradyrhizobium
Bacteria,Proteobacteria,Gammaproteobacteria,Pseudomonadales,Moraxellaceae,Acinetobacter,NA,Moraxellaceae,Acinetobacter
Bacteria,Proteobacteria,Gammaproteobacteria,Betaproteobacteriales,Burkholderiaceae,Aquabacterium,uncultured bacterium,Burkholderiaceae,Aquabacterium
Bacteria,Dependentiae,Babeliae,Babeliales,UBA12409,uncultured bacterium,uncultured bacterium,UBA12409,UBA12409
Bacteria,Firmicutes,Bacilli,Lactobacillales,Aerococcaceae,Aerococcus,NA,Aerococcaceae,Aerococcus
Bacteria,Proteobacteria,Alphaproteobacteria,Rhizobiales,Rhizobiales Incertae Sedis,uncultured,uncultured bacterium,Rhizobiales Incertae Sedis,Rhizobiales Incertae Sedis
Bacteria,Actinobacteria,Actinobacteria,Corynebacteriales,Mycobacteriaceae,Mycobacterium,Mycobacterium sp.,Mycobacteriaceae,Mycobacterium
Bacteria,Acidobacteria,Blastocatellia (Subgroup 4),DS-100,uncultured bacterium,uncultured bacterium,uncultured bacterium,DS-100,DS-100
Bacteria,Bacteroidetes,Bacteroidia,Chitinophagales,Chitinophagaceae,Parafilimonas,NA,Chitinophagaceae,Parafilimonas
Bacteria,Proteobacteria,Gammaproteobacteria,Gammaproteobacteria Incertae Sedis,Unknown Family,Acidibacter,NA,Acidibacter,Acidibacter
Bacteria,Proteobacteria,Gammaproteobacteria,Betaproteobacteriales,Burkholderiaceae,Curvibacter,NA,Burkholderiaceae,Curvibacter
Bacteria,Proteobacteria,Alphaproteobacteria,Sphingomonadales,Sphingomonadaceae,Sphingobium,NA,Sphingomonadaceae,Sphingobium
Bacteria,Firmicutes,Bacilli,Bacillales,Bacillaceae,Bacillus,Bacillus coagulans,Bacillaceae,Bacillus
Bacteria,Bacteroidetes,Ignavibacteria,OPB56,uncultured bacterium,uncultured bacterium,uncultured bacterium,OPB56,OPB56
Bacteria,Acidobacteria,Subgroup 17,uncultured bacterium,uncultured bacterium,uncultured bacterium,uncultured bacterium,Subgroup 17,Subgroup 17
Bacteria,Actinobacteria,Actinobacteria,Corynebacteriales,Mycobacteriaceae,Mycobacterium,NA,Mycobacteriaceae,Mycobacterium
Bacteria,Bacteroidetes,Bacteroidia,Flavobacteriales,Flavobacteriaceae,Flavobacterium,uncultured bacterium,Flavobacteriaceae,Flavobacterium
Bacteria,Bacteroidetes,Bacteroidia,Sphingobacteriales,Sphingobacteriaceae,Pedobacter,NA,Sphingobacteriaceae,Pedobacter
Bacteria,Firmicutes,Bacilli,Bacillales,Bacillaceae,Bacillus,NA,Bacillaceae,Bacillus
Bacteria,Proteobacteria,Alphaproteobacteria,Sphingomonadales,Sphingomonadaceae,Sphingomonas,NA,Sphingomonadaceae,Sphingomonas
Bacteria,Proteobacteria,Gammaproteobacteria,WD260,uncultured bacterium,uncultured bacterium,uncultured bacterium,WD260,WD260
Bacteria,Proteobacteria,Gammaproteobacteria,Betaproteobacteriales,Burkholderiaceae,Hydrogenophaga,uncultured bacterium,Burkholderiaceae,Hydrogenophaga
Bacteria,Proteobacteria,Alphaproteobacteria,Rhizobiales,Devosiaceae,NA,NA,Devosiaceae,f_Devosiaceae
Bacteria,Verrucomicrobia,Verrucomicrobiae,Pedosphaerales,Pedosphaeraceae,uncultured bacterium,uncultured bacterium,Pedosphaeraceae,f_Pedosphaeraceae
Bacteria,Proteobacteria,Alphaproteobacteria,Rhizobiales,Devosiaceae,Devosia,NA,Devosiaceae,Devosia
Bacteria,Actinobacteria,Thermoleophilia,Solirubrobacterales,Solirubrobacteraceae,uncultured,metagenome,Solirubrobacteraceae,f_Solirubrobacteraceae
Bacteria,Proteobacteria,Alphaproteobacteria,Sphingomonadales,Sphingomonadaceae,Sphingomonas,NA,Sphingomonadaceae,Sphingomonas
Bacteria,Proteobacteria,Alphaproteobacteria,Rhizobiales,Xanthobacteraceae,uncultured,uncultured bacterium,Xanthobacteraceae,f_Xanthobacteraceae
Bacteria,Proteobacteria,Alphaproteobacteria,Rhizobiales,Rhizobiaceae,Allorhizobium-Neorhizobium-Pararhizobium-Rhizobium,NA,Rhizobiaceae,Allorhizobium-Neorhizobium-Pararhizobium-Rhizobium
Bacteria,Proteobacteria,Alphaproteobacteria,Azospirillales,Inquilinaceae,Inquilinus,NA,Inquilinaceae,Inquilinus
Archaea,Euryarchaeota,Methanobacteria,Methanobacteriales,Methanobacteriaceae,Methanobacterium,NA,Methanobacteriaceae,Methanobacterium
Bacteria,Proteobacteria,Alphaproteobacteria,Rhizobiales,Rhizobiaceae,NA,NA,Rhizobiaceae,f_Rhizobiaceae
Bacteria,Cyanobacteria,Oxyphotobacteria,Nostocales,Nostocaceae,Nostoc PCC-73102,NA,Cyanobacteria,Cyanobacteria
Bacteria,Proteobacteria,Gammaproteobacteria,Betaproteobacteriales,Burkholderiaceae,Verticia,NA,Burkholderiaceae,Verticia
Bacteria,Bacteroidetes,Bacteroidia,Flavobacteriales,Flavobacteriaceae,Flavobacterium,NA,Flavobacteriaceae,Flavobacterium
Bacteria,Proteobacteria,Gammaproteobacteria,Enterobacteriales,Enterobacteriaceae,Serratia,NA,Enterobacteriaceae,Serratia
Bacteria,Bacteroidetes,Bacteroidia,Chitinophagales,Chitinophagaceae,uncultured,uncultured Bacteroidetes bacterium,Chitinophagaceae,f_Chitinophagaceae
Bacteria,Verrucomicrobia,Verrucomicrobiae,Opitutales,Opitutaceae,IMCC26134,NA,Opitutaceae,IMCC26134
Bacteria,Proteobacteria,Gammaproteobacteria,Xanthomonadales,Rhodanobacteraceae,Dokdonella,metagenome,Rhodanobacteraceae,Dokdonella
Bacteria,Proteobacteria,Alphaproteobacteria,Rhizobiales,Rhizobiaceae,Allorhizobium-Neorhizobium-Pararhizobium-Rhizobium,NA,Rhizobiaceae,Allorhizobium-Neorhizobium-Pararhizobium-Rhizobium
Bacteria,Proteobacteria,Alphaproteobacteria,Rhizobiales,Rhizobiaceae,Mesorhizobium,NA,Rhizobiaceae,Mesorhizobium
Bacteria,Planctomycetes,Planctomycetacia,Gemmatales,Gemmataceae,uncultured,uncultured bacterium,Gemmataceae,f_Gemmataceae
Bacteria,Actinobacteria,Actinobacteria,Corynebacteriales,Nocardiaceae,Rhodococcus,NA,Nocardiaceae,Rhodococcus
Bacteria,Actinobacteria,Actinobacteria,Corynebacteriales,Nocardiaceae,Nocardia,NA,Nocardiaceae,Nocardia
Bacteria,Actinobacteria,Actinobacteria,Pseudonocardiales,Pseudonocardiaceae,Pseudonocardia,NA,Pseudonocardiaceae,Pseudonocardia
Bacteria,Cyanobacteria,Oxyphotobacteria,Chloroplast,uncultured bacterium,uncultured bacterium,uncultured bacterium,Chloroplast,Chloroplast
Bacteria,Bacteroidetes,Bacteroidia,Cytophagales,Microscillaceae,uncultured,uncultured bacterium,Microscillaceae,f_Microscillaceae
Bacteria,Verrucomicrobia,Verrucomicrobiae,Chthoniobacterales,Chthoniobacteraceae,Candidatus Udaeobacter,NA,Chthoniobacteraceae,Candidatus Udaeobacter
Bacteria,Proteobacteria,Alphaproteobacteria,Rhizobiales,Devosiaceae,NA,NA,Devosiaceae,f_Devosiaceae
Bacteria,Proteobacteria,Alphaproteobacteria,Rhizobiales,Hyphomicrobiaceae,Hyphomicrobium,uncultured bacterium,Hyphomicrobiaceae,Hyphomicrobium
Bacteria,Proteobacteria,Gammaproteobacteria,Xanthomonadales,Rhodanobacteraceae,Rhodanobacter,uncultured bacterium,Rhodanobacteraceae,Rhodanobacter
Bacteria,Actinobacteria,Actinobacteria,Micrococcales,Microbacteriaceae,Okibacterium,NA,Microbacteriaceae,Okibacterium
Bacteria,Firmicutes,Bacilli,Bacillales,Staphylococcaceae,Salinicoccus,NA,Staphylococcaceae,Salinicoccus
Bacteria,Firmicutes,Clostridia,Clostridiales,Clostridiaceae 1,Clostridium sensu stricto 1,NA,Clostridiaceae 1,Clostridium sensu stricto 1
Bacteria,Proteobacteria,Alphaproteobacteria,Rhizobiales,Devosiaceae,Devosia,metagenome,Devosiaceae,Devosia
Bacteria,Proteobacteria,Gammaproteobacteria,Betaproteobacteriales,Burkholderiaceae,Burkholderia-Caballeronia-Paraburkholderia,NA,Burkholderiaceae,Burkholderia-Caballeronia-Paraburkholderia
Bacteria,Proteobacteria,Alphaproteobacteria,Rhizobiales,Rhizobiaceae,Allorhizobium-Neorhizobium-Pararhizobium-Rhizobium,NA,Rhizobiaceae,Allorhizobium-Neorhizobium-Pararhizobium-Rhizobium
Bacteria,Verrucomicrobia,Verrucomicrobiae,Verrucomicrobiales,Verrucomicrobiaceae,uncultured,NA,Verrucomicrobiaceae,f_Verrucomicrobiaceae
Bacteria,Proteobacteria,Gammaproteobacteria,Betaproteobacteriales,Burkholderiaceae,NA,NA,Burkholderiaceae,f_Burkholderiaceae
Bacteria,Proteobacteria,Gammaproteobacteria,Enterobacteriales,Enterobacteriaceae,Dickeya,NA,Enterobacteriaceae,Dickeya
Bacteria,Proteobacteria,Gammaproteobacteria,Enterobacteriales,Enterobacteriaceae,Enterobacter,NA,Enterobacteriaceae,Enterobacter
Bacteria,Firmicutes,Bacilli,Lactobacillales,Carnobacteriaceae,Carnobacterium,NA,Carnobacteriaceae,Carnobacterium
Bacteria,Proteobacteria,Gammaproteobacteria,Enterobacteriales,Enterobacteriaceae,NA,NA,Enterobacteriaceae,f_Enterobacteriaceae
Bacteria,Proteobacteria,Alphaproteobacteria,Rhizobiales,Beijerinckiaceae,Methylobacterium,Methylobacterium salsuginis,Beijerinckiaceae,Methylobacterium
Bacteria,Proteobacteria,Alphaproteobacteria,Rhizobiales,Rhizobiaceae,Mesorhizobium,NA,Rhizobiaceae,Mesorhizobium
Bacteria,Actinobacteria,Actinobacteria,Frankiales,Nakamurellaceae,Nakamurella,NA,Nakamurellaceae,Nakamurella
Bacteria,Proteobacteria,Gammaproteobacteria,Xanthomonadales,Xanthomonadaceae,Stenotrophomonas,uncultured bacterium,Xanthomonadaceae,Stenotrophomonas
Bacteria,Cyanobacteria,Oxyphotobacteria,Nostocales,Nostocaceae,Desmonostoc PCC-7422,NA,Cyanobacteria,Cyanobacteria
Bacteria,Proteobacteria,Deltaproteobacteria,Myxococcales,Polyangiaceae,NA,NA,Polyangiaceae,f_Polyangiaceae
Bacteria,Proteobacteria,Gammaproteobacteria,Pseudomonadales,Pseudomonadaceae,Pseudomonas,NA,Pseudomonadaceae,Pseudomonas
Bacteria,Proteobacteria,Gammaproteobacteria,Pseudomonadales,Moraxellaceae,Alkanindiges,uncultured bacterium,Moraxellaceae,Alkanindiges
Bacteria,Proteobacteria,Gammaproteobacteria,Alteromonadales,Alteromonadaceae,Rheinheimera,NA,Alteromonadaceae,Rheinheimera
Bacteria,Actinobacteria,Thermoleophilia,Solirubrobacterales,Solirubrobacteraceae,Solirubrobacter,uncultured bacterium,Solirubrobacteraceae,Solirubrobacter
Bacteria,Bacteroidetes,Bacteroidia,Chitinophagales,Chitinophagaceae,Parafilimonas,uncultured Bacteroidetes bacterium,Chitinophagaceae,Parafilimonas
Bacteria,Bacteroidetes,Bacteroidia,Chitinophagales,Chitinophagaceae,uncultured,uncultured bacterium,Chitinophagaceae,f_Chitinophagaceae
Bacteria,Verrucomicrobia,Verrucomicrobiae,Opitutales,Opitutaceae,IMCC26134,NA,Opitutaceae,IMCC26134
Bacteria,Proteobacteria,Deltaproteobacteria,Bdellovibrionales,Bdellovibrionaceae,Bdellovibrio,uncultured bacterium,Bdellovibrionaceae,Bdellovibrio
Bacteria,Proteobacteria,Alphaproteobacteria,Rhizobiales,Xanthobacteraceae,Bradyrhizobium,uncultured bacterium,Xanthobacteraceae,Bradyrhizobium
Bacteria,Cyanobacteria,Oxyphotobacteria,Nostocales,Phormidiaceae,NA,NA,Cyanobacteria,Cyanobacteria
Bacteria,Proteobacteria,Deltaproteobacteria,Myxococcales,Haliangiaceae,Haliangium,uncultured bacterium,Haliangiaceae,Haliangium
Bacteria,Actinobacteria,Actinobacteria,Kineosporiales,Kineosporiaceae,Quadrisphaera,uncultured bacterium,Kineosporiaceae,Quadrisphaera
Bacteria,Bacteroidetes,Bacteroidia,Sphingobacteriales,NS11-12 marine group,NA,NA,NS11-12 marine group,NS11-12 marine group
Bacteria,Proteobacteria,Alphaproteobacteria,Caulobacterales,Caulobacteraceae,Brevundimonas,NA,Caulobacteraceae,Brevundimonas
Bacteria,Planctomycetes,Planctomycetacia,Planctomycetales,Rubinisphaeraceae,Planctomicrobium,uncultured Planctomyces sp.,Rubinisphaeraceae,Planctomicrobium
Bacteria,Proteobacteria,Alphaproteobacteria,Rhizobiales,Beijerinckiaceae,Roseiarcus,uncultured bacterium,Beijerinckiaceae,Roseiarcus
Bacteria,Acidobacteria,Blastocatellia (Subgroup 4),Blastocatellales,Blastocatellaceae,Aridibacter,uncultured bacterium,Blastocatellaceae,Aridibacter
Bacteria,Proteobacteria,Deltaproteobacteria,Bdellovibrionales,Bdellovibrionaceae,Bdellovibrio,uncultured bacterium,Bdellovibrionaceae,Bdellovibrio
Bacteria,Bacteroidetes,Bacteroidia,Cytophagales,Spirosomaceae,Spirosoma,NA,Spirosomaceae,Spirosoma
Bacteria,Chlamydiae,Chlamydiae,Chlamydiales,cvE6,metagenome,metagenome,cvE6,cvE6
Bacteria,Proteobacteria,Gammaproteobacteria,Diplorickettsiales,Diplorickettsiaceae,Rickettsiella,uncultured Diplorickettsia sp.,Diplorickettsiaceae,Rickettsiella
Bacteria,Actinobacteria,Actinobacteria,Micrococcales,Micrococcaceae,NA,NA,Micrococcaceae,f_Micrococcaceae
Bacteria,Bacteroidetes,Bacteroidia,Flavobacteriales,Flavobacteriaceae,Flavobacterium,NA,Flavobacteriaceae,Flavobacterium
Bacteria,Planctomycetes,Planctomycetacia,Gemmatales,Gemmataceae,Fimbriiglobus,uncultured bacterium,Gemmataceae,Fimbriiglobus
Bacteria,Proteobacteria,Alphaproteobacteria,Rhizobiales,Rhizobiaceae,Aureimonas,NA,Rhizobiaceae,Aureimonas
Bacteria,Bacteroidetes,Bacteroidia,Sphingobacteriales,env.OPS 17,metagenome,metagenome,env.OPS 17,env.OPS 17
Bacteria,Proteobacteria,Deltaproteobacteria,Myxococcales,Haliangiaceae,Haliangium,NA,Haliangiaceae,Haliangium
Bacteria,Bacteroidetes,Bacteroidia,Chitinophagales,uncultured,uncultured bacterium,uncultured bacterium,o_Chitinophagales,o_Chitinophagales
Bacteria,Bacteroidetes,Bacteroidia,Sphingobacteriales,Sphingobacteriaceae,Sphingobacterium,NA,Sphingobacteriaceae,Sphingobacterium
Bacteria,Actinobacteria,Actinobacteria,Propionibacteriales,Nocardioidaceae,Aeromicrobium,NA,Nocardioidaceae,Aeromicrobium
Bacteria,Firmicutes,Bacilli,Bacillales,Staphylococcaceae,Staphylococcus,uncultured bacterium,Staphylococcaceae,Staphylococcus
Bacteria,Firmicutes,Bacilli,Bacillales,Bacillaceae,Bacillus,NA,Bacillaceae,Bacillus
Bacteria,Actinobacteria,Actinobacteria,Micrococcales,Micrococcaceae,Micrococcus,Micrococcus luteus,Micrococcaceae,Micrococcus
Bacteria,Firmicutes,Bacilli,Bacillales,Bacillaceae,Bacillus,NA,Bacillaceae,Bacillus
Bacteria,Proteobacteria,Gammaproteobacteria,Enterobacteriales,Enterobacteriaceae,Escherichia-Shigella,NA,Enterobacteriaceae,Escherichia-Shigella
Bacteria,Proteobacteria,Gammaproteobacteria,Enterobacteriales,Enterobacteriaceae,Escherichia-Shigella,uncultured bacterium,Enterobacteriaceae,Escherichia-Shigella
Bacteria,Firmicutes,Bacilli,Bacillales,Bacillaceae,Fictibacillus,NA,Bacillaceae,Fictibacillus
Bacteria,Firmicutes,Bacilli,Bacillales,Bacillaceae,Bacillus,NA,Bacillaceae,Bacillus
Bacteria,Proteobacteria,Gammaproteobacteria,Enterobacteriales,Enterobacteriaceae,Escherichia-Shigella,metagenome,Enterobacteriaceae,Escherichia-Shigella
Bacteria,Proteobacteria,Alphaproteobacteria,Acetobacterales,Acetobacteraceae,uncultured,uncultured bacterium,Acetobacteraceae,f_Acetobacteraceae
Bacteria,Proteobacteria,Gammaproteobacteria,Enterobacteriales,Enterobacteriaceae,Escherichia-Shigella,uncultured bacterium,Enterobacteriaceae,Escherichia-Shigella
Bacteria,Proteobacteria,Alphaproteobacteria,Sphingomonadales,Sphingomonadaceae,Sphingomonas,NA,Sphingomonadaceae,Sphingomonas
Bacteria,Proteobacteria,Gammaproteobacteria,Xanthomonadales,Xanthomonadaceae,Xanthomonas,NA,Xanthomonadaceae,Xanthomonas
Bacteria,Proteobacteria,Alphaproteobacteria,Rhizobiales,Rhizobiaceae,Allorhizobium-Neorhizobium-Pararhizobium-Rhizobium,uncultured bacterium,Rhizobiaceae,Allorhizobium-Neorhizobium-Pararhizobium-Rhizobium
Bacteria,Firmicutes,Bacilli,Bacillales,Bacillaceae,Bacillus,NA,Bacillaceae,Bacillus
Bacteria,Bacteroidetes,Bacteroidia,Flavobacteriales,Flavobacteriaceae,Flavobacterium,uncultured bacterium,Flavobacteriaceae,Flavobacterium
Bacteria,Gemmatimonadetes,Gemmatimonadetes,Gemmatimonadales,Gemmatimonadaceae,Gemmatirosa,uncultured bacterium,Gemmatimonadaceae,Gemmatirosa
Bacteria,Firmicutes,Bacilli,Lactobacillales,Carnobacteriaceae,Trichococcus,Trichococcus collinsii,Carnobacteriaceae,Trichococcus
Bacteria,Proteobacteria,Alphaproteobacteria,Rhizobiales,Beijerinckiaceae,Methylobacterium,uncultured bacterium,Beijerinckiaceae,Methylobacterium
Bacteria,Proteobacteria,Gammaproteobacteria,Enterobacteriales,Enterobacteriaceae,Escherichia-Shigella,uncultured bacterium,Enterobacteriaceae,Escherichia-Shigella
Bacteria,Proteobacteria,Gammaproteobacteria,Pseudomonadales,Moraxellaceae,Acinetobacter,uncultured bacterium,Moraxellaceae,Acinetobacter
Bacteria,Firmicutes,Bacilli,Bacillales,Paenibacillaceae,Paenibacillus,NA,Paenibacillaceae,Paenibacillus
Bacteria,Proteobacteria,Gammaproteobacteria,Alteromonadales,Pseudoalteromonadaceae,Pseudoalteromonas,NA,Pseudoalteromonadaceae,Pseudoalteromonas
Bacteria,Bacteroidetes,Bacteroidia,Sphingobacteriales,Sphingobacteriaceae,Sphingobacterium,NA,Sphingobacteriaceae,Sphingobacterium
Bacteria,Proteobacteria,Alphaproteobacteria,Rhizobiales,Rhizobiaceae,Allorhizobium-Neorhizobium-Pararhizobium-Rhizobium,Rhizobium etli,Rhizobiaceae,Allorhizobium-Neorhizobium-Pararhizobium-Rhizobium
Bacteria,Bacteroidetes,Bacteroidia,Chitinophagales,Chitinophagaceae,uncultured,NA,Chitinophagaceae,f_Chitinophagaceae
Bacteria,Cyanobacteria,Oxyphotobacteria,Chloroplast,uncultured bacterium,uncultured bacterium,uncultured bacterium,Chloroplast,Chloroplast
Bacteria,Firmicutes,Bacilli,Bacillales,Bacillaceae,Bacillus,Bacillus pumilus,Bacillaceae,Bacillus
Bacteria,Firmicutes,Bacilli,Bacillales,Bacillaceae,Bacillus,NA,Bacillaceae,Bacillus
Bacteria,Actinobacteria,Actinobacteria,Corynebacteriales,Nocardiaceae,Gordonia,NA,Nocardiaceae,Gordonia
Bacteria,Proteobacteria,Gammaproteobacteria,Oceanospirillales,Halomonadaceae,Halomonas,NA,Halomonadaceae,Halomonas
Bacteria,Actinobacteria,Coriobacteriia,Coriobacteriales,Atopobiaceae,Atopobium,NA,Atopobiaceae,Atopobium
Bacteria,Firmicutes,Bacilli,Bacillales,Planococcaceae,Planococcus,NA,Planococcaceae,Planococcus
Bacteria,Proteobacteria,Gammaproteobacteria,Enterobacteriales,Enterobacteriaceae,Escherichia-Shigella,metagenome,Enterobacteriaceae,Escherichia-Shigella
Bacteria,Proteobacteria,Gammaproteobacteria,Enterobacteriales,Enterobacteriaceae,Citrobacter,Citrobacter freundii,Enterobacteriaceae,Citrobacter
Bacteria,Proteobacteria,Gammaproteobacteria,Pseudomonadales,Pseudomonadaceae,Pseudomonas,NA,Pseudomonadaceae,Pseudomonas
Bacteria,Proteobacteria,Gammaproteobacteria,Enterobacteriales,Enterobacteriaceae,Escherichia-Shigella,NA,Enterobacteriaceae,Escherichia-Shigella
Bacteria,Proteobacteria,Gammaproteobacteria,Pseudomonadales,Pseudomonadaceae,Pseudomonas,NA,Pseudomonadaceae,Pseudomonas
Bacteria,Actinobacteria,Actinobacteria,Streptomycetales,Streptomycetaceae,Streptomyces,NA,Streptomycetaceae,Streptomyces
Bacteria,Firmicutes,Clostridia,Clostridiales,Lachnospiraceae,uncultured,uncultured bacterium,Lachnospiraceae,uncultured
Bacteria,Firmicutes,Clostridia,Clostridiales,Ruminococcaceae,Fastidiosipila,uncultured bacterium,Ruminococcaceae,Fastidiosipila
Bacteria,Firmicutes,Bacilli,Bacillales,Bacillaceae,Bacillus,NA,Bacillaceae,Bacillus
Bacteria,Firmicutes,Bacilli,Bacillales,Bacillaceae,Virgibacillus,NA,Bacillaceae,Virgibacillus
Bacteria,Firmicutes,Bacilli,Bacillales,Bacillaceae,Bacillus,Bacillus subtilis,Bacillaceae,Bacillus
Bacteria,Firmicutes,Bacilli,Bacillales,Bacillaceae,NA,NA,Bacillaceae,f_Bacillaceae
Bacteria,Proteobacteria,Gammaproteobacteria,Pseudomonadales,Pseudomonadaceae,Pseudomonas,NA,Pseudomonadaceae,Pseudomonas
Bacteria,Proteobacteria,Gammaproteobacteria,Pseudomonadales,Pseudomonadaceae,Pseudomonas,Pseudomonas aeruginosa,Pseudomonadaceae,Pseudomonas
Bacteria,Actinobacteria,Actinobacteria,Streptomycetales,Streptomycetaceae,Streptomyces,NA,Streptomycetaceae,Streptomyces
Bacteria,Firmicutes,Bacilli,Bacillales,Bacillaceae,Bacillus,uncultured bacterium,Bacillaceae,Bacillus
Bacteria,Proteobacteria,Gammaproteobacteria,Enterobacteriales,Enterobacteriaceae,Escherichia-Shigella,NA,Enterobacteriaceae,Escherichia-Shigella
Bacteria,Firmicutes,Bacilli,Bacillales,Staphylococcaceae,Staphylococcus,NA,Staphylococcaceae,Staphylococcus
Bacteria,Proteobacteria,Gammaproteobacteria,Enterobacteriales,Enterobacteriaceae,Escherichia-Shigella,NA,Enterobacteriaceae,Escherichia-Shigella
Bacteria,Proteobacteria,Gammaproteobacteria,Pseudomonadales,Pseudomonadaceae,Pseudomonas,Pseudomonas aeruginosa,Pseudomonadaceae,Pseudomonas
Bacteria,Proteobacteria,Gammaproteobacteria,NA,NA,NA,NA,p_Gammaproteobacteria,p_Gammaproteobacteria
Bacteria,Proteobacteria,Gammaproteobacteria,Enterobacteriales,Enterobacteriaceae,Escherichia-Shigella,NA,Enterobacteriaceae,Escherichia-Shigella
Bacteria,Firmicutes,Bacilli,Bacillales,Staphylococcaceae,Staphylococcus,Staphylococcus hominis subsp. hominis,Staphylococcaceae,Staphylococcus
Bacteria,Firmicutes,Bacilli,Bacillales,Bacillaceae,Bacillus,NA,Bacillaceae,Bacillus
Bacteria,Proteobacteria,Gammaproteobacteria,Enterobacteriales,Enterobacteriaceae,Escherichia-Shigella,uncultured bacterium,Enterobacteriaceae,Escherichia-Shigella
Bacteria,Firmicutes,Bacilli,Bacillales,Staphylococcaceae,Salinicoccus,NA,Staphylococcaceae,Salinicoccus
Bacteria,Proteobacteria,Gammaproteobacteria,Enterobacteriales,Enterobacteriaceae,Escherichia-Shigella,uncultured bacterium,Enterobacteriaceae,Escherichia-Shigella
Bacteria,Proteobacteria,Gammaproteobacteria,Enterobacteriales,Enterobacteriaceae,Pantoea,NA,Enterobacteriaceae,Pantoea
Bacteria,Proteobacteria,Gammaproteobacteria,Enterobacteriales,Enterobacteriaceae,Escherichia-Shigella,NA,Enterobacteriaceae,Escherichia-Shigella
Bacteria,Proteobacteria,Gammaproteobacteria,Betaproteobacteriales,Burkholderiaceae,Comamonas,uncultured Comamonas sp.,Burkholderiaceae,Comamonas
Bacteria,Proteobacteria,Gammaproteobacteria,Enterobacteriales,Enterobacteriaceae,Escherichia-Shigella,NA,Enterobacteriaceae,Escherichia-Shigella
Bacteria,Firmicutes,Bacilli,Lactobacillales,Enterococcaceae,Enterococcus,NA,Enterococcaceae,Enterococcus
Bacteria,Firmicutes,Bacilli,Bacillales,Staphylococcaceae,Staphylococcus,Staphylococcus hominis subsp. hominis,Staphylococcaceae,Staphylococcus
Bacteria,Firmicutes,Bacilli,Bacillales,Staphylococcaceae,Staphylococcus,uncultured bacterium,Staphylococcaceae,Staphylococcus
Bacteria,Firmicutes,Bacilli,Bacillales,Staphylococcaceae,Staphylococcus,uncultured bacterium,Staphylococcaceae,Staphylococcus
Bacteria,Proteobacteria,Gammaproteobacteria,Enterobacteriales,Enterobacteriaceae,Escherichia-Shigella,uncultured bacterium,Enterobacteriaceae,Escherichia-Shigella
Bacteria,Proteobacteria,Gammaproteobacteria,Pseudomonadales,Pseudomonadaceae,Pseudomonas,uncultured bacterium,Pseudomonadaceae,Pseudomonas
Bacteria,Proteobacteria,Gammaproteobacteria,Enterobacteriales,Enterobacteriaceae,Escherichia-Shigella,uncultured bacterium,Enterobacteriaceae,Escherichia-Shigella
Bacteria,Proteobacteria,Gammaproteobacteria,Enterobacteriales,Enterobacteriaceae,Escherichia-Shigella,NA,Enterobacteriaceae,Escherichia-Shigella
Bacteria,Proteobacteria,Alphaproteobacteria,Rhizobiales,Rhizobiaceae,Ochrobactrum,NA,Rhizobiaceae,Ochrobactrum
Bacteria,Firmicutes,Bacilli,Bacillales,Bacillaceae,Anaerobacillus,NA,Bacillaceae,Anaerobacillus
Bacteria,Firmicutes,Bacilli,Bacillales,Bacillaceae,Bacillus,NA,Bacillaceae,Bacillus
Bacteria,Bacteroidetes,Bacteroidia,Bacteroidales,Rikenellaceae,Rikenellaceae RC9 gut group,uncultured bacterium,Rikenellaceae,Rikenellaceae RC9 gut group
Bacteria,Firmicutes,Bacilli,Lactobacillales,Carnobacteriaceae,Granulicatella,NA,Carnobacteriaceae,Granulicatella
Bacteria,Proteobacteria,Alphaproteobacteria,Rhizobiales,Beijerinckiaceae,Microvirga,NA,Beijerinckiaceae,Microvirga
Bacteria,Proteobacteria,Gammaproteobacteria,Oceanospirillales,Halomonadaceae,Halomonas,NA,Halomonadaceae,Halomonas
Bacteria,Deinococcus-Thermus,Deinococci,Deinococcales,Trueperaceae,Truepera,uncultured endolithic bacterium,Trueperaceae,Truepera
Bacteria,Proteobacteria,Gammaproteobacteria,Xanthomonadales,Xanthomonadaceae,Lysobacter,uncultured bacterium,Xanthomonadaceae,Lysobacter
Bacteria,Proteobacteria,Alphaproteobacteria,Sphingomonadales,Sphingomonadaceae,Sphingomonas,uncultured bacterium,Sphingomonadaceae,Sphingomonas
Bacteria,Proteobacteria,Gammaproteobacteria,Betaproteobacteriales,Burkholderiaceae,uncultured,uncultured bacterium,Burkholderiaceae,f_Burkholderiaceae
Bacteria,Proteobacteria,Gammaproteobacteria,Betaproteobacteriales,Burkholderiaceae,NA,NA,Burkholderiaceae,f_Burkholderiaceae
Bacteria,Cyanobacteria,Melainabacteria,Obscuribacterales,uncultured bacterium,uncultured bacterium,uncultured bacterium,Cyanobacteria,Cyanobacteria
Bacteria,Proteobacteria,Alphaproteobacteria,Sphingomonadales,Sphingomonadaceae,Sphingomonas,uncultured bacterium,Sphingomonadaceae,Sphingomonas
Bacteria,Firmicutes,Bacilli,Lactobacillales,Enterococcaceae,Vagococcus,NA,Enterococcaceae,Vagococcus
Bacteria,Proteobacteria,Gammaproteobacteria,Xanthomonadales,Xanthomonadaceae,Stenotrophomonas,NA,Xanthomonadaceae,Stenotrophomonas
Bacteria,Firmicutes,Bacilli,Bacillales,Listeriaceae,Listeria,Listeria monocytogenes,Listeriaceae,Listeria
Bacteria,Proteobacteria,Gammaproteobacteria,Enterobacteriales,Enterobacteriaceae,Escherichia-Shigella,uncultured Escherichia sp.,Enterobacteriaceae,Escherichia-Shigella
Bacteria,Firmicutes,Bacilli,Lactobacillales,Lactobacillaceae,Lactobacillus,Lactobacillus casei,Lactobacillaceae,Lactobacillus
Bacteria,Firmicutes,Bacilli,Lactobacillales,Streptococcaceae,Streptococcus,uncultured bacterium,Streptococcaceae,Streptococcus
Bacteria,Firmicutes,Bacilli,Lactobacillales,Enterococcaceae,Enterococcus,Enterococcus faecalis,Enterococcaceae,Enterococcus
Bacteria,Firmicutes,Bacilli,Lactobacillales,Lactobacillaceae,Lactobacillus,uncultured Bacillus sp.,Lactobacillaceae,Lactobacillus
Bacteria,Firmicutes,Bacilli,Lactobacillales,Enterococcaceae,Enterococcus,Enterococcus faecalis,Enterococcaceae,Enterococcus
Bacteria,Firmicutes,Bacilli,Lactobacillales,Enterococcaceae,Enterococcus,NA,Enterococcaceae,Enterococcus
Bacteria,Firmicutes,Bacilli,Bacillales,Bacillaceae,Anaerobacillus,NA,Bacillaceae,Anaerobacillus
Bacteria,Firmicutes,Bacilli,Bacillales,Listeriaceae,Listeria,Listeria monocytogenes,Listeriaceae,Listeria
Bacteria,Firmicutes,Bacilli,Lactobacillales,Enterococcaceae,Enterococcus,Enterococcus faecalis,Enterococcaceae,Enterococcus
Bacteria,Proteobacteria,Gammaproteobacteria,Enterobacteriales,Enterobacteriaceae,Escherichia-Shigella,NA,Enterobacteriaceae,Escherichia-Shigella
Bacteria,Firmicutes,Bacilli,Lactobacillales,Lactobacillaceae,Lactobacillus,Lactobacillus fermentum,Lactobacillaceae,Lactobacillus
Bacteria,Firmicutes,Bacilli,Lactobacillales,Lactobacillaceae,Lactobacillus,uncultured bacterium,Lactobacillaceae,Lactobacillus
Bacteria,Firmicutes,Bacilli,Lactobacillales,Lactobacillaceae,Lactobacillus,Lactobacillus fermentum,Lactobacillaceae,Lactobacillus
Bacteria,Firmicutes,Bacilli,Lactobacillales,Enterococcaceae,Enterococcus,Enterococcus durans,Enterococcaceae,Enterococcus
Bacteria,Firmicutes,Bacilli,Lactobacillales,Enterococcaceae,Enterococcus,NA,Enterococcaceae,Enterococcus
Bacteria,Firmicutes,Bacilli,Bacillales,Bacillaceae,Bacillus,NA,Bacillaceae,Bacillus
Bacteria,Proteobacteria,Gammaproteobacteria,Enterobacteriales,Enterobacteriaceae,Escherichia-Shigella,uncultured bacterium,Enterobacteriaceae,Escherichia-Shigella
Bacteria,Firmicutes,Bacilli,Lactobacillales,Lactobacillaceae,Lactobacillus,NA,Lactobacillaceae,Lactobacillus
Bacteria,Firmicutes,Bacilli,Bacillales,Staphylococcaceae,Staphylococcus,uncultured Staphylococcus sp.,Staphylococcaceae,Staphylococcus