Domain,Phyllum,Class,Order,Family,Genus,Species,Genus.ed,Family.ed
Bacteria,Proteobacteria,Alphaproteobacteria,Rhizobiales,Rhizobiaceae,Allorhizobium-Neorhizobium-Pararhizobium-Rhizobium,NA,Allorhizobium-Neorhizobium-Pararhizobium-Rhizobium,Rhizobiaceae
Bacteria,Proteobacteria,Gammaproteobacteria,Betaproteobacteriales,Burkholderiaceae,NA,NA,f_Burkholderiaceae,Burkholderiaceae
Bacteria,Proteobacteria,Gammaproteobacteria,Pseudomonadales,Pseudomonadaceae,Pseudomonas,NA,Pseudomonas,Pseudomonadaceae
Bacteria,Proteobacteria,Alphaproteobacteria,Rhizobiales,Rhizobiaceae,Brucella,NA,Brucella,Rhizobiaceae
Bacteria,Actinobacteria,Actinobacteria,Streptomycetales,Streptomycetaceae,Streptomyces,NA,Streptomyces,Streptomycetaceae
Bacteria,Firmicutes,Bacilli,Bacillales,Bacillaceae,Bacillus,NA,Bacillus,Bacillaceae
Bacteria,Firmicutes,Bacilli,Lactobacillales,Lactobacillaceae,Lactobacillus,uncultured bacterium,Lactobacillus,Lactobacillaceae
Bacteria,Firmicutes,Bacilli,Bacillales,Bacillaceae,Bacillus,Bacillus cereus,Bacillus,Bacillaceae
Bacteria,Proteobacteria,Gammaproteobacteria,Enterobacteriales,Enterobacteriaceae,Escherichia-Shigella,Escherichia coli,Escherichia-Shigella,Enterobacteriaceae
Bacteria,Actinobacteria,Actinobacteria,Micrococcales,Micrococcaceae,NA,NA,f_Micrococcaceae,Micrococcaceae
Bacteria,Proteobacteria,Gammaproteobacteria,Enterobacteriales,Enterobacteriaceae,Salmonella,NA,Salmonella,Enterobacteriaceae
Bacteria,Firmicutes,Bacilli,Bacillales,Bacillaceae,Bacillus,NA,Bacillus,Bacillaceae
Bacteria,Proteobacteria,Gammaproteobacteria,Pseudomonadales,Pseudomonadaceae,Pseudomonas,NA,Pseudomonas,Pseudomonadaceae
Bacteria,Proteobacteria,Gammaproteobacteria,Pseudomonadales,Pseudomonadaceae,Pseudomonas,NA,Pseudomonas,Pseudomonadaceae
Bacteria,Proteobacteria,Gammaproteobacteria,Pseudomonadales,Pseudomonadaceae,Pseudomonas,NA,Pseudomonas,Pseudomonadaceae
Bacteria,Proteobacteria,Gammaproteobacteria,Aeromonadales,Aeromonadaceae,Aeromonas,Aeromonas salmonicida,Aeromonas,Aeromonadaceae
Bacteria,Actinobacteria,Actinobacteria,Streptomycetales,Streptomycetaceae,Streptomyces,NA,Streptomyces,Streptomycetaceae
Bacteria,Proteobacteria,Gammaproteobacteria,Pseudomonadales,Moraxellaceae,Acinetobacter,Acinetobacter sp. IGCAR-9/07,Acinetobacter,Moraxellaceae
Bacteria,Actinobacteria,Actinobacteria,Streptomycetales,Streptomycetaceae,Streptomyces,NA,Streptomyces,Streptomycetaceae
Bacteria,Proteobacteria,Alphaproteobacteria,Rhizobiales,Beijerinckiaceae,Bosea,NA,Bosea,Beijerinckiaceae
Bacteria,Proteobacteria,Alphaproteobacteria,Rhizobiales,Rhizobiaceae,Ochrobactrum,NA,Ochrobactrum,Rhizobiaceae
Bacteria,Firmicutes,Bacilli,Lactobacillales,Streptococcaceae,Streptococcus,NA,Streptococcus,Streptococcaceae
Bacteria,Firmicutes,Bacilli,Bacillales,Listeriaceae,Listeria,Listeria monocytogenes,Listeria,Listeriaceae
Bacteria,Firmicutes,Bacilli,Lactobacillales,Streptococcaceae,Streptococcus,NA,Streptococcus,Streptococcaceae
Bacteria,Proteobacteria,Alphaproteobacteria,Rhizobiales,Rhizobiaceae,Allorhizobium-Neorhizobium-Pararhizobium-Rhizobium,NA,Allorhizobium-Neorhizobium-Pararhizobium-Rhizobium,Rhizobiaceae
Bacteria,Firmicutes,Bacilli,Bacillales,Bacillaceae,Bacillus,NA,Bacillus,Bacillaceae
Bacteria,Proteobacteria,Alphaproteobacteria,Rhizobiales,Beijerinckiaceae,Methylobacterium,NA,Methylobacterium,Beijerinckiaceae
Bacteria,Proteobacteria,Gammaproteobacteria,Pseudomonadales,Pseudomonadaceae,Pseudomonas,NA,Pseudomonas,Pseudomonadaceae
Bacteria,Actinobacteria,Actinobacteria,Propionibacteriales,Nocardioidaceae,Nocardioides,uncultured bacterium,Nocardioides,Nocardioidaceae
Bacteria,Proteobacteria,Gammaproteobacteria,Enterobacteriales,Enterobacteriaceae,Raoultella,Raoultella ornithinolytica,Raoultella,Enterobacteriaceae
Bacteria,Proteobacteria,Alphaproteobacteria,Rhizobiales,Beijerinckiaceae,Methylobacterium,Methylobacterium radiotolerans,Methylobacterium,Beijerinckiaceae
Bacteria,Actinobacteria,Actinobacteria,Pseudonocardiales,Pseudonocardiaceae,Pseudonocardia,uncultured bacterium,Pseudonocardia,Pseudonocardiaceae
Bacteria,Proteobacteria,Gammaproteobacteria,Pseudomonadales,Pseudomonadaceae,Pseudomonas,NA,Pseudomonas,Pseudomonadaceae
Bacteria,Proteobacteria,Alphaproteobacteria,Rhizobiales,Xanthobacteraceae,Rhodopseudomonas,NA,Rhodopseudomonas,Xanthobacteraceae
Bacteria,Proteobacteria,Gammaproteobacteria,Enterobacteriales,Enterobacteriaceae,Escherichia-Shigella,uncultured bacterium,Escherichia-Shigella,Enterobacteriaceae
Bacteria,Proteobacteria,Alphaproteobacteria,Caulobacterales,Caulobacteraceae,Brevundimonas,uncultured bacterium,Brevundimonas,Caulobacteraceae
Bacteria,Proteobacteria,Gammaproteobacteria,Enterobacteriales,Enterobacteriaceae,Pantoea,NA,Pantoea,Enterobacteriaceae
Bacteria,Proteobacteria,Gammaproteobacteria,Xanthomonadales,Xanthomonadaceae,Stenotrophomonas,NA,Stenotrophomonas,Xanthomonadaceae
Bacteria,Proteobacteria,Gammaproteobacteria,Betaproteobacteriales,Burkholderiaceae,uncultured,NA,f_Burkholderiaceae,Burkholderiaceae
Bacteria,Proteobacteria,Gammaproteobacteria,Pseudomonadales,Pseudomonadaceae,Pseudomonas,Pseudomonas stutzeri,Pseudomonas,Pseudomonadaceae
Bacteria,Firmicutes,Bacilli,Bacillales,Staphylococcaceae,Staphylococcus,Staphylococcus aureus,Staphylococcus,Staphylococcaceae
Bacteria,Firmicutes,Bacilli,Lactobacillales,Enterococcaceae,Enterococcus,Enterococcus faecalis,Enterococcus,Enterococcaceae
Bacteria,Proteobacteria,Gammaproteobacteria,Pseudomonadales,Moraxellaceae,Acinetobacter,NA,Acinetobacter,Moraxellaceae
Bacteria,Firmicutes,Bacilli,Lactobacillales,Lactobacillaceae,Lactobacillus,Lactobacillus fermentum,Lactobacillus,Lactobacillaceae
Bacteria,Proteobacteria,Gammaproteobacteria,Betaproteobacteriales,Burkholderiaceae,NA,NA,f_Burkholderiaceae,Burkholderiaceae
Bacteria,Proteobacteria,Gammaproteobacteria,Pseudomonadales,Pseudomonadaceae,Pseudomonas,uncultured bacterium,Pseudomonas,Pseudomonadaceae
Bacteria,Proteobacteria,Alphaproteobacteria,Caulobacterales,Caulobacteraceae,NA,NA,f_Caulobacteraceae,Caulobacteraceae
Bacteria,Proteobacteria,Alphaproteobacteria,Rhizobiales,Kaistiaceae,Kaistia,uncultured bacterium,Kaistia,Kaistiaceae
Bacteria,Firmicutes,Bacilli,Bacillales,Staphylococcaceae,Staphylococcus,NA,Staphylococcus,Staphylococcaceae
Bacteria,Proteobacteria,Gammaproteobacteria,Pseudomonadales,Pseudomonadaceae,Pseudomonas,NA,Pseudomonas,Pseudomonadaceae
Bacteria,Proteobacteria,Gammaproteobacteria,Betaproteobacteriales,Burkholderiaceae,Mitsuaria,NA,Mitsuaria,Burkholderiaceae
Bacteria,Actinobacteria,Thermoleophilia,Solirubrobacterales,Solirubrobacteraceae,Solirubrobacter,uncultured bacterium,Solirubrobacter,Solirubrobacteraceae
Bacteria,Firmicutes,Bacilli,Lactobacillales,Lactobacillaceae,Lactobacillus,uncultured bacterium,Lactobacillus,Lactobacillaceae
Bacteria,Actinobacteria,Actinobacteria,Bifidobacteriales,Bifidobacteriaceae,Bifidobacterium,NA,Bifidobacterium,Bifidobacteriaceae
Bacteria,Actinobacteria,Actinobacteria,Pseudonocardiales,Pseudonocardiaceae,Pseudonocardia,uncultured bacterium,Pseudonocardia,Pseudonocardiaceae
Bacteria,Firmicutes,Bacilli,Lactobacillales,Streptococcaceae,Streptococcus,Streptococcus pneumoniae,Streptococcus,Streptococcaceae
Bacteria,Proteobacteria,Gammaproteobacteria,Betaproteobacteriales,Burkholderiaceae,Delftia,NA,Delftia,Burkholderiaceae
Bacteria,Proteobacteria,Gammaproteobacteria,Pseudomonadales,Pseudomonadaceae,Pseudomonas,NA,Pseudomonas,Pseudomonadaceae
Bacteria,Proteobacteria,Gammaproteobacteria,Enterobacteriales,Enterobacteriaceae,Escherichia-Shigella,NA,Escherichia-Shigella,Enterobacteriaceae
Bacteria,Proteobacteria,Gammaproteobacteria,Xanthomonadales,Xanthomonadaceae,Stenotrophomonas,NA,Stenotrophomonas,Xanthomonadaceae
Bacteria,Actinobacteria,Actinobacteria,Propionibacteriales,Nocardioidaceae,Nocardioides,NA,Nocardioides,Nocardioidaceae
Bacteria,Actinobacteria,Actinobacteria,Propionibacteriales,Nocardioidaceae,Marmoricola,NA,Marmoricola,Nocardioidaceae
Bacteria,Proteobacteria,Alphaproteobacteria,Sphingomonadales,Sphingomonadaceae,Sphingomonas,NA,Sphingomonas,Sphingomonadaceae
Bacteria,Bacteroidetes,Bacteroidia,Sphingobacteriales,Sphingobacteriaceae,uncultured,NA,f_Sphingobacteriaceae,Sphingobacteriaceae
Bacteria,Proteobacteria,Gammaproteobacteria,Betaproteobacteriales,Burkholderiaceae,Polaromonas,uncultured bacterium,Polaromonas,Burkholderiaceae
Bacteria,Proteobacteria,Alphaproteobacteria,Rhizobiales,Beijerinckiaceae,Methylobacterium,uncultured bacterium,Methylobacterium,Beijerinckiaceae
Bacteria,Proteobacteria,Gammaproteobacteria,Xanthomonadales,Xanthomonadaceae,Stenotrophomonas,NA,Stenotrophomonas,Xanthomonadaceae
Bacteria,Proteobacteria,Gammaproteobacteria,Pseudomonadales,Pseudomonadaceae,Pseudomonas,NA,Pseudomonas,Pseudomonadaceae
Bacteria,Proteobacteria,Gammaproteobacteria,Pseudomonadales,Pseudomonadaceae,Pseudomonas,NA,Pseudomonas,Pseudomonadaceae
Bacteria,Proteobacteria,Alphaproteobacteria,Sphingomonadales,Sphingomonadaceae,Sphingomonas,NA,Sphingomonas,Sphingomonadaceae
Bacteria,Bacteroidetes,Bacteroidia,Cytophagales,Spirosomaceae,Dyadobacter,metagenome,Dyadobacter,Spirosomaceae
Bacteria,Proteobacteria,Gammaproteobacteria,Betaproteobacteriales,Burkholderiaceae,Comamonas,NA,Comamonas,Burkholderiaceae
Bacteria,Proteobacteria,Alphaproteobacteria,Rhizobiales,Rhizobiaceae,Aureimonas,NA,Aureimonas,Rhizobiaceae
Bacteria,Actinobacteria,Actinobacteria,Kineosporiales,Kineosporiaceae,NA,NA,f_Kineosporiaceae,Kineosporiaceae
Bacteria,Proteobacteria,Gammaproteobacteria,Pseudomonadales,Pseudomonadaceae,Pseudomonas,Pseudomonas aeruginosa,Pseudomonas,Pseudomonadaceae
Bacteria,Proteobacteria,Gammaproteobacteria,Pseudomonadales,Pseudomonadaceae,Pseudomonas,metagenome,Pseudomonas,Pseudomonadaceae
Bacteria,Proteobacteria,Gammaproteobacteria,Betaproteobacteriales,Burkholderiaceae,NA,NA,f_Burkholderiaceae,Burkholderiaceae
Bacteria,Actinobacteria,Actinobacteria,Streptomycetales,Streptomycetaceae,Streptomyces,NA,Streptomyces,Streptomycetaceae
Bacteria,Proteobacteria,Gammaproteobacteria,Enterobacteriales,Enterobacteriaceae,NA,NA,f_Enterobacteriaceae,Enterobacteriaceae
Bacteria,Bacteroidetes,Bacteroidia,Chitinophagales,Chitinophagaceae,Arachidicoccus,NA,Arachidicoccus,Chitinophagaceae
Bacteria,Actinobacteria,Actinobacteria,Streptomycetales,Streptomycetaceae,Streptomyces,NA,Streptomyces,Streptomycetaceae
Bacteria,Proteobacteria,Gammaproteobacteria,Enterobacteriales,Enterobacteriaceae,Escherichia-Shigella,uncultured bacterium,Escherichia-Shigella,Enterobacteriaceae
Bacteria,Proteobacteria,Gammaproteobacteria,Betaproteobacteriales,Burkholderiaceae,Janthinobacterium,NA,Janthinobacterium,Burkholderiaceae
Bacteria,Proteobacteria,Gammaproteobacteria,Pseudomonadales,Pseudomonadaceae,Pseudomonas,Spumella sp. AR4D6,Pseudomonas,Pseudomonadaceae
Bacteria,Firmicutes,Bacilli,Bacillales,Bacillaceae,Marinococcus,NA,Marinococcus,Bacillaceae
Bacteria,Proteobacteria,Alphaproteobacteria,Rhizobiales,Rhizobiaceae,NA,NA,f_Rhizobiaceae,Rhizobiaceae
Bacteria,Firmicutes,Bacilli,Lactobacillales,Lactobacillaceae,Lactobacillus,NA,Lactobacillus,Lactobacillaceae
Bacteria,Proteobacteria,Gammaproteobacteria,Enterobacteriales,Enterobacteriaceae,Pantoea,NA,Pantoea,Enterobacteriaceae
Bacteria,Proteobacteria,Gammaproteobacteria,Enterobacteriales,Enterobacteriaceae,Escherichia-Shigella,NA,Escherichia-Shigella,Enterobacteriaceae
Bacteria,Firmicutes,Bacilli,Bacillales,Bacillaceae,Bacillus,NA,Bacillus,Bacillaceae
Bacteria,Proteobacteria,Gammaproteobacteria,Enterobacteriales,Enterobacteriaceae,Salmonella,NA,Salmonella,Enterobacteriaceae
Bacteria,Proteobacteria,Gammaproteobacteria,Xanthomonadales,Xanthomonadaceae,Stenotrophomonas,NA,Stenotrophomonas,Xanthomonadaceae
Bacteria,Firmicutes,Bacilli,Bacillales,Bacillaceae,Bacillus,Bacillus subtilis,Bacillus,Bacillaceae
Bacteria,Proteobacteria,Gammaproteobacteria,Enterobacteriales,Enterobacteriaceae,Escherichia-Shigella,NA,Escherichia-Shigella,Enterobacteriaceae
Bacteria,Firmicutes,Bacilli,Bacillales,Paenibacillaceae,Paenibacillus,NA,Paenibacillus,Paenibacillaceae
Bacteria,Actinobacteria,Actinobacteria,Streptomycetales,Streptomycetaceae,Streptomyces,NA,Streptomyces,Streptomycetaceae
Bacteria,Acidobacteria,Subgroup 6,uncultured Acidobacteria bacterium,uncultured Acidobacteria bacterium,uncultured Acidobacteria bacterium,uncultured Acidobacteria bacterium,uncultured Acidobacteria bacterium,uncultured Acidobacteria bacterium
Bacteria,Proteobacteria,Gammaproteobacteria,Enterobacteriales,Enterobacteriaceae,Escherichia-Shigella,Malaclemys terrapin terrapin,Escherichia-Shigella,Enterobacteriaceae
Bacteria,Proteobacteria,Alphaproteobacteria,Rhizobiales,Stappiaceae,NA,NA,f_Stappiaceae,Stappiaceae
Bacteria,Proteobacteria,Gammaproteobacteria,Pseudomonadales,Moraxellaceae,Acinetobacter,NA,Acinetobacter,Moraxellaceae
Bacteria,Proteobacteria,Gammaproteobacteria,Betaproteobacteriales,Burkholderiaceae,Noviherbaspirillum,NA,Noviherbaspirillum,Burkholderiaceae
Bacteria,Actinobacteria,Thermoleophilia,Solirubrobacterales,Solirubrobacteraceae,NA,NA,f_Solirubrobacteraceae,Solirubrobacteraceae
Bacteria,Proteobacteria,Gammaproteobacteria,Betaproteobacteriales,Methylophilaceae,NA,NA,f_Methylophilaceae,Methylophilaceae
Bacteria,Actinobacteria,Actinobacteria,Micrococcales,Microbacteriaceae,Subtercola,NA,Subtercola,Microbacteriaceae
Bacteria,Actinobacteria,Actinobacteria,Frankiales,Acidothermaceae,Acidothermus,uncultured bacterium,Acidothermus,Acidothermaceae
Bacteria,Firmicutes,Bacilli,Bacillales,NA,NA,NA,o_Bacillales,o_Bacillales
Bacteria,Proteobacteria,Gammaproteobacteria,Pseudomonadales,Moraxellaceae,Acinetobacter,uncultured bacterium,Acinetobacter,Moraxellaceae
Bacteria,Actinobacteria,Actinobacteria,Micrococcales,Microbacteriaceae,Leucobacter,uncultured bacterium,Leucobacter,Microbacteriaceae
Bacteria,Acidobacteria,Blastocatellia (Subgroup 4),Blastocatellales,Blastocatellaceae,Blastocatella,uncultured bacterium,Blastocatella,Blastocatellaceae
Bacteria,Proteobacteria,Alphaproteobacteria,Caulobacterales,Hyphomonadaceae,SWB02,uncultured bacterium,SWB02,Hyphomonadaceae
Bacteria,Bacteroidetes,Bacteroidia,Sphingobacteriales,env.OPS 17,uncultured bacterium,uncultured bacterium,f_env.OPS 17,env.OPS 17
Bacteria,Proteobacteria,Alphaproteobacteria,Rhizobiales,Beijerinckiaceae,uncultured,NA,f_Beijerinckiaceae,Beijerinckiaceae
Bacteria,Actinobacteria,Actinobacteria,Pseudonocardiales,Pseudonocardiaceae,Actinomycetospora,NA,Actinomycetospora,Pseudonocardiaceae
Bacteria,Proteobacteria,Gammaproteobacteria,Betaproteobacteriales,Burkholderiaceae,Curvibacter,uncultured bacterium,Curvibacter,Burkholderiaceae
Bacteria,Proteobacteria,Gammaproteobacteria,Betaproteobacteriales,Burkholderiaceae,Rhizobacter,uncultured bacterium,Rhizobacter,Burkholderiaceae
Bacteria,Actinobacteria,Thermoleophilia,Solirubrobacterales,67-14,uncultured bacterium,uncultured bacterium,f_67-14,67-14
Bacteria,Proteobacteria,Gammaproteobacteria,Xanthomonadales,Xanthomonadaceae,Lysobacter,uncultured bacterium,Lysobacter,Xanthomonadaceae
Bacteria,Proteobacteria,Alphaproteobacteria,Rhodobacterales,Rhodobacteraceae,Rhodobacter,NA,Rhodobacter,Rhodobacteraceae
Bacteria,Proteobacteria,Alphaproteobacteria,Rhizobiales,Xanthobacteraceae,Bradyrhizobium,NA,Bradyrhizobium,Xanthobacteraceae
Bacteria,Proteobacteria,Gammaproteobacteria,Pseudomonadales,Moraxellaceae,Acinetobacter,NA,Acinetobacter,Moraxellaceae
Bacteria,Proteobacteria,Gammaproteobacteria,Betaproteobacteriales,Burkholderiaceae,Aquabacterium,uncultured bacterium,Aquabacterium,Burkholderiaceae
Bacteria,Dependentiae,Babeliae,Babeliales,UBA12409,uncultured bacterium,uncultured bacterium,f_UBA12409,UBA12409
Bacteria,Firmicutes,Bacilli,Lactobacillales,Aerococcaceae,Aerococcus,NA,Aerococcus,Aerococcaceae
Bacteria,Proteobacteria,Alphaproteobacteria,Rhizobiales,Rhizobiales Incertae Sedis,uncultured,uncultured bacterium,Rhizobiales Incertae Sedis,Rhizobiales Incertae Sedis
Bacteria,Actinobacteria,Actinobacteria,Corynebacteriales,Mycobacteriaceae,Mycobacterium,Mycobacterium sp.,Mycobacterium,Mycobacteriaceae
Bacteria,Acidobacteria,Blastocatellia (Subgroup 4),DS-100,uncultured bacterium,uncultured bacterium,uncultured bacterium,o_DS-100,o_DS-101
Bacteria,Bacteroidetes,Bacteroidia,Chitinophagales,Chitinophagaceae,Parafilimonas,NA,Parafilimonas,Chitinophagaceae
Bacteria,Proteobacteria,Gammaproteobacteria,Gammaproteobacteria Incertae Sedis,Unknown Family,Acidibacter,NA,Acidibacter,g_Acidibacter
Bacteria,Proteobacteria,Gammaproteobacteria,Betaproteobacteriales,Burkholderiaceae,Curvibacter,NA,Curvibacter,Burkholderiaceae
Bacteria,Proteobacteria,Alphaproteobacteria,Sphingomonadales,Sphingomonadaceae,Sphingobium,NA,Sphingobium,Sphingomonadaceae
Bacteria,Firmicutes,Bacilli,Bacillales,Bacillaceae,Bacillus,Bacillus coagulans,Bacillus,Bacillaceae
Bacteria,Bacteroidetes,Ignavibacteria,OPB56,uncultured bacterium,uncultured bacterium,uncultured bacterium,o_OPB56,o_OPB57
Bacteria,Acidobacteria,Subgroup 17,uncultured bacterium,uncultured bacterium,uncultured bacterium,uncultured bacterium,c_Subgroup 17,c_Subgroup 17
Bacteria,Actinobacteria,Actinobacteria,Corynebacteriales,Mycobacteriaceae,Mycobacterium,NA,Mycobacterium,Mycobacteriaceae
Bacteria,Bacteroidetes,Bacteroidia,Flavobacteriales,Flavobacteriaceae,Flavobacterium,uncultured bacterium,Flavobacterium,Flavobacteriaceae
Bacteria,Bacteroidetes,Bacteroidia,Sphingobacteriales,Sphingobacteriaceae,Pedobacter,NA,Pedobacter,Sphingobacteriaceae
Bacteria,Firmicutes,Bacilli,Bacillales,Bacillaceae,Bacillus,NA,Bacillus,Bacillaceae
Bacteria,Proteobacteria,Alphaproteobacteria,Sphingomonadales,Sphingomonadaceae,Sphingomonas,NA,Sphingomonas,Sphingomonadaceae
Bacteria,Proteobacteria,Gammaproteobacteria,WD260,uncultured bacterium,uncultured bacterium,uncultured bacterium,o_WD260,o_WD261
Bacteria,Proteobacteria,Gammaproteobacteria,Betaproteobacteriales,Burkholderiaceae,Hydrogenophaga,uncultured bacterium,Hydrogenophaga,Burkholderiaceae
Bacteria,Proteobacteria,Alphaproteobacteria,Rhizobiales,Devosiaceae,NA,NA,f_Devosiaceae,Devosiaceae
Bacteria,Verrucomicrobia,Verrucomicrobiae,Pedosphaerales,Pedosphaeraceae,uncultured bacterium,uncultured bacterium,f_Pedosphaeraceae,Pedosphaeraceae
Bacteria,Proteobacteria,Alphaproteobacteria,Rhizobiales,Devosiaceae,Devosia,NA,Devosia,Devosiaceae
Bacteria,Actinobacteria,Thermoleophilia,Solirubrobacterales,Solirubrobacteraceae,uncultured,metagenome,f_Solirubrobacteraceae,Solirubrobacteraceae
Bacteria,Proteobacteria,Alphaproteobacteria,Sphingomonadales,Sphingomonadaceae,Sphingomonas,NA,Sphingomonas,Sphingomonadaceae
Bacteria,Proteobacteria,Alphaproteobacteria,Rhizobiales,Xanthobacteraceae,uncultured,uncultured bacterium,f_Xanthobacteraceae,Xanthobacteraceae
Bacteria,Proteobacteria,Alphaproteobacteria,Rhizobiales,Rhizobiaceae,Allorhizobium-Neorhizobium-Pararhizobium-Rhizobium,NA,Allorhizobium-Neorhizobium-Pararhizobium-Rhizobium,Rhizobiaceae
Bacteria,Proteobacteria,Alphaproteobacteria,Azospirillales,Inquilinaceae,Inquilinus,NA,Inquilinus,Inquilinaceae
Archaea,Euryarchaeota,Methanobacteria,Methanobacteriales,Methanobacteriaceae,Methanobacterium,NA,Methanobacterium,Methanobacteriaceae
Bacteria,Proteobacteria,Alphaproteobacteria,Rhizobiales,Rhizobiaceae,NA,NA,f_Rhizobiaceae,Rhizobiaceae
Bacteria,Cyanobacteria,Oxyphotobacteria,Nostocales,Nostocaceae,Nostoc PCC-73102,NA,p_Cyanobacteria,Nostocaceae
Bacteria,Proteobacteria,Gammaproteobacteria,Betaproteobacteriales,Burkholderiaceae,Verticia,NA,Verticia,Burkholderiaceae
Bacteria,Bacteroidetes,Bacteroidia,Flavobacteriales,Flavobacteriaceae,Flavobacterium,NA,Flavobacterium,Flavobacteriaceae
Bacteria,Proteobacteria,Gammaproteobacteria,Enterobacteriales,Enterobacteriaceae,Serratia,NA,Serratia,Enterobacteriaceae
Bacteria,Bacteroidetes,Bacteroidia,Chitinophagales,Chitinophagaceae,uncultured,uncultured Bacteroidetes bacterium,f_Chitinophagaceae,Chitinophagaceae
Bacteria,Verrucomicrobia,Verrucomicrobiae,Opitutales,Opitutaceae,IMCC26134,NA,IMCC26134,Opitutaceae
Bacteria,Proteobacteria,Gammaproteobacteria,Xanthomonadales,Rhodanobacteraceae,Dokdonella,metagenome,Dokdonella,Rhodanobacteraceae
Bacteria,Proteobacteria,Alphaproteobacteria,Rhizobiales,Rhizobiaceae,Allorhizobium-Neorhizobium-Pararhizobium-Rhizobium,NA,Allorhizobium-Neorhizobium-Pararhizobium-Rhizobium,Rhizobiaceae
Bacteria,Proteobacteria,Alphaproteobacteria,Rhizobiales,Rhizobiaceae,Mesorhizobium,NA,Mesorhizobium,Rhizobiaceae
Bacteria,Planctomycetes,Planctomycetacia,Gemmatales,Gemmataceae,uncultured,uncultured bacterium,f_Gemmataceae,Gemmataceae
Bacteria,Actinobacteria,Actinobacteria,Corynebacteriales,Nocardiaceae,Rhodococcus,NA,Rhodococcus,Nocardiaceae
Bacteria,Actinobacteria,Actinobacteria,Corynebacteriales,Nocardiaceae,Nocardia,NA,Nocardia,Nocardiaceae
Bacteria,Actinobacteria,Actinobacteria,Pseudonocardiales,Pseudonocardiaceae,Pseudonocardia,NA,Pseudonocardia,Pseudonocardiaceae
Bacteria,Bacteroidetes,Bacteroidia,Cytophagales,Microscillaceae,uncultured,uncultured bacterium,f_Microscillaceae,Microscillaceae
Bacteria,Verrucomicrobia,Verrucomicrobiae,Chthoniobacterales,Chthoniobacteraceae,Candidatus Udaeobacter,NA,Candidatus Udaeobacter,Chthoniobacteraceae
Bacteria,Proteobacteria,Alphaproteobacteria,Rhizobiales,Devosiaceae,NA,NA,f_Devosiaceae,Devosiaceae
Bacteria,Proteobacteria,Alphaproteobacteria,Rhizobiales,Hyphomicrobiaceae,Hyphomicrobium,uncultured bacterium,Hyphomicrobium,Hyphomicrobiaceae
Bacteria,Proteobacteria,Gammaproteobacteria,Xanthomonadales,Rhodanobacteraceae,Rhodanobacter,uncultured bacterium,Rhodanobacter,Rhodanobacteraceae
Bacteria,Actinobacteria,Actinobacteria,Micrococcales,Microbacteriaceae,Okibacterium,NA,Okibacterium,Microbacteriaceae
Bacteria,Firmicutes,Bacilli,Bacillales,Staphylococcaceae,Salinicoccus,NA,Salinicoccus,Staphylococcaceae
Bacteria,Firmicutes,Clostridia,Clostridiales,Clostridiaceae 1,Clostridium sensu stricto 1,NA,Clostridium sensu stricto 1,Clostridiaceae 1
Bacteria,Proteobacteria,Alphaproteobacteria,Rhizobiales,Devosiaceae,Devosia,metagenome,Devosia,Devosiaceae
Bacteria,Proteobacteria,Gammaproteobacteria,Betaproteobacteriales,Burkholderiaceae,Burkholderia-Caballeronia-Paraburkholderia,NA,Burkholderia-Caballeronia-Paraburkholderia,Burkholderiaceae
Bacteria,Proteobacteria,Alphaproteobacteria,Rhizobiales,Rhizobiaceae,Allorhizobium-Neorhizobium-Pararhizobium-Rhizobium,NA,Allorhizobium-Neorhizobium-Pararhizobium-Rhizobium,Rhizobiaceae
Bacteria,Verrucomicrobia,Verrucomicrobiae,Verrucomicrobiales,Verrucomicrobiaceae,uncultured,NA,f_Verrucomicrobiaceae,Verrucomicrobiaceae
Bacteria,Proteobacteria,Gammaproteobacteria,Betaproteobacteriales,Burkholderiaceae,NA,NA,f_Burkholderiaceae,Burkholderiaceae
Bacteria,Proteobacteria,Gammaproteobacteria,Enterobacteriales,Enterobacteriaceae,Dickeya,NA,Dickeya,Enterobacteriaceae
Bacteria,Proteobacteria,Gammaproteobacteria,Enterobacteriales,Enterobacteriaceae,Enterobacter,NA,Enterobacter,Enterobacteriaceae
Bacteria,Firmicutes,Bacilli,Lactobacillales,Carnobacteriaceae,Carnobacterium,NA,Carnobacterium,Carnobacteriaceae
Bacteria,Proteobacteria,Gammaproteobacteria,Enterobacteriales,Enterobacteriaceae,NA,NA,f_Enterobacteriaceae,Enterobacteriaceae
Bacteria,Proteobacteria,Alphaproteobacteria,Rhizobiales,Beijerinckiaceae,Methylobacterium,Methylobacterium salsuginis,Methylobacterium,Beijerinckiaceae
Bacteria,Proteobacteria,Alphaproteobacteria,Rhizobiales,Rhizobiaceae,Mesorhizobium,NA,Mesorhizobium,Rhizobiaceae
Bacteria,Actinobacteria,Actinobacteria,Frankiales,Nakamurellaceae,Nakamurella,NA,Nakamurella,Nakamurellaceae
Bacteria,Proteobacteria,Gammaproteobacteria,Xanthomonadales,Xanthomonadaceae,Stenotrophomonas,uncultured bacterium,Stenotrophomonas,Xanthomonadaceae
Bacteria,Cyanobacteria,Oxyphotobacteria,Nostocales,Nostocaceae,Desmonostoc PCC-7422,NA,p_Cyanobacteria,p_Cyanobacteria
Bacteria,Proteobacteria,Deltaproteobacteria,Myxococcales,Polyangiaceae,NA,NA,f_Polyangiaceae,Polyangiaceae
Bacteria,Proteobacteria,Gammaproteobacteria,Pseudomonadales,Pseudomonadaceae,Pseudomonas,NA,Pseudomonas,Pseudomonadaceae
Bacteria,Proteobacteria,Gammaproteobacteria,Pseudomonadales,Moraxellaceae,Alkanindiges,uncultured bacterium,Alkanindiges,Moraxellaceae
Bacteria,Proteobacteria,Gammaproteobacteria,Alteromonadales,Alteromonadaceae,Rheinheimera,NA,Rheinheimera,Alteromonadaceae
Bacteria,Actinobacteria,Thermoleophilia,Solirubrobacterales,Solirubrobacteraceae,Solirubrobacter,uncultured bacterium,Solirubrobacter,Solirubrobacteraceae
Bacteria,Bacteroidetes,Bacteroidia,Chitinophagales,Chitinophagaceae,Parafilimonas,uncultured Bacteroidetes bacterium,Parafilimonas,Chitinophagaceae
Bacteria,Bacteroidetes,Bacteroidia,Chitinophagales,Chitinophagaceae,uncultured,uncultured bacterium,f_Chitinophagaceae,Chitinophagaceae
Bacteria,Verrucomicrobia,Verrucomicrobiae,Opitutales,Opitutaceae,IMCC26134,NA,IMCC26134,Opitutaceae
Bacteria,Proteobacteria,Deltaproteobacteria,Bdellovibrionales,Bdellovibrionaceae,Bdellovibrio,uncultured bacterium,Bdellovibrio,Bdellovibrionaceae
Bacteria,Proteobacteria,Alphaproteobacteria,Rhizobiales,Xanthobacteraceae,Bradyrhizobium,uncultured bacterium,Bradyrhizobium,Xanthobacteraceae
Bacteria,Cyanobacteria,Oxyphotobacteria,Nostocales,Phormidiaceae,NA,NA,f_Phormidiaceae,Phormidiaceae
Bacteria,Proteobacteria,Deltaproteobacteria,Myxococcales,Haliangiaceae,Haliangium,uncultured bacterium,Haliangium,Haliangiaceae
Bacteria,Actinobacteria,Actinobacteria,Kineosporiales,Kineosporiaceae,Quadrisphaera,uncultured bacterium,Quadrisphaera,Kineosporiaceae
Bacteria,Bacteroidetes,Bacteroidia,Sphingobacteriales,NS11-12 marine group,NA,NA,f_NS11-12 marine group,NS11-12 marine group
Bacteria,Proteobacteria,Alphaproteobacteria,Caulobacterales,Caulobacteraceae,Brevundimonas,NA,Brevundimonas,Caulobacteraceae
Bacteria,Planctomycetes,Planctomycetacia,Planctomycetales,Rubinisphaeraceae,Planctomicrobium,uncultured Planctomyces sp.,Planctomicrobium,Rubinisphaeraceae
Bacteria,Proteobacteria,Alphaproteobacteria,Rhizobiales,Beijerinckiaceae,Roseiarcus,uncultured bacterium,Roseiarcus,Beijerinckiaceae
Bacteria,Acidobacteria,Blastocatellia (Subgroup 4),Blastocatellales,Blastocatellaceae,Aridibacter,uncultured bacterium,Aridibacter,Blastocatellaceae
Bacteria,Proteobacteria,Deltaproteobacteria,Bdellovibrionales,Bdellovibrionaceae,Bdellovibrio,uncultured bacterium,Bdellovibrio,Bdellovibrionaceae
Bacteria,Bacteroidetes,Bacteroidia,Cytophagales,Spirosomaceae,Spirosoma,NA,Spirosoma,Spirosomaceae
Bacteria,Chlamydiae,Chlamydiae,Chlamydiales,cvE6,metagenome,metagenome,f_cvE6,cvE6
Bacteria,Proteobacteria,Gammaproteobacteria,Diplorickettsiales,Diplorickettsiaceae,Rickettsiella,uncultured Diplorickettsia sp.,Rickettsiella,Diplorickettsiaceae
Bacteria,Actinobacteria,Actinobacteria,Micrococcales,Micrococcaceae,NA,NA,f_Micrococcaceae,Micrococcaceae
Bacteria,Bacteroidetes,Bacteroidia,Flavobacteriales,Flavobacteriaceae,Flavobacterium,NA,Flavobacterium,Flavobacteriaceae
Bacteria,Planctomycetes,Planctomycetacia,Gemmatales,Gemmataceae,Fimbriiglobus,uncultured bacterium,Fimbriiglobus,Gemmataceae
Bacteria,Proteobacteria,Alphaproteobacteria,Rhizobiales,Rhizobiaceae,Aureimonas,NA,Aureimonas,Rhizobiaceae
Bacteria,Bacteroidetes,Bacteroidia,Sphingobacteriales,env.OPS 17,metagenome,metagenome,f_env.OPS 17,env.OPS 17
Bacteria,Proteobacteria,Deltaproteobacteria,Myxococcales,Haliangiaceae,Haliangium,NA,Haliangium,Haliangiaceae
Bacteria,Bacteroidetes,Bacteroidia,Chitinophagales,uncultured,uncultured bacterium,uncultured bacterium,o_Chitinophagales,o_Chitinophagales
Bacteria,Bacteroidetes,Bacteroidia,Sphingobacteriales,Sphingobacteriaceae,Sphingobacterium,NA,Sphingobacterium,Sphingobacteriaceae
Bacteria,Actinobacteria,Actinobacteria,Propionibacteriales,Nocardioidaceae,Aeromicrobium,NA,Aeromicrobium,Nocardioidaceae
Bacteria,Firmicutes,Bacilli,Bacillales,Staphylococcaceae,Staphylococcus,uncultured bacterium,Staphylococcus,Staphylococcaceae
Bacteria,Firmicutes,Bacilli,Bacillales,Bacillaceae,Bacillus,NA,Bacillus,Bacillaceae
Bacteria,Actinobacteria,Actinobacteria,Micrococcales,Micrococcaceae,Micrococcus,Micrococcus luteus,Micrococcus,Micrococcaceae
Bacteria,Firmicutes,Bacilli,Bacillales,Bacillaceae,Bacillus,NA,Bacillus,Bacillaceae
Bacteria,Proteobacteria,Gammaproteobacteria,Enterobacteriales,Enterobacteriaceae,Escherichia-Shigella,NA,Escherichia-Shigella,Enterobacteriaceae
Bacteria,Proteobacteria,Gammaproteobacteria,Enterobacteriales,Enterobacteriaceae,Escherichia-Shigella,uncultured bacterium,Escherichia-Shigella,Enterobacteriaceae
Bacteria,Firmicutes,Bacilli,Bacillales,Bacillaceae,Fictibacillus,NA,Fictibacillus,Bacillaceae
Bacteria,Firmicutes,Bacilli,Bacillales,Bacillaceae,Bacillus,NA,Bacillus,Bacillaceae
Bacteria,Proteobacteria,Gammaproteobacteria,Enterobacteriales,Enterobacteriaceae,Escherichia-Shigella,metagenome,Escherichia-Shigella,Enterobacteriaceae
Bacteria,Proteobacteria,Alphaproteobacteria,Acetobacterales,Acetobacteraceae,uncultured,uncultured bacterium,f_Acetobacteraceae,Acetobacteraceae
Bacteria,Proteobacteria,Gammaproteobacteria,Enterobacteriales,Enterobacteriaceae,Escherichia-Shigella,uncultured bacterium,Escherichia-Shigella,Enterobacteriaceae
Bacteria,Proteobacteria,Alphaproteobacteria,Sphingomonadales,Sphingomonadaceae,Sphingomonas,NA,Sphingomonas,Sphingomonadaceae
Bacteria,Proteobacteria,Gammaproteobacteria,Xanthomonadales,Xanthomonadaceae,Xanthomonas,NA,Xanthomonas,Xanthomonadaceae
Bacteria,Proteobacteria,Alphaproteobacteria,Rhizobiales,Rhizobiaceae,Allorhizobium-Neorhizobium-Pararhizobium-Rhizobium,uncultured bacterium,Allorhizobium-Neorhizobium-Pararhizobium-Rhizobium,Rhizobiaceae
Bacteria,Firmicutes,Bacilli,Bacillales,Bacillaceae,Bacillus,NA,Bacillus,Bacillaceae
Bacteria,Bacteroidetes,Bacteroidia,Flavobacteriales,Flavobacteriaceae,Flavobacterium,uncultured bacterium,Flavobacterium,Flavobacteriaceae
Bacteria,Gemmatimonadetes,Gemmatimonadetes,Gemmatimonadales,Gemmatimonadaceae,Gemmatirosa,uncultured bacterium,Gemmatirosa,Gemmatimonadaceae
Bacteria,Firmicutes,Bacilli,Lactobacillales,Carnobacteriaceae,Trichococcus,Trichococcus collinsii,Trichococcus,Carnobacteriaceae
Bacteria,Proteobacteria,Alphaproteobacteria,Rhizobiales,Beijerinckiaceae,Methylobacterium,uncultured bacterium,Methylobacterium,Beijerinckiaceae
Bacteria,Proteobacteria,Gammaproteobacteria,Enterobacteriales,Enterobacteriaceae,Escherichia-Shigella,uncultured bacterium,Escherichia-Shigella,Enterobacteriaceae
Bacteria,Proteobacteria,Gammaproteobacteria,Pseudomonadales,Moraxellaceae,Acinetobacter,uncultured bacterium,Acinetobacter,Moraxellaceae
Bacteria,Firmicutes,Bacilli,Bacillales,Paenibacillaceae,Paenibacillus,NA,Paenibacillus,Paenibacillaceae
Bacteria,Proteobacteria,Gammaproteobacteria,Alteromonadales,Pseudoalteromonadaceae,Pseudoalteromonas,NA,Pseudoalteromonas,Pseudoalteromonadaceae
Bacteria,Bacteroidetes,Bacteroidia,Sphingobacteriales,Sphingobacteriaceae,Sphingobacterium,NA,Sphingobacterium,Sphingobacteriaceae
Bacteria,Proteobacteria,Alphaproteobacteria,Rhizobiales,Rhizobiaceae,Allorhizobium-Neorhizobium-Pararhizobium-Rhizobium,Rhizobium etli,Allorhizobium-Neorhizobium-Pararhizobium-Rhizobium,Rhizobiaceae
Bacteria,Bacteroidetes,Bacteroidia,Chitinophagales,Chitinophagaceae,uncultured,NA,f_Chitinophagaceae,Chitinophagaceae
Bacteria,Firmicutes,Bacilli,Bacillales,Bacillaceae,Bacillus,Bacillus pumilus,Bacillus,Bacillaceae
Bacteria,Firmicutes,Bacilli,Bacillales,Bacillaceae,Bacillus,NA,Bacillus,Bacillaceae
Bacteria,Actinobacteria,Actinobacteria,Corynebacteriales,Nocardiaceae,Gordonia,NA,Gordonia,Nocardiaceae
Bacteria,Proteobacteria,Gammaproteobacteria,Oceanospirillales,Halomonadaceae,Halomonas,NA,Halomonas,Halomonadaceae
Bacteria,Actinobacteria,Coriobacteriia,Coriobacteriales,Atopobiaceae,Atopobium,NA,Atopobium,Atopobiaceae
Bacteria,Firmicutes,Bacilli,Bacillales,Planococcaceae,Planococcus,NA,Planococcus,Planococcaceae
Bacteria,Proteobacteria,Gammaproteobacteria,Enterobacteriales,Enterobacteriaceae,Escherichia-Shigella,metagenome,Escherichia-Shigella,Enterobacteriaceae
Bacteria,Proteobacteria,Gammaproteobacteria,Enterobacteriales,Enterobacteriaceae,Citrobacter,Citrobacter freundii,Citrobacter,Enterobacteriaceae
Bacteria,Proteobacteria,Gammaproteobacteria,Pseudomonadales,Pseudomonadaceae,Pseudomonas,NA,Pseudomonas,Pseudomonadaceae
Bacteria,Proteobacteria,Gammaproteobacteria,Enterobacteriales,Enterobacteriaceae,Escherichia-Shigella,NA,Escherichia-Shigella,Enterobacteriaceae
Bacteria,Proteobacteria,Gammaproteobacteria,Pseudomonadales,Pseudomonadaceae,Pseudomonas,NA,Pseudomonas,Pseudomonadaceae
Bacteria,Actinobacteria,Actinobacteria,Streptomycetales,Streptomycetaceae,Streptomyces,NA,Streptomyces,Streptomycetaceae
Bacteria,Firmicutes,Clostridia,Clostridiales,Lachnospiraceae,uncultured,uncultured bacterium,f_Lachnospiraceae,Lachnospiraceae
Bacteria,Firmicutes,Clostridia,Clostridiales,Ruminococcaceae,Fastidiosipila,uncultured bacterium,Fastidiosipila,Ruminococcaceae
Bacteria,Firmicutes,Bacilli,Bacillales,Bacillaceae,Bacillus,NA,Bacillus,Bacillaceae
Bacteria,Firmicutes,Bacilli,Bacillales,Bacillaceae,Virgibacillus,NA,Virgibacillus,Bacillaceae
Bacteria,Firmicutes,Bacilli,Bacillales,Bacillaceae,Bacillus,Bacillus subtilis,Bacillus,Bacillaceae
Bacteria,Firmicutes,Bacilli,Bacillales,Bacillaceae,NA,NA,f_Bacillaceae,Bacillaceae
Bacteria,Proteobacteria,Gammaproteobacteria,Pseudomonadales,Pseudomonadaceae,Pseudomonas,NA,Pseudomonas,Pseudomonadaceae
Bacteria,Proteobacteria,Gammaproteobacteria,Pseudomonadales,Pseudomonadaceae,Pseudomonas,Pseudomonas aeruginosa,Pseudomonas,Pseudomonadaceae
Bacteria,Actinobacteria,Actinobacteria,Streptomycetales,Streptomycetaceae,Streptomyces,NA,Streptomyces,Streptomycetaceae
Bacteria,Firmicutes,Bacilli,Bacillales,Bacillaceae,Bacillus,uncultured bacterium,Bacillus,Bacillaceae
Bacteria,Proteobacteria,Gammaproteobacteria,Enterobacteriales,Enterobacteriaceae,Escherichia-Shigella,NA,Escherichia-Shigella,Enterobacteriaceae
Bacteria,Firmicutes,Bacilli,Bacillales,Staphylococcaceae,Staphylococcus,NA,Staphylococcus,Staphylococcaceae
Bacteria,Proteobacteria,Gammaproteobacteria,Enterobacteriales,Enterobacteriaceae,Escherichia-Shigella,NA,Escherichia-Shigella,Enterobacteriaceae
Bacteria,Proteobacteria,Gammaproteobacteria,Pseudomonadales,Pseudomonadaceae,Pseudomonas,Pseudomonas aeruginosa,Pseudomonas,Pseudomonadaceae
Bacteria,Proteobacteria,Gammaproteobacteria,NA,NA,NA,NA,c_Gammaproteobacteria,c_Gammaproteobacteria
Bacteria,Proteobacteria,Gammaproteobacteria,Enterobacteriales,Enterobacteriaceae,Escherichia-Shigella,NA,Escherichia-Shigella,Enterobacteriaceae
Bacteria,Firmicutes,Bacilli,Bacillales,Staphylococcaceae,Staphylococcus,Staphylococcus hominis subsp. hominis,Staphylococcus,Staphylococcaceae
Bacteria,Firmicutes,Bacilli,Bacillales,Bacillaceae,Bacillus,NA,Bacillus,Bacillaceae
Bacteria,Proteobacteria,Gammaproteobacteria,Enterobacteriales,Enterobacteriaceae,Escherichia-Shigella,uncultured bacterium,Escherichia-Shigella,Enterobacteriaceae
Bacteria,Firmicutes,Bacilli,Bacillales,Staphylococcaceae,Salinicoccus,NA,Salinicoccus,Staphylococcaceae
Bacteria,Proteobacteria,Gammaproteobacteria,Enterobacteriales,Enterobacteriaceae,Escherichia-Shigella,uncultured bacterium,Escherichia-Shigella,Enterobacteriaceae
Bacteria,Proteobacteria,Gammaproteobacteria,Enterobacteriales,Enterobacteriaceae,Pantoea,NA,Pantoea,Enterobacteriaceae
Bacteria,Proteobacteria,Gammaproteobacteria,Enterobacteriales,Enterobacteriaceae,Escherichia-Shigella,NA,Escherichia-Shigella,Enterobacteriaceae
Bacteria,Proteobacteria,Gammaproteobacteria,Betaproteobacteriales,Burkholderiaceae,Comamonas,uncultured Comamonas sp.,Comamonas,Burkholderiaceae
Bacteria,Proteobacteria,Gammaproteobacteria,Enterobacteriales,Enterobacteriaceae,Escherichia-Shigella,NA,Escherichia-Shigella,Enterobacteriaceae
Bacteria,Firmicutes,Bacilli,Lactobacillales,Enterococcaceae,Enterococcus,NA,Enterococcus,Enterococcaceae
Bacteria,Firmicutes,Bacilli,Bacillales,Staphylococcaceae,Staphylococcus,Staphylococcus hominis subsp. hominis,Staphylococcus,Staphylococcaceae
Bacteria,Firmicutes,Bacilli,Bacillales,Staphylococcaceae,Staphylococcus,uncultured bacterium,Staphylococcus,Staphylococcaceae
Bacteria,Firmicutes,Bacilli,Bacillales,Staphylococcaceae,Staphylococcus,uncultured bacterium,Staphylococcus,Staphylococcaceae
Bacteria,Proteobacteria,Gammaproteobacteria,Enterobacteriales,Enterobacteriaceae,Escherichia-Shigella,uncultured bacterium,Escherichia-Shigella,Enterobacteriaceae
Bacteria,Proteobacteria,Gammaproteobacteria,Pseudomonadales,Pseudomonadaceae,Pseudomonas,uncultured bacterium,Pseudomonas,Pseudomonadaceae
Bacteria,Proteobacteria,Gammaproteobacteria,Enterobacteriales,Enterobacteriaceae,Escherichia-Shigella,uncultured bacterium,Escherichia-Shigella,Enterobacteriaceae
Bacteria,Proteobacteria,Gammaproteobacteria,Enterobacteriales,Enterobacteriaceae,Escherichia-Shigella,NA,Escherichia-Shigella,Enterobacteriaceae
Bacteria,Proteobacteria,Alphaproteobacteria,Rhizobiales,Rhizobiaceae,Ochrobactrum,NA,Ochrobactrum,Rhizobiaceae
Bacteria,Firmicutes,Bacilli,Bacillales,Bacillaceae,Anaerobacillus,NA,Anaerobacillus,Bacillaceae
Bacteria,Firmicutes,Bacilli,Bacillales,Bacillaceae,Bacillus,NA,Bacillus,Bacillaceae
Bacteria,Bacteroidetes,Bacteroidia,Bacteroidales,Rikenellaceae,Rikenellaceae RC9 gut group,uncultured bacterium,Rikenellaceae RC9 gut group,Rikenellaceae
Bacteria,Firmicutes,Bacilli,Lactobacillales,Carnobacteriaceae,Granulicatella,NA,Granulicatella,Carnobacteriaceae
Bacteria,Proteobacteria,Alphaproteobacteria,Rhizobiales,Beijerinckiaceae,Microvirga,NA,Microvirga,Beijerinckiaceae
Bacteria,Proteobacteria,Gammaproteobacteria,Oceanospirillales,Halomonadaceae,Halomonas,NA,Halomonas,Halomonadaceae
Bacteria,Deinococcus-Thermus,Deinococci,Deinococcales,Trueperaceae,Truepera,uncultured endolithic bacterium,Truepera,Trueperaceae
Bacteria,Proteobacteria,Gammaproteobacteria,Xanthomonadales,Xanthomonadaceae,Lysobacter,uncultured bacterium,Lysobacter,Xanthomonadaceae
Bacteria,Proteobacteria,Alphaproteobacteria,Sphingomonadales,Sphingomonadaceae,Sphingomonas,uncultured bacterium,Sphingomonas,Sphingomonadaceae
Bacteria,Proteobacteria,Gammaproteobacteria,Betaproteobacteriales,Burkholderiaceae,uncultured,uncultured bacterium,f_Burkholderiaceae,Burkholderiaceae
Bacteria,Proteobacteria,Gammaproteobacteria,Betaproteobacteriales,Burkholderiaceae,NA,NA,f_Burkholderiaceae,Burkholderiaceae
Bacteria,Cyanobacteria,Melainabacteria,Obscuribacterales,uncultured bacterium,uncultured bacterium,uncultured bacterium,p_Cyanobacteria,uncultured bacterium
Bacteria,Proteobacteria,Alphaproteobacteria,Sphingomonadales,Sphingomonadaceae,Sphingomonas,uncultured bacterium,Sphingomonas,Sphingomonadaceae
Bacteria,Firmicutes,Bacilli,Lactobacillales,Enterococcaceae,Vagococcus,NA,Vagococcus,Enterococcaceae
Bacteria,Proteobacteria,Gammaproteobacteria,Xanthomonadales,Xanthomonadaceae,Stenotrophomonas,NA,Stenotrophomonas,Xanthomonadaceae
Bacteria,Firmicutes,Bacilli,Bacillales,Listeriaceae,Listeria,Listeria monocytogenes,Listeria,Listeriaceae
Bacteria,Proteobacteria,Gammaproteobacteria,Enterobacteriales,Enterobacteriaceae,Escherichia-Shigella,uncultured Escherichia sp.,Escherichia-Shigella,Enterobacteriaceae
Bacteria,Firmicutes,Bacilli,Lactobacillales,Lactobacillaceae,Lactobacillus,Lactobacillus casei,Lactobacillus,Lactobacillaceae
Bacteria,Firmicutes,Bacilli,Lactobacillales,Streptococcaceae,Streptococcus,uncultured bacterium,Streptococcus,Streptococcaceae
Bacteria,Firmicutes,Bacilli,Lactobacillales,Enterococcaceae,Enterococcus,Enterococcus faecalis,Enterococcus,Enterococcaceae
Bacteria,Firmicutes,Bacilli,Lactobacillales,Lactobacillaceae,Lactobacillus,uncultured Bacillus sp.,Lactobacillus,Lactobacillaceae
Bacteria,Firmicutes,Bacilli,Lactobacillales,Enterococcaceae,Enterococcus,Enterococcus faecalis,Enterococcus,Enterococcaceae
Bacteria,Firmicutes,Bacilli,Lactobacillales,Enterococcaceae,Enterococcus,NA,Enterococcus,Enterococcaceae
Bacteria,Firmicutes,Bacilli,Bacillales,Bacillaceae,Anaerobacillus,NA,Anaerobacillus,Bacillaceae
Bacteria,Firmicutes,Bacilli,Bacillales,Listeriaceae,Listeria,Listeria monocytogenes,Listeria,Listeriaceae
Bacteria,Firmicutes,Bacilli,Lactobacillales,Enterococcaceae,Enterococcus,Enterococcus faecalis,Enterococcus,Enterococcaceae
Bacteria,Proteobacteria,Gammaproteobacteria,Enterobacteriales,Enterobacteriaceae,Escherichia-Shigella,NA,Escherichia-Shigella,Enterobacteriaceae
Bacteria,Firmicutes,Bacilli,Lactobacillales,Lactobacillaceae,Lactobacillus,Lactobacillus fermentum,Lactobacillus,Lactobacillaceae
Bacteria,Firmicutes,Bacilli,Lactobacillales,Lactobacillaceae,Lactobacillus,uncultured bacterium,Lactobacillus,Lactobacillaceae
Bacteria,Firmicutes,Bacilli,Lactobacillales,Lactobacillaceae,Lactobacillus,Lactobacillus fermentum,Lactobacillus,Lactobacillaceae
Bacteria,Firmicutes,Bacilli,Lactobacillales,Enterococcaceae,Enterococcus,Enterococcus durans,Enterococcus,Enterococcaceae
Bacteria,Firmicutes,Bacilli,Lactobacillales,Enterococcaceae,Enterococcus,NA,Enterococcus,Enterococcaceae
Bacteria,Firmicutes,Bacilli,Bacillales,Bacillaceae,Bacillus,NA,Bacillus,Bacillaceae
Bacteria,Proteobacteria,Gammaproteobacteria,Enterobacteriales,Enterobacteriaceae,Escherichia-Shigella,uncultured bacterium,Escherichia-Shigella,Enterobacteriaceae
Bacteria,Firmicutes,Bacilli,Lactobacillales,Lactobacillaceae,Lactobacillus,NA,Lactobacillus,Lactobacillaceae
Bacteria,Firmicutes,Bacilli,Bacillales,Staphylococcaceae,Staphylococcus,uncultured Staphylococcus sp.,Staphylococcus,Staphylococcaceae