,OTUID,Occ.bio.nc.fil,Domain,Phylum,Class,Order,Family,Genus,Species,Genus.ed,Family.ed
49,CCPS01000022.154.1916,0.971830986,Bacteria,Proteobacteria,Gammaproteobacteria,Enterobacteriales,Enterobacteriaceae,Escherichia-Shigella,Escherichia coli,Escherichia-Shigella,Enterobacteriaceae
211,JOGX01000016.105867.107365,0.943661972,Bacteria,Actinobacteria,Actinobacteria,Streptomycetales,Streptomycetaceae,Streptomyces,NA,Streptomyces,Streptomycetaceae
238,KF625186.1.1741,0.704225352,Bacteria,Proteobacteria,Gammaproteobacteria,Enterobacteriales,Enterobacteriaceae,Raoultella,Raoultella ornithinolytica,Raoultella,Enterobacteriaceae
55,CP018779.372609.374112,0.661971831,Bacteria,Proteobacteria,Alphaproteobacteria,Rhizobiales,Rhizobiaceae,Ochrobactrum,NA,Ochrobactrum,Rhizobiaceae
269,KY646001.1.1573,0.661971831,Bacteria,Firmicutes,Bacilli,Bacillales,Bacillaceae,Bacillus,NA,Bacillus,Bacillaceae
74,EF101305.1.1542,0.535211268,Bacteria,Proteobacteria,Gammaproteobacteria,Pseudomonadales,Pseudomonadaceae,Pseudomonas,NA,Pseudomonas,Pseudomonadaceae
78,EF528273.1.1512,0.478873239,Bacteria,Firmicutes,Bacilli,Bacillales,Bacillaceae,Bacillus,NA,Bacillus,Bacillaceae
244,KJ161326.1.1708,0.464788732,Bacteria,Proteobacteria,Gammaproteobacteria,Pseudomonadales,Pseudomonadaceae,Pseudomonas,NA,Pseudomonas,Pseudomonadaceae
254,KR026982.1.1447,0.422535211,Bacteria,Proteobacteria,Gammaproteobacteria,Pseudomonadales,Pseudomonadaceae,Pseudomonas,NA,Pseudomonas,Pseudomonadaceae
61,DQ298777.1.1540,0.38028169,Bacteria,Proteobacteria,Gammaproteobacteria,Xanthomonadales,Xanthomonadaceae,Stenotrophomonas,NA,Stenotrophomonas,Xanthomonadaceae
163,HAEP01038523.44.1571,0.366197183,Bacteria,Proteobacteria,Gammaproteobacteria,Betaproteobacteriales,Burkholderiaceae,NA,NA,f_Burkholderiaceae,Burkholderiaceae
157,GQ483458.1.1495,0.352112676,Bacteria,Proteobacteria,Alphaproteobacteria,Rhizobiales,Rhizobiaceae,Allorhizobium-Neorhizobium-Pararhizobium-Rhizobium,NA,Allorhizobium-Neorhizobium-Pararhizobium-Rhizobium,Rhizobiaceae
77,EF517956.1.1666,0.309859155,Bacteria,Proteobacteria,Gammaproteobacteria,Pseudomonadales,Moraxellaceae,Acinetobacter,Acinetobacter sp. IGCAR-9/07,Acinetobacter,Moraxellaceae
144,FR746074.1.1400,0.295774648,Bacteria,Proteobacteria,Gammaproteobacteria,Pseudomonadales,Pseudomonadaceae,Pseudomonas,NA,Pseudomonas,Pseudomonadaceae
35,AY491594.1.1631,0.253521127,Bacteria,Proteobacteria,Gammaproteobacteria,Betaproteobacteriales,Burkholderiaceae,uncultured,NA,f_Burkholderiaceae,Burkholderiaceae
255,KR088549.1.1526,0.253521127,Bacteria,Actinobacteria,Actinobacteria,Micrococcales,Micrococcaceae,Arthrobacter,Arthrobacter sp. F7,Arthrobacter,Micrococcaceae
114,FPID01000096.6.1486,0.225352113,Bacteria,Proteobacteria,Gammaproteobacteria,Pseudomonadales,Pseudomonadaceae,Pseudomonas,metagenome,Pseudomonas,Pseudomonadaceae
181,HQ121200.1.1459,0.225352113,Bacteria,Proteobacteria,Alphaproteobacteria,Caulobacterales,Caulobacteraceae,NA,NA,f_Caulobacteraceae,Caulobacteraceae
270,KY711182.1.1549,0.225352113,Bacteria,Proteobacteria,Gammaproteobacteria,Pseudomonadales,Pseudomonadaceae,Pseudomonas,NA,Pseudomonas,Pseudomonadaceae
26,AOTI010541966.326.1849,0.211267606,Bacteria,Proteobacteria,Gammaproteobacteria,Pseudomonadales,Pseudomonadaceae,Pseudomonas,NA,Pseudomonas,Pseudomonadaceae
199,JN082536.1.1536,0.211267606,Bacteria,Proteobacteria,Gammaproteobacteria,Pseudomonadales,Moraxellaceae,Acinetobacter,NA,Acinetobacter,Moraxellaceae
58,CTEN01000001.315310.316856,0.183098592,Bacteria,Firmicutes,Bacilli,Lactobacillales,Streptococcaceae,Streptococcus,NA,Streptococcus,Streptococcaceae
15,AF284578.1.1549,0.169014085,Bacteria,Firmicutes,Bacilli,Lactobacillales,Streptococcaceae,Streptococcus,NA,Streptococcus,Streptococcaceae
243,KJ013374.1.1531,0.169014085,Bacteria,Actinobacteria,Actinobacteria,Streptomycetales,Streptomycetaceae,Streptomyces,NA,Streptomyces,Streptomycetaceae
41,AY856845.1.1538,0.154929577,Bacteria,Proteobacteria,Gammaproteobacteria,Xanthomonadales,Xanthomonadaceae,Stenotrophomonas,NA,Stenotrophomonas,Xanthomonadaceae
167,HF570082.1.1509,0.14084507,Bacteria,Proteobacteria,Alphaproteobacteria,Rhizobiales,Beijerinckiaceae,Methylobacterium,NA,Methylobacterium,Beijerinckiaceae
275,LC140841.1.1508,0.14084507,Bacteria,Proteobacteria,Gammaproteobacteria,Pseudomonadales,Pseudomonadaceae,Pseudomonas,uncultured Pseudomonas sp.,Pseudomonas,Pseudomonadaceae
11,ABRA01002618.192.1704,0.126760563,Bacteria,Proteobacteria,Alphaproteobacteria,Rhizobiales,Rhizobiaceae,Allorhizobium-Neorhizobium-Pararhizobium-Rhizobium,NA,Allorhizobium-Neorhizobium-Pararhizobium-Rhizobium,Rhizobiaceae
147,GEXO01005455.1.1513,0.126760563,Bacteria,Proteobacteria,Gammaproteobacteria,Enterobacteriales,Enterobacteriaceae,Escherichia-Shigella,Malaclemys terrapin terrapin,Escherichia-Shigella,Enterobacteriaceae
187,HQ455824.1.1542,0.126760563,Bacteria,Proteobacteria,Gammaproteobacteria,Enterobacteriales,Enterobacteriaceae,Pantoea,NA,Pantoea,Enterobacteriaceae
189,HQ682006.1.1451,0.126760563,Bacteria,Proteobacteria,Alphaproteobacteria,Caulobacterales,Caulobacteraceae,Brevundimonas,uncultured bacterium,Brevundimonas,Caulobacteraceae
18,AJ429238.1.1465,0.112676056,Bacteria,Proteobacteria,Alphaproteobacteria,Sphingomonadales,Sphingomonadaceae,Sphingomonas,NA,Sphingomonas,Sphingomonadaceae
73,EF064168.1.1513,0.112676056,Bacteria,Proteobacteria,Gammaproteobacteria,Betaproteobacteriales,Burkholderiaceae,Aquabacterium,uncultured bacterium,Aquabacterium,Burkholderiaceae
217,JUOP01000215.81.1657,0.112676056,Bacteria,Firmicutes,Bacilli,Lactobacillales,Enterococcaceae,Enterococcus,Enterococcus faecalis,Enterococcus,Enterococcaceae
251,KP096372.1.1487,0.112676056,Bacteria,Firmicutes,Bacilli,Bacillales,Bacillaceae,Bacillus,Bacillus subtilis,Bacillus,Bacillaceae
278,LKHO01000001.198.1803,0.112676056,Bacteria,Firmicutes,Bacilli,Bacillales,Listeriaceae,Listeria,Listeria monocytogenes,Listeria,Listeriaceae
138,FPLS01033822.31.1498,0.098591549,Bacteria,Proteobacteria,Alphaproteobacteria,Rhizobiales,Rhizobiaceae,NA,NA,f_Rhizobiaceae,Rhizobiaceae
165,HAFQ01034884.73.1567,0.098591549,Bacteria,Proteobacteria,Gammaproteobacteria,Pseudomonadales,Pseudomonadaceae,Pseudomonas,Spumella sp. AR4D6,Pseudomonas,Pseudomonadaceae
169,HG780372.1.1269,0.098591549,Bacteria,Proteobacteria,Gammaproteobacteria,Pseudomonadales,Pseudomonadaceae,Pseudomonas,Pseudomonas stutzeri,Pseudomonas,Pseudomonadaceae
203,JN695913.1.1530,0.098591549,Bacteria,Proteobacteria,Alphaproteobacteria,Rhizobiales,Beijerinckiaceae,Methylobacterium,Methylobacterium radiotolerans,Methylobacterium,Beijerinckiaceae
216,JRJC01000023.11.1813,0.098591549,Bacteria,Proteobacteria,Gammaproteobacteria,Enterobacteriales,Enterobacteriaceae,Enterobacter,NA,Enterobacter,Enterobacteriaceae
95,FJ439860.1.1500,0.084507042,Bacteria,Proteobacteria,Alphaproteobacteria,Rhizobiales,Xanthobacteraceae,Bradyrhizobium,uncultured bacterium,Bradyrhizobium,Xanthobacteraceae
206,JN868813.1.1537,0.084507042,Bacteria,Proteobacteria,Gammaproteobacteria,Xanthomonadales,Xanthomonadaceae,Stenotrophomonas,NA,Stenotrophomonas,Xanthomonadaceae
289,LT605585.1090822.1092349,0.084507042,Bacteria,Proteobacteria,Alphaproteobacteria,Rhizobiales,Rhizobiaceae,Brucella,NA,Brucella,Rhizobiaceae
296,S83568.1.1554,0.084507042,Bacteria,Firmicutes,Bacilli,Bacillales,Staphylococcaceae,Staphylococcus,Staphylococcus agnetis,Staphylococcus,Staphylococcaceae
2,AB362767.1.1576,0.070422535,Bacteria,Firmicutes,Bacilli,Lactobacillales,Lactobacillaceae,Lactobacillus,Lactobacillus fermentum,Lactobacillus,Lactobacillaceae
21,AM183014.1.1441,0.070422535,Bacteria,Proteobacteria,Gammaproteobacteria,Enterobacteriales,Enterobacteriaceae,Escherichia-Shigella,uncultured Enterobacteriaceae bacterium,Escherichia-Shigella,Enterobacteriaceae
24,AOKA01000137.3650.5241,0.070422535,Bacteria,Proteobacteria,Gammaproteobacteria,Pseudomonadales,Pseudomonadaceae,Pseudomonas,NA,Pseudomonas,Pseudomonadaceae
34,AY275432.1.1524,0.070422535,Bacteria,Proteobacteria,Gammaproteobacteria,Betaproteobacteriales,Burkholderiaceae,NA,NA,f_Burkholderiaceae,Burkholderiaceae
263,KU714901.1.1529,0.070422535,Bacteria,Actinobacteria,Actinobacteria,Streptomycetales,Streptomycetaceae,Streptomyces,NA,Streptomyces,Streptomycetaceae
272,KY777463.1.1542,0.070422535,Bacteria,Actinobacteria,Actinobacteria,Micrococcales,Micrococcaceae,Micrococcus,Micrococcus luteus,Micrococcus,Micrococcaceae
36,AY491606.1.1607,0.056338028,Bacteria,Proteobacteria,Gammaproteobacteria,Betaproteobacteriales,Burkholderiaceae,uncultured,uncultured bacterium,f_Burkholderiaceae,Burkholderiaceae
48,CATO01000049.63.1649,0.056338028,Bacteria,Proteobacteria,Gammaproteobacteria,Enterobacteriales,Enterobacteriaceae,Salmonella,NA,Salmonella,Enterobacteriaceae
68,DQ535028.1.1539,0.056338028,Bacteria,Proteobacteria,Gammaproteobacteria,Betaproteobacteriales,Burkholderiaceae,Rhodoferax,NA,Rhodoferax,Burkholderiaceae
76,EF364387.1.1474,0.056338028,Bacteria,Proteobacteria,Alphaproteobacteria,Rhizobiales,Beijerinckiaceae,Bosea,NA,Bosea,Beijerinckiaceae
208,JN868968.1.1503,0.056338028,Bacteria,Proteobacteria,Alphaproteobacteria,Rhizobiales,Rhizobiaceae,Allorhizobium-Neorhizobium-Pararhizobium-Rhizobium,uncultured bacterium,Allorhizobium-Neorhizobium-Pararhizobium-Rhizobium,Rhizobiaceae
223,KC620696.1.1489,0.056338028,Bacteria,Proteobacteria,Alphaproteobacteria,Rhizobiales,Beijerinckiaceae,Methylobacterium,uncultured bacterium,Methylobacterium,Beijerinckiaceae
247,KM232740.1.1520,0.056338028,Bacteria,Bacteroidetes,Bacteroidia,Flavobacteriales,Flavobacteriaceae,Flavobacterium,uncultured bacterium,Flavobacterium,Flavobacteriaceae
257,KT003266.1.1254,0.056338028,Bacteria,Firmicutes,Bacilli,Bacillales,Bacillaceae,Bacillus,NA,Bacillus,Bacillaceae
294,MTIS01000005.1947007.1948557,0.056338028,Bacteria,Firmicutes,Bacilli,Bacillales,Bacillaceae,Bacillus,Bacillus alkalitelluris,Bacillus,Bacillaceae
3,AB365066.1.1533,0.042253521,Bacteria,Proteobacteria,Gammaproteobacteria,Pseudomonadales,Moraxellaceae,Acinetobacter,uncultured bacterium,Acinetobacter,Moraxellaceae
8,AB696297.1.1439,0.042253521,Bacteria,Proteobacteria,Gammaproteobacteria,Enterobacteriales,Enterobacteriaceae,Escherichia-Shigella,uncultured bacterium,Escherichia-Shigella,Enterobacteriaceae
27,APMI01074565.1093.2594,0.042253521,Bacteria,Bacteroidetes,Bacteroidia,Sphingobacteriales,Sphingobacteriaceae,Pedobacter,NA,Pedobacter,Sphingobacteriaceae
52,CP007799.5360909.5362333,0.042253521,Bacteria,Proteobacteria,Gammaproteobacteria,Enterobacteriales,Enterobacteriaceae,Escherichia-Shigella,NA,Escherichia-Shigella,Enterobacteriaceae
59,CVJT01000011.50.2173,0.042253521,Bacteria,Firmicutes,Bacilli,Bacillales,Staphylococcaceae,Staphylococcus,Staphylococcus aureus,Staphylococcus,Staphylococcaceae
60,DQ234192.1.1572,0.042253521,Bacteria,Proteobacteria,Gammaproteobacteria,Pseudomonadales,Pseudomonadaceae,Pseudomonas,NA,Pseudomonas,Pseudomonadaceae
65,DQ490464.1.1485,0.042253521,Bacteria,Bacteroidetes,Bacteroidia,Sphingobacteriales,Sphingobacteriaceae,Pedobacter,NA,Pedobacter,Sphingobacteriaceae
69,DQ819169.1.1447,0.042253521,Bacteria,Proteobacteria,Gammaproteobacteria,Enterobacteriales,Enterobacteriaceae,Escherichia-Shigella,uncultured bacterium,Escherichia-Shigella,Enterobacteriaceae
106,FLTE01001368.534.2052,0.042253521,Bacteria,Proteobacteria,Gammaproteobacteria,Betaproteobacteriales,Burkholderiaceae,Janthinobacterium,NA,Janthinobacterium,Burkholderiaceae
115,FPLK01000283.11.1521,0.042253521,Bacteria,Proteobacteria,Gammaproteobacteria,Betaproteobacteriales,Burkholderiaceae,Ramlibacter,NA,Ramlibacter,Burkholderiaceae
207,JN868839.1.1481,0.042253521,Bacteria,Proteobacteria,Alphaproteobacteria,Caulobacterales,Caulobacteraceae,Brevundimonas,NA,Brevundimonas,Caulobacteraceae
215,JQNF01000007.278620.280162,0.042253521,Bacteria,Firmicutes,Bacilli,Lactobacillales,Carnobacteriaceae,Carnobacterium,NA,Carnobacterium,Carnobacteriaceae
219,JX898179.1.1548,0.042253521,Bacteria,Acidobacteria,Subgroup 6,uncultured Acidobacteria bacterium,uncultured Acidobacteria bacterium,uncultured Acidobacteria bacterium,uncultured Acidobacteria bacterium,uncultured Acidobacteria bacterium,uncultured Acidobacteria bacterium
1,AB257635.1.1477,0.028169014,Bacteria,Proteobacteria,Alphaproteobacteria,Rhizobiales,Rhizobiaceae,Aureimonas,NA,Aureimonas,Rhizobiaceae
14,AF125876.1.1529,0.028169014,Bacteria,Proteobacteria,Gammaproteobacteria,Betaproteobacteriales,Burkholderiaceae,NA,NA,f_Burkholderiaceae,Burkholderiaceae
19,AJ440990.1.1550,0.028169014,Bacteria,Firmicutes,Bacilli,Bacillales,Planococcaceae,Planococcus,NA,Planococcus,Planococcaceae
28,APQB01000020.493579.495105,0.028169014,Bacteria,Proteobacteria,Gammaproteobacteria,Pseudomonadales,Moraxellaceae,Acinetobacter,NA,Acinetobacter,Moraxellaceae
30,AY030334.1.1514,0.028169014,Bacteria,Firmicutes,Bacilli,Bacillales,Bacillaceae,Bacillus,NA,Bacillus,Bacillaceae
44,AYZN01000032.115.1658,0.028169014,Bacteria,Firmicutes,Bacilli,Lactobacillales,Lactobacillaceae,Lactobacillus,uncultured bacterium,Lactobacillus,Lactobacillaceae
46,BBPI01000114.335.1824,0.028169014,Bacteria,Proteobacteria,Alphaproteobacteria,Sphingomonadales,Sphingomonadaceae,Sphingomonas,NA,Sphingomonas,Sphingomonadaceae
50,CP002568.631832.633307,0.028169014,Bacteria,Proteobacteria,Alphaproteobacteria,Rhizobiales,Stappiaceae,NA,NA,f_Stappiaceae,Stappiaceae
51,CP006941.13451.15024,0.028169014,Bacteria,Firmicutes,Bacilli,Bacillales,Paenibacillaceae,Paenibacillus,NA,Paenibacillus,Paenibacillaceae
54,CP014226.105426.106962,0.028169014,Bacteria,Proteobacteria,Gammaproteobacteria,Oceanospirillales,Halomonadaceae,Halomonas,NA,Halomonas,Halomonadaceae
56,CP019158.175094.176630,0.028169014,Bacteria,Bacteroidetes,Bacteroidia,Sphingobacteriales,Sphingobacteriaceae,Sphingobacterium,NA,Sphingobacterium,Sphingobacteriaceae
87,EU771597.1.1411,0.028169014,Bacteria,Proteobacteria,Gammaproteobacteria,Enterobacteriales,Enterobacteriaceae,Escherichia-Shigella,uncultured bacterium,Escherichia-Shigella,Enterobacteriaceae
93,EU935284.1.1486,0.028169014,Bacteria,Proteobacteria,Alphaproteobacteria,Rhizobiales,Rhizobiaceae,Aurantimonas,NA,Aurantimonas,Rhizobiaceae
110,FN436071.1.1449,0.028169014,Bacteria,Proteobacteria,Alphaproteobacteria,Rhizobiales,Rhizobiaceae,Shinella,NA,Shinella,Rhizobiaceae
123,FPLL01008779.14.1515,0.028169014,Bacteria,Bacteroidetes,Bacteroidia,Sphingobacteriales,Sphingobacteriaceae,uncultured,NA,f_Sphingobacteriaceae,Sphingobacteriaceae
141,FPLS01042637.11.1526,0.028169014,Bacteria,Proteobacteria,Gammaproteobacteria,Betaproteobacteriales,Burkholderiaceae,Curvibacter,NA,Curvibacter,Burkholderiaceae
159,GQ853416.1.1513,0.028169014,Bacteria,Proteobacteria,Gammaproteobacteria,Enterobacteriales,Enterobacteriaceae,Pantoea,NA,Pantoea,Enterobacteriaceae
173,HK557027.1.1450,0.028169014,Bacteria,Proteobacteria,Alphaproteobacteria,Sphingomonadales,Sphingomonadaceae,Sphingomonas,NA,Sphingomonas,Sphingomonadaceae
180,HQ121087.1.1522,0.028169014,Bacteria,Proteobacteria,Gammaproteobacteria,Betaproteobacteriales,Burkholderiaceae,NA,NA,f_Burkholderiaceae,Burkholderiaceae
185,HQ218547.1.1480,0.028169014,Bacteria,Proteobacteria,Alphaproteobacteria,Rhizobiales,Kaistiaceae,Kaistia,uncultured bacterium,Kaistia,Kaistiaceae
200,JN178192.1.1482,0.028169014,Bacteria,Proteobacteria,Alphaproteobacteria,Rhizobiales,Hyphomicrobiaceae,Hyphomicrobium,uncultured bacterium,Hyphomicrobium,Hyphomicrobiaceae
225,KC682939.1.1482,0.028169014,Bacteria,Proteobacteria,Alphaproteobacteria,Sphingomonadales,Sphingomonadaceae,Novosphingobium,NA,Novosphingobium,Sphingomonadaceae
226,KC683027.1.1557,0.028169014,Bacteria,Firmicutes,Bacilli,Lactobacillales,Carnobacteriaceae,Trichococcus,Trichococcus collinsii,Trichococcus,Carnobacteriaceae
229,KC858869.1.1562,0.028169014,Bacteria,Firmicutes,Bacilli,Bacillales,Bacillaceae,Bacillus,NA,Bacillus,Bacillaceae
230,KF026285.1.1556,0.028169014,Bacteria,Proteobacteria,Gammaproteobacteria,Pseudomonadales,Pseudomonadaceae,Pseudomonas,Pseudomonas aeruginosa,Pseudomonas,Pseudomonadaceae
252,KP232906.1.1565,0.028169014,Bacteria,Firmicutes,Bacilli,Bacillales,Bacillaceae,Bacillus,NA,Bacillus,Bacillaceae
265,KX146486.1.1489,0.028169014,Bacteria,Bacteroidetes,Bacteroidia,Chitinophagales,Chitinophagaceae,Arachidicoccus,NA,Arachidicoccus,Chitinophagaceae
271,KY777444.1.1555,0.028169014,Bacteria,Firmicutes,Bacilli,Bacillales,Bacillaceae,Bacillus,NA,Bacillus,Bacillaceae
273,LAVU01000228.149.1665,0.028169014,Bacteria,Actinobacteria,Actinobacteria,Micrococcales,Micrococcaceae,NA,NA,f_Micrococcaceae,Micrococcaceae
279,LMOH01000001.656692.658176,0.028169014,Bacteria,Proteobacteria,Alphaproteobacteria,Rhizobiales,Rhizobiaceae,Aureimonas,NA,Aureimonas,Rhizobiaceae
290,LT627107.1.1550,0.028169014,Bacteria,Proteobacteria,Gammaproteobacteria,Xanthomonadales,Xanthomonadaceae,Stenotrophomonas,Stenotrophomonas rhizophila,Stenotrophomonas,Xanthomonadaceae
292,MDDS01000052.248.1742,0.028169014,Bacteria,Proteobacteria,Alphaproteobacteria,Sphingomonadales,Sphingomonadaceae,Sphingomonas,NA,Sphingomonas,Sphingomonadaceae
293,MLJW01000012.177783.179297,0.028169014,Bacteria,Bacteroidetes,Bacteroidia,Chitinophagales,Chitinophagaceae,Sediminibacterium,NA,Sediminibacterium,Chitinophagaceae
295,MVBC01000034.3.1520,0.028169014,Bacteria,Bacteroidetes,Bacteroidia,Cytophagales,Hymenobacteraceae,Hymenobacter,NA,Hymenobacter,Hymenobacteraceae
4,AB374378.1.1507,0.014084507,Bacteria,Deinococcus-Thermus,Deinococci,Deinococcales,Trueperaceae,Truepera,uncultured endolithic bacterium,Truepera,Trueperaceae
5,AB374388.1.1497,0.014084507,Bacteria,Proteobacteria,Alphaproteobacteria,Rhizobiales,Rhizobiaceae,Mesorhizobium,NA,Mesorhizobium,Rhizobiaceae
6,AB630448.1.1379,0.014084507,Bacteria,Proteobacteria,Alphaproteobacteria,Caulobacterales,Hyphomonadaceae,SWB02,uncultured bacterium,SWB02,Hyphomonadaceae
9,AB698691.1.1446,0.014084507,Bacteria,Proteobacteria,Alphaproteobacteria,Rhizobiales,Beijerinckiaceae,Methylobacterium,NA,Methylobacterium,Beijerinckiaceae
10,AB754179.1.1440,0.014084507,Bacteria,Firmicutes,Clostridia,Clostridiales,Family XIII,Anaerovorax,uncultured bacterium,Anaerovorax,Family XIII
12,ADHG01000001.652476.654027,0.014084507,Bacteria,Firmicutes,Bacilli,Lactobacillales,Lactobacillaceae,Lactobacillus,uncultured bacterium,Lactobacillus,Lactobacillaceae
16,AGFF01000033.3677.5176,0.014084507,Bacteria,Actinobacteria,Actinobacteria,Corynebacteriales,Dietziaceae,Dietzia,NA,Dietzia,Dietziaceae
20,AJ506191.1.1548,0.014084507,Bacteria,Firmicutes,Negativicutes,Selenomonadales,Veillonellaceae,Sporomusa,uncultured Sporomusa sp.,Sporomusa,Veillonellaceae
25,AORL01000003.205.1670,0.014084507,Bacteria,Proteobacteria,Alphaproteobacteria,Sphingomonadales,Sphingomonadaceae,Sphingomonas,NA,Sphingomonas,Sphingomonadaceae
29,ARNI01000005.12.1498,0.014084507,Bacteria,Bacteroidetes,Bacteroidia,Cytophagales,Spirosomaceae,Dyadobacter,NA,Dyadobacter,Spirosomaceae
32,AY139002.1.1524,0.014084507,Bacteria,Proteobacteria,Gammaproteobacteria,Betaproteobacteriales,Burkholderiaceae,Herbaspirillum,NA,Herbaspirillum,Burkholderiaceae
33,AY220740.1.1485,0.014084507,Bacteria,Proteobacteria,Alphaproteobacteria,Acetobacterales,Acetobacteraceae,Roseomonas,NA,Roseomonas,Acetobacteraceae
38,AY773134.1.1507,0.014084507,Bacteria,Proteobacteria,Gammaproteobacteria,Betaproteobacteriales,Burkholderiaceae,Comamonas,NA,Comamonas,Burkholderiaceae
43,AYSH01000012.3236.4783,0.014084507,Bacteria,Firmicutes,Bacilli,Lactobacillales,Enterococcaceae,Vagococcus,NA,Vagococcus,Enterococcaceae
45,BBFW01000391.24.1543,0.014084507,Bacteria,Actinobacteria,Actinobacteria,Corynebacteriales,Nocardiaceae,Nocardia,NA,Nocardia,Nocardiaceae
47,BBUL01000055.3960.5476,0.014084507,Bacteria,Proteobacteria,Gammaproteobacteria,Cellvibrionales,Cellvibrionaceae,Cellvibrio,NA,Cellvibrio,Cellvibrionaceae
53,CP012507.1793487.1795021,0.014084507,Bacteria,Actinobacteria,Actinobacteria,Micrococcales,Micrococcaceae,Kocuria,NA,Kocuria,Micrococcaceae
62,DQ404663.1.1486,0.014084507,Bacteria,Bacteroidetes,Bacteroidia,Sphingobacteriales,env.OPS 17,uncultured bacterium,uncultured bacterium,f_env.OPS 17,env.OPS 17
63,DQ450748.1.1393,0.014084507,Bacteria,Bacteroidetes,Bacteroidia,Chitinophagales,Chitinophagaceae,Parafilimonas,uncultured Bacteroidetes bacterium,Parafilimonas,Chitinophagaceae
66,DQ493433.1.1449,0.014084507,Bacteria,Proteobacteria,Alphaproteobacteria,Caulobacterales,Caulobacteraceae,uncultured,NA,f_Caulobacteraceae,Caulobacteraceae
67,DQ532277.1.1514,0.014084507,Bacteria,Proteobacteria,Gammaproteobacteria,Xanthomonadales,Xanthomonadaceae,Lysobacter,uncultured bacterium,Lysobacter,Xanthomonadaceae
70,DQ855276.1.1474,0.014084507,Bacteria,Proteobacteria,Alphaproteobacteria,Rhizobiales,Rhizobiaceae,Allorhizobium-Neorhizobium-Pararhizobium-Rhizobium,NA,Allorhizobium-Neorhizobium-Pararhizobium-Rhizobium,Rhizobiaceae
71,DQ870740.1.1288,0.014084507,Bacteria,Firmicutes,Bacilli,Bacillales,Staphylococcaceae,Staphylococcus,uncultured bacterium,Staphylococcus,Staphylococcaceae
72,EF032759.1.1415,0.014084507,Bacteria,Acidobacteria,Acidobacteriia,Solibacterales,Solibacteraceae (Subgroup 3),Bryobacter,NA,Bryobacter,Solibacteraceae (Subgroup 3)
75,EF364376.1.1470,0.014084507,Bacteria,Proteobacteria,Alphaproteobacteria,Rhizobiales,Rhizobiaceae,Allorhizobium-Neorhizobium-Pararhizobium-Rhizobium,NA,Allorhizobium-Neorhizobium-Pararhizobium-Rhizobium,Rhizobiaceae
79,EF683058.1.1498,0.014084507,Bacteria,Bacteroidetes,Bacteroidia,Chitinophagales,Chitinophagaceae,Ferruginibacter,uncultured bacterium,Ferruginibacter,Chitinophagaceae
80,EU132775.1.1340,0.014084507,Bacteria,Actinobacteria,Thermoleophilia,Solirubrobacterales,Solirubrobacteraceae,Solirubrobacter,uncultured bacterium,Solirubrobacter,Solirubrobacteraceae
81,EU133124.1.1356,0.014084507,Bacteria,Actinobacteria,Acidimicrobiia,uncultured,uncultured bacterium,uncultured bacterium,uncultured bacterium,c_Acidimicrobiia,c_Acidimicrobiia
82,EU134492.1.1414,0.014084507,Bacteria,Proteobacteria,Deltaproteobacteria,Myxococcales,BIrii41,NA,NA,f_BIrii41,BIrii41
83,EU360966.1.1480,0.014084507,Bacteria,Bacteroidetes,Bacteroidia,Flavobacteriales,Weeksellaceae,Chryseobacterium,NA,Chryseobacterium,Weeksellaceae
84,EU458616.1.1401,0.014084507,Bacteria,Bacteroidetes,Bacteroidia,Bacteroidales,Rikenellaceae,Rikenellaceae RC9 gut group,uncultured bacterium,Rikenellaceae RC9 gut group,Rikenellaceae
88,EU771744.1.1413,0.014084507,Bacteria,Proteobacteria,Gammaproteobacteria,Enterobacteriales,Enterobacteriaceae,Escherichia-Shigella,uncultured bacterium,Escherichia-Shigella,Enterobacteriaceae
92,EU800974.1.1502,0.014084507,Bacteria,Proteobacteria,Gammaproteobacteria,Legionellales,Legionellaceae,Legionella,uncultured bacterium,Legionella,Legionellaceae
94,FJ184323.1.1507,0.014084507,Bacteria,Proteobacteria,Gammaproteobacteria,Xanthomonadales,Xanthomonadaceae,Stenotrophomonas,NA,Stenotrophomonas,Xanthomonadaceae
96,FJ466213.1.1328,0.014084507,Bacteria,Bacteroidetes,Ignavibacteria,OPB56,uncultured bacterium,uncultured bacterium,uncultured bacterium,o_OPB56,o_OPB56
97,FJ625358.1.1509,0.014084507,Bacteria,Actinobacteria,Actinobacteria,Frankiales,Acidothermaceae,Acidothermus,uncultured bacterium,Acidothermus,Acidothermaceae
99,FJ823914.1.1507,0.014084507,Bacteria,Proteobacteria,Gammaproteobacteria,Betaproteobacteriales,Rhodocyclaceae,uncultured,NA,f_Rhodocyclaceae,Rhodocyclaceae
100,FJ901047.1.1308,0.014084507,Bacteria,Proteobacteria,Gammaproteobacteria,Pseudomonadales,Pseudomonadaceae,Pseudomonas,uncultured bacterium,Pseudomonas,Pseudomonadaceae
101,FJ950694.1.1472,0.014084507,Bacteria,Proteobacteria,Gammaproteobacteria,Enterobacteriales,Enterobacteriaceae,Escherichia-Shigella,NA,Escherichia-Shigella,Enterobacteriaceae
107,FM872738.1.1487,0.014084507,Bacteria,Proteobacteria,Gammaproteobacteria,Betaproteobacteriales,Burkholderiaceae,Burkholderia-Caballeronia-Paraburkholderia,NA,Burkholderia-Caballeronia-Paraburkholderia,Burkholderiaceae
108,FN377717.1.1523,0.014084507,Bacteria,Actinobacteria,Actinobacteria,Micrococcales,Micrococcaceae,Paeniglutamicibacter,NA,Paeniglutamicibacter,Micrococcaceae
109,FN430384.1.1490,0.014084507,Bacteria,Firmicutes,Bacilli,Bacillales,Bacillaceae,Bacillus,Bacillus cereus,Bacillus,Bacillaceae
116,FPLK01000415.18.1468,0.014084507,Bacteria,Proteobacteria,Alphaproteobacteria,Rhodobacterales,Rhodobacteraceae,Rhodobacter,NA,Rhodobacter,Rhodobacteraceae
117,FPLL01000300.16.1523,0.014084507,Bacteria,Proteobacteria,Gammaproteobacteria,Betaproteobacteriales,Burkholderiaceae,NA,NA,f_Burkholderiaceae,Burkholderiaceae
118,FPLL01000940.11.1474,0.014084507,Bacteria,Proteobacteria,Alphaproteobacteria,Rhizobiales,Devosiaceae,NA,NA,f_Devosiaceae,Devosiaceae
119,FPLL01002568.9.1524,0.014084507,Bacteria,Proteobacteria,Gammaproteobacteria,Betaproteobacteriales,TRA3-20,metagenome,metagenome,f_TRA3-20,TRA3-20
120,FPLL01005505.14.1532,0.014084507,Bacteria,Proteobacteria,Gammaproteobacteria,Steroidobacterales,Steroidobacteraceae,Steroidobacter,metagenome,Steroidobacter,Steroidobacteraceae
121,FPLL01007029.10.1477,0.014084507,Bacteria,Proteobacteria,Alphaproteobacteria,Sphingomonadales,Sphingomonadaceae,Sphingomonas,NA,Sphingomonas,Sphingomonadaceae
122,FPLL01007102.10.1478,0.014084507,Bacteria,Proteobacteria,Alphaproteobacteria,Rhizobiales,uncultured,NA,NA,o_Rhizobiales,o_Rhizobiales
124,FPLM01000559.10.1453,0.014084507,Bacteria,Proteobacteria,Alphaproteobacteria,Rhodobacterales,Rhodobacteraceae,Amaricoccus,NA,Amaricoccus,Rhodobacteraceae
125,FPLM01003094.15.1529,0.014084507,Bacteria,Proteobacteria,Gammaproteobacteria,Betaproteobacteriales,Burkholderiaceae,Ramlibacter,NA,Ramlibacter,Burkholderiaceae
126,FPLM01003312.11.1536,0.014084507,Bacteria,Actinobacteria,Thermoleophilia,Solirubrobacterales,Solirubrobacteraceae,NA,NA,f_Solirubrobacteraceae,Solirubrobacteraceae
127,FPLN01005715.1.1458,0.014084507,Bacteria,Proteobacteria,Gammaproteobacteria,Enterobacteriales,Enterobacteriaceae,Escherichia-Shigella,metagenome,Escherichia-Shigella,Enterobacteriaceae
128,FPLN01008484.58.1586,0.014084507,Bacteria,Proteobacteria,Gammaproteobacteria,Enterobacteriales,Enterobacteriaceae,Escherichia-Shigella,NA,Escherichia-Shigella,Enterobacteriaceae
130,FPLS01000417.8.1471,0.014084507,Bacteria,Proteobacteria,Alphaproteobacteria,Rhizobiales,Devosiaceae,Devosia,metagenome,Devosia,Devosiaceae
131,FPLS01002836.14.1480,0.014084507,Bacteria,Proteobacteria,Alphaproteobacteria,Sphingomonadales,Sphingomonadaceae,Sphingobium,metagenome,Sphingobium,Sphingomonadaceae
132,FPLS01003342.25.1528,0.014084507,Bacteria,Fibrobacteres,Fibrobacteria,Fibrobacterales,Fibrobacteraceae,possible genus 04,uncultured bacterium,possible genus 04,Fibrobacteraceae
133,FPLS01007672.18.1477,0.014084507,Bacteria,Proteobacteria,Alphaproteobacteria,Caulobacterales,Caulobacteraceae,Phenylobacterium,metagenome,Phenylobacterium,Caulobacteraceae
134,FPLS01009273.17.1481,0.014084507,Bacteria,Proteobacteria,Alphaproteobacteria,Rhizobiales,Xanthobacteraceae,uncultured,metagenome,f_Xanthobacteraceae,Xanthobacteraceae
135,FPLS01009478.18.1542,0.014084507,Bacteria,Actinobacteria,Thermoleophilia,Solirubrobacterales,67-14,metagenome,metagenome,f_67-14,67-14
136,FPLS01015607.17.1527,0.014084507,Bacteria,Proteobacteria,Gammaproteobacteria,Betaproteobacteriales,Burkholderiaceae,Verticia,NA,Verticia,Burkholderiaceae
137,FPLS01031197.11.1541,0.014084507,Bacteria,Proteobacteria,Deltaproteobacteria,Myxococcales,Haliangiaceae,Haliangium,NA,Haliangium,Haliangiaceae
139,FPLS01034889.11.1536,0.014084507,Bacteria,Verrucomicrobia,Verrucomicrobiae,Chthoniobacterales,Chthoniobacteraceae,Chthoniobacter,metagenome,Chthoniobacter,Chthoniobacteraceae
140,FPLS01038376.19.1499,0.014084507,Bacteria,Proteobacteria,Alphaproteobacteria,Rhizobiales,Beijerinckiaceae,Microvirga,NA,Microvirga,Beijerinckiaceae
142,FPLS01059814.15.1488,0.014084507,Bacteria,Planctomycetes,Planctomycetacia,Gemmatales,Gemmataceae,Gemmata,metagenome,Gemmata,Gemmataceae
143,FPLS01062338.16.1535,0.014084507,Bacteria,Proteobacteria,Gammaproteobacteria,Betaproteobacteriales,Methylophilaceae,Methylotenera,NA,Methylotenera,Methylophilaceae
145,FR749714.1.1492,0.014084507,Bacteria,Bacteroidetes,Bacteroidia,Chitinophagales,Chitinophagaceae,uncultured,uncultured Bacteroidetes bacterium,f_Chitinophagaceae,Chitinophagaceae
146,FR749808.1.1521,0.014084507,Bacteria,Proteobacteria,Deltaproteobacteria,Myxococcales,Haliangiaceae,Haliangium,NA,Haliangium,Haliangiaceae
148,GQ264200.1.1471,0.014084507,Bacteria,Proteobacteria,Alphaproteobacteria,Rhizobiales,Devosiaceae,Devosia,uncultured bacterium,Devosia,Devosiaceae
149,GQ264293.1.1466,0.014084507,Bacteria,Bacteroidetes,Bacteroidia,Sphingobacteriales,NS11-12 marine group,NA,NA,f_NS11-12 marine group,NS11-12 marine group
150,GQ264313.1.1452,0.014084507,Bacteria,Bacteroidetes,Bacteroidia,Chitinophagales,Chitinophagaceae,uncultured,uncultured bacterium,f_Chitinophagaceae,Chitinophagaceae
151,GQ264330.1.1482,0.014084507,Bacteria,Proteobacteria,Gammaproteobacteria,Gammaproteobacteria Incertae Sedis,Unknown Family,Acidibacter,NA,Acidibacter,o_Gammaproteobacteria Incertae Sedis
152,GQ280051.1.1425,0.014084507,Bacteria,Proteobacteria,Gammaproteobacteria,Pseudomonadales,Pseudomonadaceae,Pseudomonas,NA,Pseudomonas,Pseudomonadaceae
153,GQ379541.1.1220,0.014084507,Bacteria,Proteobacteria,Alphaproteobacteria,Rhizobiales,Beijerinckiaceae,Methylobacterium,uncultured bacterium,Methylobacterium,Beijerinckiaceae
154,GQ388901.1.1482,0.014084507,Bacteria,Proteobacteria,Alphaproteobacteria,Sphingomonadales,Sphingomonadaceae,Sphingomonas,uncultured bacterium,Sphingomonas,Sphingomonadaceae
155,GQ396917.1.1488,0.014084507,Bacteria,Bacteroidetes,Bacteroidia,Chitinophagales,Saprospiraceae,uncultured,uncultured bacterium,f_Saprospiraceae,Saprospiraceae
156,GQ451285.1.1488,0.014084507,Bacteria,Bacteroidetes,Bacteroidia,Sphingobacteriales,Sphingobacteriaceae,Pedobacter,NA,Pedobacter,Sphingobacteriaceae
158,GQ500892.1.1448,0.014084507,Bacteria,Proteobacteria,Alphaproteobacteria,Rhizobiales,Rhizobiales Incertae Sedis,uncultured,uncultured bacterium,f_Rhizobiales Incertae Sedis,Rhizobiales Incertae Sedis
160,GQ926886.1.1538,0.014084507,Bacteria,Firmicutes,Bacilli,Bacillales,Bacillaceae,Bacillus,NA,Bacillus,Bacillaceae
161,GU208498.1.1454,0.014084507,Bacteria,Proteobacteria,Deltaproteobacteria,Myxococcales,Haliangiaceae,Haliangium,uncultured prokaryote,Haliangium,Haliangiaceae
162,GU553044.1.1341,0.014084507,Bacteria,Proteobacteria,Gammaproteobacteria,Enterobacteriales,Enterobacteriaceae,Escherichia-Shigella,uncultured bacterium,Escherichia-Shigella,Enterobacteriaceae
166,HE962120.1.1400,0.014084507,Bacteria,Firmicutes,Bacilli,Lactobacillales,Enterococcaceae,Enterococcus,Enterococcus faecalis,Enterococcus,Enterococcaceae
172,HK555632.10.1532,0.014084507,Bacteria,Actinobacteria,Actinobacteria,Bifidobacteriales,Bifidobacteriaceae,Bifidobacterium,NA,Bifidobacterium,Bifidobacteriaceae
175,HM187227.1.1477,0.014084507,Bacteria,Acidobacteria,Subgroup 6,uncultured bacterium,uncultured bacterium,uncultured bacterium,uncultured bacterium,c_Subgroup 6,c_Subgroup 6
176,HM241063.1.1366,0.014084507,Bacteria,Actinobacteria,Thermoleophilia,Gaiellales,uncultured,uncultured bacterium,uncultured bacterium,o_Gaiellales,o_Gaiellales
178,HQ014636.1.1456,0.014084507,Bacteria,Chloroflexi,Anaerolineae,SBR1031,A4b,uncultured bacterium,uncultured bacterium,f_A4b,A4b
179,HQ119202.1.1480,0.014084507,Bacteria,Proteobacteria,Alphaproteobacteria,Acetobacterales,Acetobacteraceae,uncultured,uncultured bacterium,f_Acetobacteraceae,Acetobacteraceae
183,HQ166699.1.1541,0.014084507,Bacteria,Acidobacteria,Subgroup 6,uncultured bacterium,uncultured bacterium,uncultured bacterium,uncultured bacterium,c_Subgroup 6,c_Subgroup 6
184,HQ190384.1.1493,0.014084507,Bacteria,Bacteroidetes,Bacteroidia,Cytophagales,Microscillaceae,uncultured,uncultured bacterium,f_Microscillaceae,Microscillaceae
186,HQ397140.1.1483,0.014084507,Bacteria,Bacteroidetes,Bacteroidia,Cytophagales,Amoebophilaceae,Candidatus Amoebophilus,NA,Candidatus Amoebophilus,Amoebophilaceae
188,HQ599031.1.1456,0.014084507,Bacteria,Acidobacteria,Acidobacteriia,Acidobacteriales,Acidobacteriaceae (Subgroup 1),Granulicella,NA,Granulicella,Acidobacteriaceae (Subgroup 1)
190,JDSS02000024.197630.199203,0.014084507,Bacteria,Proteobacteria,Gammaproteobacteria,Betaproteobacteriales,Rhodocyclaceae,Candidatus Accumulibacter,Candidatus Accumulibacter sp. SK-01,Candidatus Accumulibacter,Rhodocyclaceae
191,JF167832.1.1330,0.014084507,Bacteria,FBP,uncultured bacterium,uncultured bacterium,uncultured bacterium,uncultured bacterium,uncultured bacterium,p_FBP,p_FBP
192,JF180716.1.1357,0.014084507,Bacteria,Bacteroidetes,Bacteroidia,Chitinophagales,Chitinophagaceae,uncultured,uncultured bacterium,f_Chitinophagaceae,Chitinophagaceae
195,JF429110.1.1493,0.014084507,Bacteria,Actinobacteria,Actinobacteria,Frankiales,Frankiaceae,Jatrophihabitans,NA,Jatrophihabitans,Frankiaceae
196,JF495287.1.1459,0.014084507,Bacteria,Proteobacteria,Alphaproteobacteria,Rhizobiales,Methyloligellaceae,uncultured,uncultured bacterium,f_Methyloligellaceae,Methyloligellaceae
197,JF733438.1.1480,0.014084507,Bacteria,Planctomycetes,Planctomycetacia,Isosphaerales,Isosphaeraceae,Aquisphaera,uncultured planctomycete,Aquisphaera,Isosphaeraceae
198,JN023131.1.1435,0.014084507,Bacteria,Proteobacteria,Alphaproteobacteria,Sphingomonadales,Sphingomonadaceae,Sphingomonas,uncultured bacterium,Sphingomonas,Sphingomonadaceae
202,JN644571.1.1553,0.014084507,Bacteria,Firmicutes,Bacilli,Lactobacillales,Aerococcaceae,Aerococcus,NA,Aerococcus,Aerococcaceae
204,JN802263.1.1452,0.014084507,Bacteria,Proteobacteria,Alphaproteobacteria,Sphingomonadales,Sphingomonadaceae,Altererythrobacter,uncultured bacterium,Altererythrobacter,Sphingomonadaceae
209,JN869046.1.1544,0.014084507,Bacteria,Acidobacteria,Subgroup 17,uncultured bacterium,uncultured bacterium,uncultured bacterium,uncultured bacterium,c_Subgroup 17,c_Subgroup 17
210,JN869191.1.1500,0.014084507,Bacteria,Proteobacteria,Alphaproteobacteria,Rhizobiales,Hyphomicrobiaceae,Hyphomicrobium,metagenome,Hyphomicrobium,Hyphomicrobiaceae
212,JPLY01000001.145690.147219,0.014084507,Bacteria,Bacteroidetes,Bacteroidia,Flavobacteriales,Weeksellaceae,Chryseobacterium,NA,Chryseobacterium,Weeksellaceae
214,JQ861298.1.1466,0.014084507,Bacteria,Acidobacteria,Acidobacteriia,Acidobacteriales,Acidobacteriaceae (Subgroup 1),Granulicella,NA,Granulicella,Acidobacteriaceae (Subgroup 1)
218,JX559243.1.1444,0.014084507,Bacteria,Proteobacteria,Alphaproteobacteria,Sphingomonadales,Sphingomonadaceae,Sphingomonas,NA,Sphingomonas,Sphingomonadaceae
220,KC011109.1.1478,0.014084507,Bacteria,Bacteroidetes,Bacteroidia,Cytophagales,Hymenobacteraceae,Hymenobacter,NA,Hymenobacter,Hymenobacteraceae
227,KC683139.1.1516,0.014084507,Bacteria,Acidobacteria,Blastocatellia (Subgroup 4),Blastocatellales,Blastocatellaceae,Blastocatella,NA,Blastocatella,Blastocatellaceae
228,KC683892.1.1440,0.014084507,Bacteria,Firmicutes,Bacilli,Bacillales,Bacillaceae,Bacillus,Bacillus subtilis,Bacillus,Bacillaceae
231,KF037529.1.1462,0.014084507,Bacteria,Proteobacteria,Alphaproteobacteria,Sphingomonadales,Sphingomonadaceae,Sphingomonas,uncultured bacterium,Sphingomonas,Sphingomonadaceae
232,KF061569.1.1375,0.014084507,Bacteria,Firmicutes,Bacilli,Bacillales,Staphylococcaceae,Staphylococcus,uncultured bacterium,Staphylococcus,Staphylococcaceae
239,KF712847.1.1506,0.014084507,Bacteria,Verrucomicrobia,Verrucomicrobiae,Verrucomicrobiales,Verrucomicrobiaceae,NA,NA,f_Verrucomicrobiaceae,Verrucomicrobiaceae
241,KF975562.1.1515,0.014084507,Bacteria,Acidobacteria,Blastocatellia (Subgroup 4),Blastocatellales,Blastocatellaceae,Blastocatella,uncultured soil bacterium,Blastocatella,Blastocatellaceae
242,KH179773.1.1478,0.014084507,Bacteria,Firmicutes,Bacilli,Bacillales,NA,NA,NA,o_Bacillales,o_Bacillales
245,KJ600988.1.1454,0.014084507,Bacteria,Proteobacteria,Alphaproteobacteria,Rhizobiales,Rhizobiales Incertae Sedis,uncultured,uncultured bacterium,f_Rhizobiales Incertae Sedis,Rhizobiales Incertae Sedis
246,KM209255.204.1909,0.014084507,Bacteria,Proteobacteria,Gammaproteobacteria,Enterobacteriales,Enterobacteriaceae,Dickeya,NA,Dickeya,Enterobacteriaceae
253,KP986565.1.1538,0.014084507,Bacteria,Actinobacteria,Actinobacteria,Micrococcales,Microbacteriaceae,Microbacterium,NA,Microbacterium,Microbacteriaceae
256,KR088716.1.1442,0.014084507,Bacteria,Firmicutes,Bacilli,Bacillales,Bacillaceae,Marinococcus,NA,Marinococcus,Bacillaceae
258,KT350432.1.1533,0.014084507,Bacteria,Proteobacteria,Gammaproteobacteria,Betaproteobacteriales,Burkholderiaceae,Noviherbaspirillum,NA,Noviherbaspirillum,Burkholderiaceae
259,KT957300.1.1480,0.014084507,Bacteria,Firmicutes,Bacilli,Bacillales,Staphylococcaceae,Staphylococcus,Staphylococcus hominis subsp. hominis,Staphylococcus,Staphylococcaceae
261,KU588112.1.1213,0.014084507,Bacteria,Proteobacteria,Gammaproteobacteria,Pseudomonadales,Pseudomonadaceae,Pseudomonas,NA,Pseudomonas,Pseudomonadaceae
262,KU713410.1.1401,0.014084507,Bacteria,Verrucomicrobia,Verrucomicrobiae,Chthoniobacterales,Chthoniobacteraceae,LD29,uncultured bacterium,LD29,Chthoniobacteraceae
266,KX508879.1.1497,0.014084507,Bacteria,Proteobacteria,Gammaproteobacteria,Pseudomonadales,Moraxellaceae,Acinetobacter,uncultured bacterium,Acinetobacter,Moraxellaceae
267,KY117512.1.1474,0.014084507,Bacteria,Proteobacteria,Alphaproteobacteria,Sphingomonadales,Sphingomonadaceae,Rhizorhapis,NA,Rhizorhapis,Sphingomonadaceae
268,KY445705.1.1510,0.014084507,Bacteria,Actinobacteria,Actinobacteria,Corynebacteriales,Mycobacteriaceae,Mycobacterium,Mycobacterium sp.,Mycobacterium,Mycobacteriaceae
274,LC027464.1.1465,0.014084507,Bacteria,Acidobacteria,Acidobacteriia,Acidobacteriales,Acidobacteriaceae (Subgroup 1),NA,NA,f_Acidobacteriaceae (Subgroup 1),Acidobacteriaceae (Subgroup 1)
277,LK985387.1.1470,0.014084507,Bacteria,Proteobacteria,Alphaproteobacteria,Rhizobiales,Rhizobiales Incertae Sedis,Phreatobacter,NA,Phreatobacter,Rhizobiales Incertae Sedis
280,LMQC01000001.4000.5527,0.014084507,Bacteria,Actinobacteria,Actinobacteria,Frankiales,Geodermatophilaceae,Geodermatophilus,NA,Geodermatophilus,Geodermatophilaceae
281,LN570499.1.1323,0.014084507,Bacteria,Proteobacteria,Alphaproteobacteria,Acetobacterales,Acetobacteraceae,NA,NA,f_Acetobacteraceae,Acetobacteraceae
285,LNNI01000005.225118.226745,0.014084507,Bacteria,Proteobacteria,Gammaproteobacteria,Pseudomonadales,Pseudomonadaceae,Pseudomonas,NA,Pseudomonas,Pseudomonadaceae
286,LQOW01000023.119.1666,0.014084507,Bacteria,Actinobacteria,Actinobacteria,Corynebacteriales,Mycobacteriaceae,Mycobacterium,NA,Mycobacterium,Mycobacteriaceae
291,LXTQ01000003.3712.5257,0.014084507,Bacteria,Proteobacteria,Gammaproteobacteria,Betaproteobacteriales,Methylophilaceae,NA,NA,f_Methylophilaceae,Methylophilaceae
298,X92159.1.1489,0.014084507,Bacteria,Firmicutes,Bacilli,Bacillales,Bacillaceae,Bacillus,NA,Bacillus,Bacillaceae
7,AB637092.1.1524,0,Bacteria,Firmicutes,Bacilli,Bacillales,Bacillaceae,NA,NA,f_Bacillaceae,Bacillaceae
13,AF025370.1.1525,0,Bacteria,Proteobacteria,Gammaproteobacteria,Enterobacteriales,Enterobacteriaceae,Escherichia-Shigella,NA,Escherichia-Shigella,Enterobacteriaceae
17,AJ272200.1.1497,0,Bacteria,Firmicutes,Bacilli,Lactobacillales,Enterococcaceae,Enterococcus,NA,Enterococcus,Enterococcaceae
22,AM420261.1.1516,0,Bacteria,Firmicutes,Bacilli,Lactobacillales,Carnobacteriaceae,Granulicatella,NA,Granulicatella,Carnobacteriaceae
23,ANAM01000008.400257.401788,0,Bacteria,Firmicutes,Bacilli,Bacillales,Staphylococcaceae,Salinicoccus,NA,Salinicoccus,Staphylococcaceae
31,AY119687.1.1549,0,Bacteria,Firmicutes,Bacilli,Bacillales,Staphylococcaceae,Macrococcus,NA,Macrococcus,Staphylococcaceae
37,AY538683.1.1513,0,Bacteria,Firmicutes,Bacilli,Bacillales,Staphylococcaceae,Staphylococcus,NA,Staphylococcus,Staphylococcaceae
39,AY773954.1.1486,0,Bacteria,Firmicutes,Bacilli,Lactobacillales,Lactobacillaceae,Lactobacillus,Lactobacillus casei,Lactobacillus,Lactobacillaceae
40,AY803191.1.1542,0,Bacteria,Proteobacteria,Gammaproteobacteria,Enterobacteriales,Enterobacteriaceae,Cronobacter,NA,Cronobacter,Enterobacteriaceae
42,AY959011.1.1496,0,Bacteria,Proteobacteria,Gammaproteobacteria,Enterobacteriales,Enterobacteriaceae,Escherichia-Shigella,uncultured bacterium,Escherichia-Shigella,Enterobacteriaceae
57,CP019619.2704848.2706441,0,Bacteria,Firmicutes,Bacilli,Bacillales,Listeriaceae,Listeria,Listeria monocytogenes,Listeria,Listeriaceae
64,DQ462184.1.1522,0,Bacteria,Firmicutes,Bacilli,Bacillales,Staphylococcaceae,Staphylococcus,NA,Staphylococcus,Staphylococcaceae
85,EU511062.1.1407,0,Bacteria,Firmicutes,Clostridia,Clostridiales,Lachnospiraceae,uncultured,uncultured bacterium,f_Lachnospiraceae,Lachnospiraceae
86,EU560820.1.1485,0,Bacteria,Proteobacteria,Gammaproteobacteria,Enterobacteriales,Enterobacteriaceae,Escherichia-Shigella,uncultured bacterium,Escherichia-Shigella,Enterobacteriaceae
89,EU771783.1.1399,0,Bacteria,Proteobacteria,Gammaproteobacteria,Enterobacteriales,Enterobacteriaceae,Escherichia-Shigella,uncultured bacterium,Escherichia-Shigella,Enterobacteriaceae
90,EU778456.1.1401,0,Bacteria,Proteobacteria,Gammaproteobacteria,Enterobacteriales,Enterobacteriaceae,Escherichia-Shigella,NA,Escherichia-Shigella,Enterobacteriaceae
91,EU778460.1.1405,0,Bacteria,Proteobacteria,Gammaproteobacteria,Enterobacteriales,Enterobacteriaceae,Escherichia-Shigella,NA,Escherichia-Shigella,Enterobacteriaceae
98,FJ753768.1.1442,0,Bacteria,Firmicutes,Bacilli,Lactobacillales,Enterococcaceae,Enterococcus,NA,Enterococcus,Enterococcaceae
102,FJ957467.1.1521,0,Bacteria,Firmicutes,Bacilli,Bacillales,Staphylococcaceae,Staphylococcus,NA,Staphylococcus,Staphylococcaceae
103,FJ957714.1.1490,0,Bacteria,Firmicutes,Bacilli,Bacillales,Bacillaceae,Bacillus,uncultured bacterium,Bacillus,Bacillaceae
104,FJ957814.1.1521,0,Bacteria,Firmicutes,Bacilli,Bacillales,Bacillaceae,Bacillus,NA,Bacillus,Bacillaceae
105,FJ975995.1.1358,0,Bacteria,Firmicutes,Bacilli,Lactobacillales,Lactobacillaceae,Lactobacillus,NA,Lactobacillus,Lactobacillaceae
111,FNFY01000063.42.1594,0,Bacteria,Firmicutes,Bacilli,Bacillales,Staphylococcaceae,Salinicoccus,NA,Salinicoccus,Staphylococcaceae
112,FNKD01000009.1.1593,0,Bacteria,Firmicutes,Bacilli,Bacillales,Bacillaceae,Virgibacillus,NA,Virgibacillus,Bacillaceae
113,FNVY01000003.243232.244769,0,Bacteria,Firmicutes,Bacilli,Lactobacillales,Enterococcaceae,Enterococcus,NA,Enterococcus,Enterococcaceae
129,FPLN01009530.8.1528,0,Bacteria,Proteobacteria,Gammaproteobacteria,Pseudomonadales,Pseudomonadaceae,Pseudomonas,NA,Pseudomonas,Pseudomonadaceae
164,HAFQ01034880.73.1513,0,Bacteria,Proteobacteria,Gammaproteobacteria,Pseudomonadales,Pseudomonadaceae,Pseudomonas,NA,Pseudomonas,Pseudomonadaceae
168,HF572851.1.1257,0,Bacteria,Proteobacteria,Gammaproteobacteria,Pseudomonadales,Pseudomonadaceae,Pseudomonas,Pseudomonas aeruginosa,Pseudomonas,Pseudomonadaceae
170,HG798473.1.1438,0,Bacteria,Firmicutes,Bacilli,Lactobacillales,Lactobacillaceae,Lactobacillus,Lactobacillus fermentum,Lactobacillus,Lactobacillaceae
171,HK555525.1.1552,0,Bacteria,Firmicutes,Bacilli,Bacillales,Bacillaceae,Anaerobacillus,NA,Anaerobacillus,Bacillaceae
174,HM159971.1.1501,0,Bacteria,Proteobacteria,Gammaproteobacteria,Betaproteobacteriales,Burkholderiaceae,Comamonas,uncultured Comamonas sp.,Comamonas,Burkholderiaceae
177,HM816241.1.1371,0,Bacteria,Firmicutes,Bacilli,Bacillales,Staphylococcaceae,Staphylococcus,NA,Staphylococcus,Staphylococcaceae
182,HQ148916.1.1299,0,Bacteria,Proteobacteria,Gammaproteobacteria,Enterobacteriales,Enterobacteriaceae,NA,NA,f_Enterobacteriaceae,Enterobacteriaceae
193,JF189310.1.1369,0,Bacteria,Firmicutes,Bacilli,Lactobacillales,Streptococcaceae,Streptococcus,uncultured bacterium,Streptococcus,Streptococcaceae
194,JF346899.1.1511,0,Bacteria,Firmicutes,Bacilli,Bacillales,Bacillaceae,Bacillus,NA,Bacillus,Bacillaceae
201,JN628990.1.1569,0,Bacteria,Firmicutes,Bacilli,Lactobacillales,Enterococcaceae,Enterococcus,Enterococcus faecalis,Enterococcus,Enterococcaceae
205,JN866823.1.1445,0,Bacteria,Proteobacteria,Gammaproteobacteria,Enterobacteriales,Enterobacteriaceae,Citrobacter,Citrobacter freundii,Citrobacter,Enterobacteriaceae
213,JQ805719.1.1575,0,Bacteria,Firmicutes,Bacilli,Lactobacillales,Enterococcaceae,Enterococcus,uncultured bacterium,Enterococcus,Enterococcaceae
221,KC202800.1.1427,0,Bacteria,Firmicutes,Bacilli,Lactobacillales,Enterococcaceae,Enterococcus,Enterococcus durans,Enterococcus,Enterococcaceae
222,KC333895.1.1233,0,Bacteria,Firmicutes,Bacilli,Lactobacillales,Enterococcaceae,Enterococcus,Enterococcus faecalis,Enterococcus,Enterococcaceae
224,KC665708.1.1507,0,Bacteria,Proteobacteria,Gammaproteobacteria,Aeromonadales,Aeromonadaceae,Aeromonas,NA,Aeromonas,Aeromonadaceae
233,KF098385.1.1371,0,Bacteria,Firmicutes,Bacilli,Bacillales,Staphylococcaceae,Staphylococcus,uncultured bacterium,Staphylococcus,Staphylococcaceae
234,KF099744.1.1371,0,Bacteria,Firmicutes,Bacilli,Bacillales,Staphylococcaceae,Staphylococcus,uncultured bacterium,Staphylococcus,Staphylococcaceae
235,KF100270.1.1376,0,Bacteria,Firmicutes,Clostridia,Clostridiales,Ruminococcaceae,Fastidiosipila,uncultured bacterium,Fastidiosipila,Ruminococcaceae
236,KF105341.1.1391,0,Bacteria,Firmicutes,Bacilli,Lactobacillales,Lactobacillaceae,Lactobacillus,uncultured bacterium,Lactobacillus,Lactobacillaceae
237,KF571466.1.1425,0,Bacteria,Firmicutes,Bacilli,Bacillales,Listeriaceae,Listeria,Listeria monocytogenes,Listeria,Listeriaceae
240,KF928782.1.1516,0,Bacteria,Proteobacteria,Gammaproteobacteria,Enterobacteriales,Enterobacteriaceae,Salmonella,NA,Salmonella,Enterobacteriaceae
248,KM391945.1.1431,0,Bacteria,Proteobacteria,Gammaproteobacteria,Enterobacteriales,Enterobacteriaceae,Escherichia-Shigella,NA,Escherichia-Shigella,Enterobacteriaceae
249,KM819156.1.1538,0,Bacteria,Firmicutes,Bacilli,Lactobacillales,Lactobacillaceae,Lactobacillus,Lactobacillus fermentum,Lactobacillus,Lactobacillaceae
250,KM819157.1.1526,0,Bacteria,Firmicutes,Bacilli,Lactobacillales,Lactobacillaceae,Lactobacillus,uncultured Bacillus sp.,Lactobacillus,Lactobacillaceae
260,KU366365.1.1545,0,Bacteria,Firmicutes,Bacilli,Lactobacillales,Lactobacillaceae,Lactobacillus,Lactobacillus fermentum,Lactobacillus,Lactobacillaceae
264,KU978243.1.1517,0,Bacteria,Proteobacteria,Gammaproteobacteria,Pseudomonadales,Pseudomonadaceae,Pseudomonas,NA,Pseudomonas,Pseudomonadaceae
276,LC176070.1.1536,0,Bacteria,Proteobacteria,Gammaproteobacteria,Pseudomonadales,Pseudomonadaceae,Pseudomonas,Pseudomonas aeruginosa,Pseudomonas,Pseudomonadaceae
282,LN610139.1.2752,0,Bacteria,Firmicutes,Bacilli,Bacillales,Staphylococcaceae,Staphylococcus,NA,Staphylococcus,Staphylococcaceae
283,LN833517.1.1512,0,Bacteria,Proteobacteria,Gammaproteobacteria,Enterobacteriales,Enterobacteriaceae,Escherichia-Shigella,uncultured Escherichia sp.,Escherichia-Shigella,Enterobacteriaceae
284,LN833518.1.1522,0,Bacteria,Proteobacteria,Gammaproteobacteria,Enterobacteriales,Enterobacteriaceae,Escherichia-Shigella,uncultured Escherichia sp.,Escherichia-Shigella,Enterobacteriaceae
287,LQXD01000001.79025.80958,0,Bacteria,Firmicutes,Bacilli,Bacillales,Bacillaceae,Anaerobacillus,NA,Anaerobacillus,Bacillaceae
288,LT545682.1.1550,0,Bacteria,Proteobacteria,Gammaproteobacteria,Pseudomonadales,Pseudomonadaceae,Pseudomonas,Pseudomonas aeruginosa,Pseudomonas,Pseudomonadaceae
297,U92194.1.1550,0,Bacteria,Proteobacteria,Gammaproteobacteria,Enterobacteriales,Enterobacteriaceae,Escherichia-Shigella,NA,Escherichia-Shigella,Enterobacteriaceae