,OTUID,Occ.unfil,Domain,Phylum,Class,Order,Family,Genus,Species,Genus.ed,Family.ed
152,GAOK01049512.6271.8188,1,Bacteria,Cyanobacteria,Oxyphotobacteria,Chloroplast,Cercis gigantea,Cercis gigantea,Cercis gigantea,Chloroplast,Chloroplast
317,MAMN01000047.249174.251307,1,Bacteria,Proteobacteria,Alphaproteobacteria,Rickettsiales,Mitochondria,NA,NA,Mitochondria,Mitochondria
53,CCPS01000022.154.1916,0.9625,Bacteria,Proteobacteria,Gammaproteobacteria,Enterobacteriales,Enterobacteriaceae,Escherichia-Shigella,Escherichia coli,Escherichia-Shigella,Enterobacteriaceae
158,GDAX01048398.486.2474,0.9625,Bacteria,Cyanobacteria,Oxyphotobacteria,Chloroplast,NA,NA,NA,Chloroplast,Chloroplast
228,JOGX01000016.105867.107365,0.9375,Bacteria,Actinobacteria,Actinobacteria,Streptomycetales,Streptomycetaceae,Streptomyces,NA,Streptomyces,Streptomycetaceae
155,GCVR01032299.115.1608,0.925,Bacteria,Cyanobacteria,Oxyphotobacteria,Chloroplast,NA,NA,NA,Chloroplast,Chloroplast
193,HO793511.1.1233,0.925,Bacteria,Cyanobacteria,Oxyphotobacteria,Chloroplast,NA,NA,NA,Chloroplast,Chloroplast
48,BABK02029359.1608.3968,0.9,Bacteria,Proteobacteria,Alphaproteobacteria,Rickettsiales,Mitochondria,NA,NA,Mitochondria,Mitochondria
73,DQ629536.1.1284,0.8625,Bacteria,Cyanobacteria,Oxyphotobacteria,Chloroplast,NA,NA,NA,Chloroplast,Chloroplast
156,GDAH01000844.40.1969,0.8625,Bacteria,Proteobacteria,Alphaproteobacteria,Rickettsiales,Mitochondria,NA,NA,Mitochondria,Mitochondria
308,LN885259.156216.157719,0.8375,Bacteria,Cyanobacteria,Oxyphotobacteria,Chloroplast,NA,NA,NA,Chloroplast,Chloroplast
159,GEFP01046751.99.1466,0.8125,Bacteria,Proteobacteria,Alphaproteobacteria,Rickettsiales,Mitochondria,Arachis hypogaea (peanut),Arachis hypogaea (peanut),Mitochondria,Mitochondria
157,GDAH01000892.378.1918,0.8,Bacteria,Proteobacteria,Alphaproteobacteria,Rickettsiales,Mitochondria,NA,NA,Mitochondria,Mitochondria
160,GEUY01004424.1.1233,0.8,Bacteria,Cyanobacteria,Oxyphotobacteria,Chloroplast,NA,NA,NA,Chloroplast,Chloroplast
200,HQ183518.1.1491,0.8,Bacteria,Cyanobacteria,Oxyphotobacteria,Chloroplast,NA,NA,NA,Chloroplast,Chloroplast
233,JR951091.270.2233,0.8,Bacteria,Proteobacteria,Alphaproteobacteria,Rickettsiales,Mitochondria,NA,NA,Mitochondria,Mitochondria
319,MJEQ01037191.43866869.43868322,0.8,Bacteria,Cyanobacteria,Oxyphotobacteria,Chloroplast,Nicotiana attenuata,Nicotiana attenuata,Nicotiana attenuata,Chloroplast,Chloroplast
238,KA250240.138.1720,0.75,Bacteria,Proteobacteria,Alphaproteobacteria,Rickettsiales,Mitochondria,NA,NA,Mitochondria,Mitochondria
37,AY357215.644.2502,0.725,Bacteria,Proteobacteria,Alphaproteobacteria,Rickettsiales,Mitochondria,NA,NA,Mitochondria,Mitochondria
257,KF625186.1.1741,0.725,Bacteria,Proteobacteria,Gammaproteobacteria,Enterobacteriales,Enterobacteriaceae,Raoultella,Raoultella ornithinolytica,Raoultella,Enterobacteriaceae
292,KY646001.1.1573,0.7,Bacteria,Firmicutes,Bacilli,Bacillales,Bacillaceae,Bacillus,NA,Bacillus,Bacillaceae
24,AMWY02006532.103.2040,0.675,Bacteria,Proteobacteria,Alphaproteobacteria,Rickettsiales,Mitochondria,NA,NA,Mitochondria,Mitochondria
59,CP018779.372609.374112,0.675,Bacteria,Proteobacteria,Alphaproteobacteria,Rhizobiales,Rhizobiaceae,Ochrobactrum,NA,Ochrobactrum,Rhizobiaceae
259,KF843326.1.1368,0.6125,Bacteria,Cyanobacteria,Oxyphotobacteria,Chloroplast,uncultured bacterium,uncultured bacterium,uncultured bacterium,Chloroplast,Chloroplast
83,EF528273.1.1512,0.525,Bacteria,Firmicutes,Bacilli,Bacillales,Bacillaceae,Bacillus,NA,Bacillus,Bacillaceae
79,EF101305.1.1542,0.5125,Bacteria,Proteobacteria,Gammaproteobacteria,Pseudomonadales,Pseudomonadaceae,Pseudomonas,NA,Pseudomonas,Pseudomonadaceae
275,KR026982.1.1447,0.475,Bacteria,Proteobacteria,Gammaproteobacteria,Pseudomonadales,Pseudomonadaceae,Pseudomonas,NA,Pseudomonas,Pseudomonadaceae
264,KJ161326.1.1708,0.45,Bacteria,Proteobacteria,Gammaproteobacteria,Pseudomonadales,Pseudomonadaceae,Pseudomonas,NA,Pseudomonas,Pseudomonadaceae
172,GQ483458.1.1495,0.375,Bacteria,Proteobacteria,Alphaproteobacteria,Rhizobiales,Rhizobiaceae,Allorhizobium-Neorhizobium-Pararhizobium-Rhizobium,NA,Allorhizobium-Neorhizobium-Pararhizobium-Rhizobium,Rhizobiaceae
65,DQ298777.1.1540,0.3375,Bacteria,Proteobacteria,Gammaproteobacteria,Xanthomonadales,Xanthomonadaceae,Stenotrophomonas,NA,Stenotrophomonas,Xanthomonadaceae
178,HAEP01038523.44.1571,0.3375,Bacteria,Proteobacteria,Gammaproteobacteria,Betaproteobacteriales,Burkholderiaceae,NA,NA,f_Burkholderiaceae,Burkholderiaceae
119,FPID01000096.6.1486,0.3,Bacteria,Proteobacteria,Gammaproteobacteria,Pseudomonadales,Pseudomonadaceae,Pseudomonas,metagenome,Pseudomonas,Pseudomonadaceae
82,EF517956.1.1666,0.275,Bacteria,Proteobacteria,Gammaproteobacteria,Pseudomonadales,Moraxellaceae,Acinetobacter,Acinetobacter sp. IGCAR-9/07,Acinetobacter,Moraxellaceae
149,FR746074.1.1400,0.275,Bacteria,Proteobacteria,Gammaproteobacteria,Pseudomonadales,Pseudomonadaceae,Pseudomonas,NA,Pseudomonas,Pseudomonadaceae
313,LT592136.1.1584,0.275,Bacteria,Cyanobacteria,Oxyphotobacteria,Chloroplast,uncultured prokaryote,uncultured prokaryote,uncultured prokaryote,Chloroplast,Chloroplast
38,AY491594.1.1631,0.2375,Bacteria,Proteobacteria,Gammaproteobacteria,Betaproteobacteriales,Burkholderiaceae,uncultured,NA,f_Burkholderiaceae,Burkholderiaceae
263,KJ013374.1.1531,0.2375,Bacteria,Actinobacteria,Actinobacteria,Streptomycetales,Streptomycetaceae,Streptomyces,NA,Streptomyces,Streptomycetaceae
276,KR088549.1.1526,0.225,Bacteria,Actinobacteria,Actinobacteria,Micrococcales,Micrococcaceae,Arthrobacter,Arthrobacter sp. F7,Arthrobacter,Micrococcaceae
197,HQ121200.1.1459,0.2125,Bacteria,Proteobacteria,Alphaproteobacteria,Caulobacterales,Caulobacteraceae,NA,NA,f_Caulobacteraceae,Caulobacteraceae
204,HQ455824.1.1542,0.2125,Bacteria,Proteobacteria,Gammaproteobacteria,Enterobacteriales,Enterobacteriaceae,Pantoea,NA,Pantoea,Enterobacteriaceae
28,AOTI010541966.326.1849,0.2,Bacteria,Proteobacteria,Gammaproteobacteria,Pseudomonadales,Pseudomonadaceae,Pseudomonas,NA,Pseudomonas,Pseudomonadaceae
272,KP096372.1.1487,0.2,Bacteria,Firmicutes,Bacilli,Bacillales,Bacillaceae,Bacillus,Bacillus subtilis,Bacillus,Bacillaceae
293,KY711182.1.1549,0.2,Bacteria,Proteobacteria,Gammaproteobacteria,Pseudomonadales,Pseudomonadaceae,Pseudomonas,NA,Pseudomonas,Pseudomonadaceae
216,JN082536.1.1536,0.1875,Bacteria,Proteobacteria,Gammaproteobacteria,Pseudomonadales,Moraxellaceae,Acinetobacter,NA,Acinetobacter,Moraxellaceae
234,JRJC01000023.11.1813,0.1875,Bacteria,Proteobacteria,Gammaproteobacteria,Enterobacteriales,Enterobacteriaceae,Enterobacter,NA,Enterobacter,Enterobacteriaceae
62,CTEN01000001.315310.316856,0.175,Bacteria,Firmicutes,Bacilli,Lactobacillales,Streptococcaceae,Streptococcus,NA,Streptococcus,Streptococcaceae
323,S83568.1.1554,0.175,Bacteria,Firmicutes,Bacilli,Bacillales,Staphylococcaceae,Staphylococcus,Staphylococcus agnetis,Staphylococcus,Staphylococcaceae
16,AF284578.1.1549,0.1625,Bacteria,Firmicutes,Bacilli,Lactobacillales,Streptococcaceae,Streptococcus,NA,Streptococcus,Streptococcaceae
22,AM183014.1.1441,0.1625,Bacteria,Proteobacteria,Gammaproteobacteria,Enterobacteriales,Enterobacteriaceae,Escherichia-Shigella,uncultured Enterobacteriaceae bacterium,Escherichia-Shigella,Enterobacteriaceae
314,LT605585.1090822.1092349,0.1625,Bacteria,Proteobacteria,Alphaproteobacteria,Rhizobiales,Rhizobiaceae,Brucella,NA,Brucella,Rhizobiaceae
52,CATO01000049.63.1649,0.15,Bacteria,Proteobacteria,Gammaproteobacteria,Enterobacteriales,Enterobacteriaceae,Salmonella,NA,Salmonella,Enterobacteriaceae
278,KT003266.1.1254,0.15,Bacteria,Firmicutes,Bacilli,Bacillales,Bacillaceae,Bacillus,NA,Bacillus,Bacillaceae
284,KU714901.1.1529,0.15,Bacteria,Actinobacteria,Actinobacteria,Streptomycetales,Streptomycetaceae,Streptomyces,NA,Streptomyces,Streptomycetaceae
321,MTIS01000005.1947007.1948557,0.15,Bacteria,Firmicutes,Bacilli,Bacillales,Bacillaceae,Bacillus,Bacillus alkalitelluris,Bacillus,Bacillaceae
8,AB696297.1.1439,0.1375,Bacteria,Proteobacteria,Gammaproteobacteria,Enterobacteriales,Enterobacteriaceae,Escherichia-Shigella,uncultured bacterium,Escherichia-Shigella,Enterobacteriaceae
44,AY856845.1.1538,0.1375,Bacteria,Proteobacteria,Gammaproteobacteria,Xanthomonadales,Xanthomonadaceae,Stenotrophomonas,NA,Stenotrophomonas,Xanthomonadaceae
56,CP007799.5360909.5362333,0.1375,Bacteria,Proteobacteria,Gammaproteobacteria,Enterobacteriales,Enterobacteriaceae,Escherichia-Shigella,NA,Escherichia-Shigella,Enterobacteriaceae
63,CVJT01000011.50.2173,0.1375,Bacteria,Firmicutes,Bacilli,Bacillales,Staphylococcaceae,Staphylococcus,Staphylococcus aureus,Staphylococcus,Staphylococcaceae
74,DQ819169.1.1447,0.1375,Bacteria,Proteobacteria,Gammaproteobacteria,Enterobacteriales,Enterobacteriaceae,Escherichia-Shigella,uncultured bacterium,Escherichia-Shigella,Enterobacteriaceae
20,AJ440990.1.1550,0.125,Bacteria,Firmicutes,Bacilli,Bacillales,Planococcaceae,Planococcus,NA,Planococcus,Planococcaceae
32,AY030334.1.1514,0.125,Bacteria,Firmicutes,Bacilli,Bacillales,Bacillaceae,Bacillus,NA,Bacillus,Bacillaceae
92,EU771597.1.1411,0.125,Bacteria,Proteobacteria,Gammaproteobacteria,Enterobacteriales,Enterobacteriaceae,Escherichia-Shigella,uncultured bacterium,Escherichia-Shigella,Enterobacteriaceae
154,GBTV01025760.129.1889,0.125,Bacteria,Cyanobacteria,Oxyphotobacteria,Chloroplast,Azolla filiculoides,Azolla filiculoides,Azolla filiculoides,Azolla filiculoides,Azolla filiculoides
174,GQ853416.1.1513,0.125,Bacteria,Proteobacteria,Gammaproteobacteria,Enterobacteriales,Enterobacteriaceae,Pantoea,NA,Pantoea,Enterobacteriaceae
182,HF570082.1.1509,0.125,Bacteria,Proteobacteria,Alphaproteobacteria,Rhizobiales,Beijerinckiaceae,Methylobacterium,NA,Methylobacterium,Beijerinckiaceae
298,LC140841.1.1508,0.125,Bacteria,Proteobacteria,Gammaproteobacteria,Pseudomonadales,Pseudomonadaceae,Pseudomonas,uncultured Pseudomonas sp.,Pseudomonas,Pseudomonadaceae
12,ABRA01002618.192.1704,0.1125,Bacteria,Proteobacteria,Alphaproteobacteria,Rhizobiales,Rhizobiaceae,Allorhizobium-Neorhizobium-Pararhizobium-Rhizobium,NA,Allorhizobium-Neorhizobium-Pararhizobium-Rhizobium,Rhizobiaceae
93,EU771744.1.1413,0.1125,Bacteria,Proteobacteria,Gammaproteobacteria,Enterobacteriales,Enterobacteriaceae,Escherichia-Shigella,uncultured bacterium,Escherichia-Shigella,Enterobacteriaceae
106,FJ950694.1.1472,0.1125,Bacteria,Proteobacteria,Gammaproteobacteria,Enterobacteriales,Enterobacteriaceae,Escherichia-Shigella,NA,Escherichia-Shigella,Enterobacteriaceae
133,FPLN01008484.58.1586,0.1125,Bacteria,Proteobacteria,Gammaproteobacteria,Enterobacteriales,Enterobacteriaceae,Escherichia-Shigella,NA,Escherichia-Shigella,Enterobacteriaceae
161,GEXO01005455.1.1513,0.1125,Bacteria,Proteobacteria,Gammaproteobacteria,Enterobacteriales,Enterobacteriaceae,Escherichia-Shigella,Malaclemys terrapin terrapin,Escherichia-Shigella,Enterobacteriaceae
206,HQ682006.1.1451,0.1125,Bacteria,Proteobacteria,Alphaproteobacteria,Caulobacterales,Caulobacteraceae,Brevundimonas,uncultured bacterium,Brevundimonas,Caulobacteraceae
235,JUOP01000215.81.1657,0.1125,Bacteria,Firmicutes,Bacilli,Lactobacillales,Enterococcaceae,Enterococcus,Enterococcus faecalis,Enterococcus,Enterococcaceae
247,KC683892.1.1440,0.1125,Bacteria,Firmicutes,Bacilli,Bacillales,Bacillaceae,Bacillus,Bacillus subtilis,Bacillus,Bacillaceae
248,KC858869.1.1562,0.1125,Bacteria,Firmicutes,Bacilli,Bacillales,Bacillaceae,Bacillus,NA,Bacillus,Bacillaceae
280,KT957300.1.1480,0.1125,Bacteria,Firmicutes,Bacilli,Bacillales,Staphylococcaceae,Staphylococcus,Staphylococcus hominis subsp. hominis,Staphylococcus,Staphylococcaceae
294,KY777444.1.1555,0.1125,Bacteria,Firmicutes,Bacilli,Bacillales,Bacillaceae,Bacillus,NA,Bacillus,Bacillaceae
301,LKHO01000001.198.1803,0.1125,Bacteria,Firmicutes,Bacilli,Bacillales,Listeriaceae,Listeria,Listeria monocytogenes,Listeria,Listeriaceae
7,AB637092.1.1524,0.1,Bacteria,Firmicutes,Bacilli,Bacillales,Bacillaceae,NA,NA,f_Bacillaceae,Bacillaceae
14,AF025370.1.1525,0.1,Bacteria,Proteobacteria,Gammaproteobacteria,Enterobacteriales,Enterobacteriaceae,Escherichia-Shigella,NA,Escherichia-Shigella,Enterobacteriaceae
19,AJ429238.1.1465,0.1,Bacteria,Proteobacteria,Alphaproteobacteria,Sphingomonadales,Sphingomonadaceae,Sphingomonas,NA,Sphingomonas,Sphingomonadaceae
43,AY803191.1.1542,0.1,Bacteria,Proteobacteria,Gammaproteobacteria,Enterobacteriales,Enterobacteriaceae,Cronobacter,NA,Cronobacter,Enterobacteriaceae
45,AY959011.1.1496,0.1,Bacteria,Proteobacteria,Gammaproteobacteria,Enterobacteriales,Enterobacteriaceae,Escherichia-Shigella,uncultured bacterium,Escherichia-Shigella,Enterobacteriaceae
78,EF064168.1.1513,0.1,Bacteria,Proteobacteria,Gammaproteobacteria,Betaproteobacteriales,Burkholderiaceae,Aquabacterium,uncultured bacterium,Aquabacterium,Burkholderiaceae
90,EU511062.1.1407,0.1,Bacteria,Firmicutes,Clostridia,Clostridiales,Lachnospiraceae,uncultured,uncultured bacterium,f_Lachnospiraceae,Lachnospiraceae
117,FNKD01000009.1.1593,0.1,Bacteria,Firmicutes,Bacilli,Bacillales,Bacillaceae,Virgibacillus,NA,Virgibacillus,Bacillaceae
175,GQ926886.1.1538,0.1,Bacteria,Firmicutes,Bacilli,Bacillales,Bacillaceae,Bacillus,NA,Bacillus,Bacillaceae
189,HM159971.1.1501,0.1,Bacteria,Proteobacteria,Gammaproteobacteria,Betaproteobacteriales,Burkholderiaceae,Comamonas,uncultured Comamonas sp.,Comamonas,Burkholderiaceae
198,HQ148916.1.1299,0.1,Bacteria,Proteobacteria,Gammaproteobacteria,Enterobacteriales,Enterobacteriaceae,NA,NA,f_Enterobacteriaceae,Enterobacteriaceae
211,JF346899.1.1511,0.1,Bacteria,Firmicutes,Bacilli,Bacillales,Bacillaceae,Bacillus,NA,Bacillus,Bacillaceae
249,KF026285.1.1556,0.1,Bacteria,Proteobacteria,Gammaproteobacteria,Pseudomonadales,Pseudomonadaceae,Pseudomonas,Pseudomonas aeruginosa,Pseudomonas,Pseudomonadaceae
260,KF928782.1.1516,0.1,Bacteria,Proteobacteria,Gammaproteobacteria,Enterobacteriales,Enterobacteriaceae,Salmonella,NA,Salmonella,Enterobacteriaceae
324,U92194.1.1550,0.1,Bacteria,Proteobacteria,Gammaproteobacteria,Enterobacteriales,Enterobacteriaceae,Escherichia-Shigella,NA,Escherichia-Shigella,Enterobacteriaceae
143,FPLS01033822.31.1498,0.0875,Bacteria,Proteobacteria,Alphaproteobacteria,Rhizobiales,Rhizobiaceae,NA,NA,f_Rhizobiaceae,Rhizobiaceae
180,HAFQ01034884.73.1567,0.0875,Bacteria,Proteobacteria,Gammaproteobacteria,Pseudomonadales,Pseudomonadaceae,Pseudomonas,Spumella sp. AR4D6,Pseudomonas,Pseudomonadaceae
184,HG780372.1.1269,0.0875,Bacteria,Proteobacteria,Gammaproteobacteria,Pseudomonadales,Pseudomonadaceae,Pseudomonas,Pseudomonas stutzeri,Pseudomonas,Pseudomonadaceae
220,JN695913.1.1530,0.0875,Bacteria,Proteobacteria,Alphaproteobacteria,Rhizobiales,Beijerinckiaceae,Methylobacterium,Methylobacterium radiotolerans,Methylobacterium,Beijerinckiaceae
251,KF061569.1.1375,0.0875,Bacteria,Firmicutes,Bacilli,Bacillales,Staphylococcaceae,Staphylococcus,uncultured bacterium,Staphylococcus,Staphylococcaceae
254,KF100270.1.1376,0.0875,Bacteria,Firmicutes,Clostridia,Clostridiales,Ruminococcaceae,Fastidiosipila,uncultured bacterium,Fastidiosipila,Ruminococcaceae
2,AB362767.1.1576,0.075,Bacteria,Firmicutes,Bacilli,Lactobacillales,Lactobacillaceae,Lactobacillus,Lactobacillus fermentum,Lactobacillus,Lactobacillaceae
26,AOKA01000137.3650.5241,0.075,Bacteria,Proteobacteria,Gammaproteobacteria,Pseudomonadales,Pseudomonadaceae,Pseudomonas,NA,Pseudomonas,Pseudomonadaceae
40,AY538683.1.1513,0.075,Bacteria,Firmicutes,Bacilli,Bacillales,Staphylococcaceae,Staphylococcus,NA,Staphylococcus,Staphylococcaceae
96,EU778460.1.1405,0.075,Bacteria,Proteobacteria,Gammaproteobacteria,Enterobacteriales,Enterobacteriaceae,Escherichia-Shigella,NA,Escherichia-Shigella,Enterobacteriaceae
100,FJ439860.1.1500,0.075,Bacteria,Proteobacteria,Alphaproteobacteria,Rhizobiales,Xanthobacteraceae,Bradyrhizobium,uncultured bacterium,Bradyrhizobium,Xanthobacteraceae
105,FJ901047.1.1308,0.075,Bacteria,Proteobacteria,Gammaproteobacteria,Pseudomonadales,Pseudomonadaceae,Pseudomonas,uncultured bacterium,Pseudomonas,Pseudomonadaceae
108,FJ957714.1.1490,0.075,Bacteria,Firmicutes,Bacilli,Bacillales,Bacillaceae,Bacillus,uncultured bacterium,Bacillus,Bacillaceae
116,FNFY01000063.42.1594,0.075,Bacteria,Firmicutes,Bacilli,Bacillales,Staphylococcaceae,Salinicoccus,NA,Salinicoccus,Staphylococcaceae
132,FPLN01005715.1.1458,0.075,Bacteria,Proteobacteria,Gammaproteobacteria,Enterobacteriales,Enterobacteriaceae,Escherichia-Shigella,metagenome,Escherichia-Shigella,Enterobacteriaceae
223,JN868813.1.1537,0.075,Bacteria,Proteobacteria,Gammaproteobacteria,Xanthomonadales,Xanthomonadaceae,Stenotrophomonas,NA,Stenotrophomonas,Xanthomonadaceae
269,KM391945.1.1431,0.075,Bacteria,Proteobacteria,Gammaproteobacteria,Enterobacteriales,Enterobacteriaceae,Escherichia-Shigella,NA,Escherichia-Shigella,Enterobacteriaceae
36,AY275432.1.1524,0.0625,Bacteria,Proteobacteria,Gammaproteobacteria,Betaproteobacteriales,Burkholderiaceae,NA,NA,f_Burkholderiaceae,Burkholderiaceae
94,EU771783.1.1399,0.0625,Bacteria,Proteobacteria,Gammaproteobacteria,Enterobacteriales,Enterobacteriaceae,Escherichia-Shigella,uncultured bacterium,Escherichia-Shigella,Enterobacteriaceae
134,FPLN01009530.8.1528,0.0625,Bacteria,Proteobacteria,Gammaproteobacteria,Pseudomonadales,Pseudomonadaceae,Pseudomonas,NA,Pseudomonas,Pseudomonadaceae
179,HAFQ01034880.73.1513,0.0625,Bacteria,Proteobacteria,Gammaproteobacteria,Pseudomonadales,Pseudomonadaceae,Pseudomonas,NA,Pseudomonas,Pseudomonadaceae
222,JN866823.1.1445,0.0625,Bacteria,Proteobacteria,Gammaproteobacteria,Enterobacteriales,Enterobacteriaceae,Citrobacter,Citrobacter freundii,Citrobacter,Enterobacteriaceae
232,JQNF01000007.278620.280162,0.0625,Bacteria,Firmicutes,Bacilli,Lactobacillales,Carnobacteriaceae,Carnobacterium,NA,Carnobacterium,Carnobacteriaceae
286,KU978243.1.1517,0.0625,Bacteria,Proteobacteria,Gammaproteobacteria,Pseudomonadales,Pseudomonadaceae,Pseudomonas,NA,Pseudomonas,Pseudomonadaceae
295,KY777463.1.1542,0.0625,Bacteria,Actinobacteria,Actinobacteria,Micrococcales,Micrococcaceae,Micrococcus,Micrococcus luteus,Micrococcus,Micrococcaceae
299,LC176070.1.1536,0.0625,Bacteria,Proteobacteria,Gammaproteobacteria,Pseudomonadales,Pseudomonadaceae,Pseudomonas,Pseudomonas aeruginosa,Pseudomonas,Pseudomonadaceae
312,LT545682.1.1550,0.0625,Bacteria,Proteobacteria,Gammaproteobacteria,Pseudomonadales,Pseudomonadaceae,Pseudomonas,Pseudomonas aeruginosa,Pseudomonas,Pseudomonadaceae
39,AY491606.1.1607,0.05,Bacteria,Proteobacteria,Gammaproteobacteria,Betaproteobacteriales,Burkholderiaceae,uncultured,uncultured bacterium,f_Burkholderiaceae,Burkholderiaceae
72,DQ535028.1.1539,0.05,Bacteria,Proteobacteria,Gammaproteobacteria,Betaproteobacteriales,Burkholderiaceae,Rhodoferax,NA,Rhodoferax,Burkholderiaceae
76,DQ870740.1.1288,0.05,Bacteria,Firmicutes,Bacilli,Bacillales,Staphylococcaceae,Staphylococcus,uncultured bacterium,Staphylococcus,Staphylococcaceae
81,EF364387.1.1474,0.05,Bacteria,Proteobacteria,Alphaproteobacteria,Rhizobiales,Beijerinckiaceae,Bosea,NA,Bosea,Beijerinckiaceae
91,EU560820.1.1485,0.05,Bacteria,Proteobacteria,Gammaproteobacteria,Enterobacteriales,Enterobacteriaceae,Escherichia-Shigella,uncultured bacterium,Escherichia-Shigella,Enterobacteriaceae
225,JN868968.1.1503,0.05,Bacteria,Proteobacteria,Alphaproteobacteria,Rhizobiales,Rhizobiaceae,Allorhizobium-Neorhizobium-Pararhizobium-Rhizobium,uncultured bacterium,Allorhizobium-Neorhizobium-Pararhizobium-Rhizobium,Rhizobiaceae
242,KC620696.1.1489,0.05,Bacteria,Proteobacteria,Alphaproteobacteria,Rhizobiales,Beijerinckiaceae,Methylobacterium,uncultured bacterium,Methylobacterium,Beijerinckiaceae
268,KM232740.1.1520,0.05,Bacteria,Bacteroidetes,Bacteroidia,Flavobacteriales,Flavobacteriaceae,Flavobacterium,uncultured bacterium,Flavobacterium,Flavobacteriaceae
3,AB365066.1.1533,0.0375,Bacteria,Proteobacteria,Gammaproteobacteria,Pseudomonadales,Moraxellaceae,Acinetobacter,uncultured bacterium,Acinetobacter,Moraxellaceae
29,APMI01074565.1093.2594,0.0375,Bacteria,Bacteroidetes,Bacteroidia,Sphingobacteriales,Sphingobacteriaceae,Pedobacter,NA,Pedobacter,Sphingobacteriaceae
64,DQ234192.1.1572,0.0375,Bacteria,Proteobacteria,Gammaproteobacteria,Pseudomonadales,Pseudomonadaceae,Pseudomonas,NA,Pseudomonas,Pseudomonadaceae
69,DQ490464.1.1485,0.0375,Bacteria,Bacteroidetes,Bacteroidia,Sphingobacteriales,Sphingobacteriaceae,Pedobacter,NA,Pedobacter,Sphingobacteriaceae
111,FLTE01001368.534.2052,0.0375,Bacteria,Proteobacteria,Gammaproteobacteria,Betaproteobacteriales,Burkholderiaceae,Janthinobacterium,NA,Janthinobacterium,Burkholderiaceae
115,FN436071.1.1449,0.0375,Bacteria,Proteobacteria,Alphaproteobacteria,Rhizobiales,Rhizobiaceae,Shinella,NA,Shinella,Rhizobiaceae
120,FPLK01000283.11.1521,0.0375,Bacteria,Proteobacteria,Gammaproteobacteria,Betaproteobacteriales,Burkholderiaceae,Ramlibacter,NA,Ramlibacter,Burkholderiaceae
153,GAYR01026362.62.2014,0.0375,Bacteria,Proteobacteria,Alphaproteobacteria,Rickettsiales,Mitochondria,Solanum melongena (eggplant),Solanum melongena (eggplant),Mitochondria,Mitochondria
183,HF572851.1.1257,0.0375,Bacteria,Proteobacteria,Gammaproteobacteria,Pseudomonadales,Pseudomonadaceae,Pseudomonas,Pseudomonas aeruginosa,Pseudomonas,Pseudomonadaceae
224,JN868839.1.1481,0.0375,Bacteria,Proteobacteria,Alphaproteobacteria,Caulobacterales,Caulobacteraceae,Brevundimonas,NA,Brevundimonas,Caulobacteraceae
237,JX898179.1.1548,0.0375,Bacteria,Acidobacteria,Subgroup 6,uncultured Acidobacteria bacterium,uncultured Acidobacteria bacterium,uncultured Acidobacteria bacterium,uncultured Acidobacteria bacterium,uncultured Acidobacteria bacterium,uncultured Acidobacteria bacterium
252,KF098385.1.1371,0.0375,Bacteria,Firmicutes,Bacilli,Bacillales,Staphylococcaceae,Staphylococcus,uncultured bacterium,Staphylococcus,Staphylococcaceae
320,MLJW01000012.177783.179297,0.0375,Bacteria,Bacteroidetes,Bacteroidia,Chitinophagales,Chitinophagaceae,Sediminibacterium,NA,Sediminibacterium,Chitinophagaceae
1,AB257635.1.1477,0.025,Bacteria,Proteobacteria,Alphaproteobacteria,Rhizobiales,Rhizobiaceae,Aureimonas,NA,Aureimonas,Rhizobiaceae
15,AF125876.1.1529,0.025,Bacteria,Proteobacteria,Gammaproteobacteria,Betaproteobacteriales,Burkholderiaceae,NA,NA,f_Burkholderiaceae,Burkholderiaceae
30,APQB01000020.493579.495105,0.025,Bacteria,Proteobacteria,Gammaproteobacteria,Pseudomonadales,Moraxellaceae,Acinetobacter,NA,Acinetobacter,Moraxellaceae
46,AYSH01000012.3236.4783,0.025,Bacteria,Firmicutes,Bacilli,Lactobacillales,Enterococcaceae,Vagococcus,NA,Vagococcus,Enterococcaceae
47,AYZN01000032.115.1658,0.025,Bacteria,Firmicutes,Bacilli,Lactobacillales,Lactobacillaceae,Lactobacillus,uncultured bacterium,Lactobacillus,Lactobacillaceae
50,BBPI01000114.335.1824,0.025,Bacteria,Proteobacteria,Alphaproteobacteria,Sphingomonadales,Sphingomonadaceae,Sphingomonas,NA,Sphingomonas,Sphingomonadaceae
54,CP002568.631832.633307,0.025,Bacteria,Proteobacteria,Alphaproteobacteria,Rhizobiales,Stappiaceae,NA,NA,NA,Stappiaceae
55,CP006941.13451.15024,0.025,Bacteria,Firmicutes,Bacilli,Bacillales,Paenibacillaceae,Paenibacillus,NA,Paenibacillus,Paenibacillaceae
58,CP014226.105426.106962,0.025,Bacteria,Proteobacteria,Gammaproteobacteria,Oceanospirillales,Halomonadaceae,Halomonas,NA,Halomonas,Halomonadaceae
60,CP019158.175094.176630,0.025,Bacteria,Bacteroidetes,Bacteroidia,Sphingobacteriales,Sphingobacteriaceae,Sphingobacterium,NA,Sphingobacterium,Sphingobacteriaceae
68,DQ462184.1.1522,0.025,Bacteria,Firmicutes,Bacilli,Bacillales,Staphylococcaceae,Staphylococcus,NA,Staphylococcus,Staphylococcaceae
98,EU935284.1.1486,0.025,Bacteria,Proteobacteria,Alphaproteobacteria,Rhizobiales,Rhizobiaceae,Aurantimonas,NA,Aurantimonas,Rhizobiaceae
103,FJ753768.1.1442,0.025,Bacteria,Firmicutes,Bacilli,Lactobacillales,Enterococcaceae,Enterococcus,NA,Enterococcus,Enterococcaceae
107,FJ957467.1.1521,0.025,Bacteria,Firmicutes,Bacilli,Bacillales,Staphylococcaceae,Staphylococcus,NA,Staphylococcus,Staphylococcaceae
128,FPLL01008779.14.1515,0.025,Bacteria,Bacteroidetes,Bacteroidia,Sphingobacteriales,Sphingobacteriaceae,uncultured,NA,f_Sphingobacteriaceae,Sphingobacteriaceae
146,FPLS01042637.11.1526,0.025,Bacteria,Proteobacteria,Gammaproteobacteria,Betaproteobacteriales,Burkholderiaceae,Curvibacter,NA,Curvibacter,Burkholderiaceae
177,GU553044.1.1341,0.025,Bacteria,Proteobacteria,Gammaproteobacteria,Enterobacteriales,Enterobacteriaceae,Escherichia-Shigella,uncultured bacterium,Escherichia-Shigella,Enterobacteriaceae
181,HE962120.1.1400,0.025,Bacteria,Firmicutes,Bacilli,Lactobacillales,Enterococcaceae,Enterococcus,Enterococcus faecalis,Enterococcus,Enterococcaceae
186,HK555525.1.1552,0.025,Bacteria,Firmicutes,Bacilli,Bacillales,Bacillaceae,Anaerobacillus,NA,Anaerobacillus,Bacillaceae
188,HK557027.1.1450,0.025,Bacteria,Proteobacteria,Alphaproteobacteria,Sphingomonadales,Sphingomonadaceae,Sphingomonas,NA,Sphingomonas,Sphingomonadaceae
192,HM816241.1.1371,0.025,Bacteria,Firmicutes,Bacilli,Bacillales,Staphylococcaceae,Staphylococcus,NA,Staphylococcus,Staphylococcaceae
196,HQ121087.1.1522,0.025,Bacteria,Proteobacteria,Gammaproteobacteria,Betaproteobacteriales,Burkholderiaceae,NA,NA,f_Burkholderiaceae,Burkholderiaceae
202,HQ218547.1.1480,0.025,Bacteria,Proteobacteria,Alphaproteobacteria,Rhizobiales,Kaistiaceae,Kaistia,uncultured bacterium,Kaistia,Kaistiaceae
217,JN178192.1.1482,0.025,Bacteria,Proteobacteria,Alphaproteobacteria,Rhizobiales,Hyphomicrobiaceae,Hyphomicrobium,uncultured bacterium,Hyphomicrobium,Hyphomicrobiaceae
244,KC682939.1.1482,0.025,Bacteria,Proteobacteria,Alphaproteobacteria,Sphingomonadales,Sphingomonadaceae,Novosphingobium,NA,Novosphingobium,Sphingomonadaceae
245,KC683027.1.1557,0.025,Bacteria,Firmicutes,Bacilli,Lactobacillales,Carnobacteriaceae,Trichococcus,Trichococcus collinsii,Trichococcus,Carnobacteriaceae
267,KM209255.204.1909,0.025,Bacteria,Proteobacteria,Gammaproteobacteria,Enterobacteriales,Enterobacteriaceae,Dickeya,NA,Dickeya,Enterobacteriaceae
273,KP232906.1.1565,0.025,Bacteria,Firmicutes,Bacilli,Bacillales,Bacillaceae,Bacillus,NA,Bacillus,Bacillaceae
287,KX146486.1.1489,0.025,Bacteria,Bacteroidetes,Bacteroidia,Chitinophagales,Chitinophagaceae,Arachidicoccus,NA,Arachidicoccus,Chitinophagaceae
296,LAVU01000228.149.1665,0.025,Bacteria,Actinobacteria,Actinobacteria,Micrococcales,Micrococcaceae,NA,NA,f_Micrococcaceae,Micrococcaceae
302,LMOH01000001.656692.658176,0.025,Bacteria,Proteobacteria,Alphaproteobacteria,Rhizobiales,Rhizobiaceae,Aureimonas,NA,Aureimonas,Rhizobiaceae
305,LN610139.1.2752,0.025,Bacteria,Firmicutes,Bacilli,Bacillales,Staphylococcaceae,Staphylococcus,NA,Staphylococcus,Staphylococcaceae
315,LT627107.1.1550,0.025,Bacteria,Proteobacteria,Gammaproteobacteria,Xanthomonadales,Xanthomonadaceae,Stenotrophomonas,Stenotrophomonas rhizophila,Stenotrophomonas,Xanthomonadaceae
318,MDDS01000052.248.1742,0.025,Bacteria,Proteobacteria,Alphaproteobacteria,Sphingomonadales,Sphingomonadaceae,Sphingomonas,NA,Sphingomonas,Sphingomonadaceae
322,MVBC01000034.3.1520,0.025,Bacteria,Bacteroidetes,Bacteroidia,Cytophagales,Hymenobacteraceae,Hymenobacter,NA,Hymenobacter,Hymenobacteraceae
325,X92159.1.1489,0.025,Bacteria,Firmicutes,Bacilli,Bacillales,Bacillaceae,Bacillus,NA,Bacillus,Bacillaceae
4,AB374378.1.1507,0.0125,Bacteria,Deinococcus-Thermus,Deinococci,Deinococcales,Trueperaceae,Truepera,uncultured endolithic bacterium,Truepera,Trueperaceae
5,AB374388.1.1497,0.0125,Bacteria,Proteobacteria,Alphaproteobacteria,Rhizobiales,Rhizobiaceae,Mesorhizobium,NA,Mesorhizobium,Rhizobiaceae
6,AB630448.1.1379,0.0125,Bacteria,Proteobacteria,Alphaproteobacteria,Caulobacterales,Hyphomonadaceae,SWB02,uncultured bacterium,SWB02,Hyphomonadaceae
9,AB696344.1.1371,0.0125,Bacteria,Cyanobacteria,Oxyphotobacteria,Chloroplast,uncultured bacterium,uncultured bacterium,uncultured bacterium,Chloroplast,Chloroplast
10,AB698691.1.1446,0.0125,Bacteria,Proteobacteria,Alphaproteobacteria,Rhizobiales,Beijerinckiaceae,Methylobacterium,NA,Methylobacterium,Beijerinckiaceae
11,AB754179.1.1440,0.0125,Bacteria,Firmicutes,Clostridia,Clostridiales,Family XIII,Anaerovorax,uncultured bacterium,Anaerovorax,Family XIII
13,ADHG01000001.652476.654027,0.0125,Bacteria,Firmicutes,Bacilli,Lactobacillales,Lactobacillaceae,Lactobacillus,uncultured bacterium,Lactobacillus,Lactobacillaceae
17,AGFF01000033.3677.5176,0.0125,Bacteria,Actinobacteria,Actinobacteria,Corynebacteriales,Dietziaceae,Dietzia,NA,Dietzia,Dietziaceae
18,AJ272200.1.1497,0.0125,Bacteria,Firmicutes,Bacilli,Lactobacillales,Enterococcaceae,Enterococcus,NA,Enterococcus,Enterococcaceae
21,AJ506191.1.1548,0.0125,Bacteria,Firmicutes,Negativicutes,Selenomonadales,Veillonellaceae,Sporomusa,uncultured Sporomusa sp.,Sporomusa,Veillonellaceae
23,AM420261.1.1516,0.0125,Bacteria,Firmicutes,Bacilli,Lactobacillales,Carnobacteriaceae,Granulicatella,NA,Granulicatella,Carnobacteriaceae
25,ANAM01000008.400257.401788,0.0125,Bacteria,Firmicutes,Bacilli,Bacillales,Staphylococcaceae,Salinicoccus,NA,Salinicoccus,Staphylococcaceae
27,AORL01000003.205.1670,0.0125,Bacteria,Proteobacteria,Alphaproteobacteria,Sphingomonadales,Sphingomonadaceae,Sphingomonas,NA,Sphingomonas,Sphingomonadaceae
31,ARNI01000005.12.1498,0.0125,Bacteria,Bacteroidetes,Bacteroidia,Cytophagales,Spirosomaceae,Dyadobacter,NA,Dyadobacter,Spirosomaceae
33,AY119687.1.1549,0.0125,Bacteria,Firmicutes,Bacilli,Bacillales,Staphylococcaceae,Macrococcus,NA,Macrococcus,Staphylococcaceae
34,AY139002.1.1524,0.0125,Bacteria,Proteobacteria,Gammaproteobacteria,Betaproteobacteriales,Burkholderiaceae,Herbaspirillum,NA,Herbaspirillum,Burkholderiaceae
35,AY220740.1.1485,0.0125,Bacteria,Proteobacteria,Alphaproteobacteria,Acetobacterales,Acetobacteraceae,Roseomonas,NA,Roseomonas,Acetobacteraceae
41,AY773134.1.1507,0.0125,Bacteria,Proteobacteria,Gammaproteobacteria,Betaproteobacteriales,Burkholderiaceae,Comamonas,NA,Comamonas,Burkholderiaceae
42,AY773954.1.1486,0.0125,Bacteria,Firmicutes,Bacilli,Lactobacillales,Lactobacillaceae,Lactobacillus,Lactobacillus casei,Lactobacillus,Lactobacillaceae
49,BBFW01000391.24.1543,0.0125,Bacteria,Actinobacteria,Actinobacteria,Corynebacteriales,Nocardiaceae,Nocardia,NA,Nocardia,Nocardiaceae
51,BBUL01000055.3960.5476,0.0125,Bacteria,Proteobacteria,Gammaproteobacteria,Cellvibrionales,Cellvibrionaceae,Cellvibrio,NA,Cellvibrio,Cellvibrionaceae
57,CP012507.1793487.1795021,0.0125,Bacteria,Actinobacteria,Actinobacteria,Micrococcales,Micrococcaceae,Kocuria,NA,Kocuria,Micrococcaceae
61,CP019619.2704848.2706441,0.0125,Bacteria,Firmicutes,Bacilli,Bacillales,Listeriaceae,Listeria,Listeria monocytogenes,Listeria,Listeriaceae
66,DQ404663.1.1486,0.0125,Bacteria,Bacteroidetes,Bacteroidia,Sphingobacteriales,env.OPS 17,uncultured bacterium,uncultured bacterium,f_env.OPS 17,env.OPS 17
67,DQ450748.1.1393,0.0125,Bacteria,Bacteroidetes,Bacteroidia,Chitinophagales,Chitinophagaceae,Parafilimonas,uncultured Bacteroidetes bacterium,Parafilimonas,Chitinophagaceae
70,DQ493433.1.1449,0.0125,Bacteria,Proteobacteria,Alphaproteobacteria,Caulobacterales,Caulobacteraceae,uncultured,NA,f_Caulobacteraceae,Caulobacteraceae
71,DQ532277.1.1514,0.0125,Bacteria,Proteobacteria,Gammaproteobacteria,Xanthomonadales,Xanthomonadaceae,Lysobacter,uncultured bacterium,Lysobacter,Xanthomonadaceae
75,DQ855276.1.1474,0.0125,Bacteria,Proteobacteria,Alphaproteobacteria,Rhizobiales,Rhizobiaceae,Allorhizobium-Neorhizobium-Pararhizobium-Rhizobium,NA,Allorhizobium-Neorhizobium-Pararhizobium-Rhizobium,Rhizobiaceae
77,EF032759.1.1415,0.0125,Bacteria,Acidobacteria,Acidobacteriia,Solibacterales,Solibacteraceae (Subgroup 3),Bryobacter,NA,Bryobacter,Solibacteraceae (Subgroup 3)
80,EF364376.1.1470,0.0125,Bacteria,Proteobacteria,Alphaproteobacteria,Rhizobiales,Rhizobiaceae,Allorhizobium-Neorhizobium-Pararhizobium-Rhizobium,NA,Allorhizobium-Neorhizobium-Pararhizobium-Rhizobium,Rhizobiaceae
84,EF683058.1.1498,0.0125,Bacteria,Bacteroidetes,Bacteroidia,Chitinophagales,Chitinophagaceae,Ferruginibacter,uncultured bacterium,Ferruginibacter,Chitinophagaceae
85,EU132775.1.1340,0.0125,Bacteria,Actinobacteria,Thermoleophilia,Solirubrobacterales,Solirubrobacteraceae,Solirubrobacter,uncultured bacterium,Solirubrobacter,Solirubrobacteraceae
86,EU133124.1.1356,0.0125,Bacteria,Actinobacteria,Acidimicrobiia,uncultured,uncultured bacterium,uncultured bacterium,uncultured bacterium,c_Acidimicrobiia,c_Acidimicrobiia
87,EU134492.1.1414,0.0125,Bacteria,Proteobacteria,Deltaproteobacteria,Myxococcales,BIrii41,NA,NA,f_BIrii41,BIrii41
88,EU360966.1.1480,0.0125,Bacteria,Bacteroidetes,Bacteroidia,Flavobacteriales,Weeksellaceae,Chryseobacterium,NA,Chryseobacterium,Weeksellaceae
89,EU458616.1.1401,0.0125,Bacteria,Bacteroidetes,Bacteroidia,Bacteroidales,Rikenellaceae,Rikenellaceae RC9 gut group,uncultured bacterium,Rikenellaceae RC9 gut group,Rikenellaceae
95,EU778456.1.1401,0.0125,Bacteria,Proteobacteria,Gammaproteobacteria,Enterobacteriales,Enterobacteriaceae,Escherichia-Shigella,NA,Escherichia-Shigella,Enterobacteriaceae
97,EU800974.1.1502,0.0125,Bacteria,Proteobacteria,Gammaproteobacteria,Legionellales,Legionellaceae,Legionella,uncultured bacterium,Legionella,Legionellaceae
99,FJ184323.1.1507,0.0125,Bacteria,Proteobacteria,Gammaproteobacteria,Xanthomonadales,Xanthomonadaceae,Stenotrophomonas,NA,Stenotrophomonas,Xanthomonadaceae
101,FJ466213.1.1328,0.0125,Bacteria,Bacteroidetes,Ignavibacteria,OPB56,uncultured bacterium,uncultured bacterium,uncultured bacterium,o_OPB56,o_OPB57
102,FJ625358.1.1509,0.0125,Bacteria,Actinobacteria,Actinobacteria,Frankiales,Acidothermaceae,Acidothermus,uncultured bacterium,Acidothermus,Acidothermaceae
104,FJ823914.1.1507,0.0125,Bacteria,Proteobacteria,Gammaproteobacteria,Betaproteobacteriales,Rhodocyclaceae,uncultured,NA,f_Rhodocyclaceae,Rhodocyclaceae
109,FJ957814.1.1521,0.0125,Bacteria,Firmicutes,Bacilli,Bacillales,Bacillaceae,Bacillus,NA,Bacillus,Bacillaceae
110,FJ975995.1.1358,0.0125,Bacteria,Firmicutes,Bacilli,Lactobacillales,Lactobacillaceae,Lactobacillus,NA,Lactobacillus,Lactobacillaceae
112,FM872738.1.1487,0.0125,Bacteria,Proteobacteria,Gammaproteobacteria,Betaproteobacteriales,Burkholderiaceae,Burkholderia-Caballeronia-Paraburkholderia,NA,Burkholderia-Caballeronia-Paraburkholderia,Burkholderiaceae
113,FN377717.1.1523,0.0125,Bacteria,Actinobacteria,Actinobacteria,Micrococcales,Micrococcaceae,Paeniglutamicibacter,NA,Paeniglutamicibacter,Micrococcaceae
114,FN430384.1.1490,0.0125,Bacteria,Firmicutes,Bacilli,Bacillales,Bacillaceae,Bacillus,Bacillus cereus,Bacillus,Bacillaceae
118,FNVY01000003.243232.244769,0.0125,Bacteria,Firmicutes,Bacilli,Lactobacillales,Enterococcaceae,Enterococcus,NA,Enterococcus,Enterococcaceae
121,FPLK01000415.18.1468,0.0125,Bacteria,Proteobacteria,Alphaproteobacteria,Rhodobacterales,Rhodobacteraceae,Rhodobacter,NA,Rhodobacter,Rhodobacteraceae
122,FPLL01000300.16.1523,0.0125,Bacteria,Proteobacteria,Gammaproteobacteria,Betaproteobacteriales,Burkholderiaceae,NA,NA,f_Burkholderiaceae,Burkholderiaceae
123,FPLL01000940.11.1474,0.0125,Bacteria,Proteobacteria,Alphaproteobacteria,Rhizobiales,Devosiaceae,NA,NA,f_Devosiaceae,Devosiaceae
124,FPLL01002568.9.1524,0.0125,Bacteria,Proteobacteria,Gammaproteobacteria,Betaproteobacteriales,TRA3-20,metagenome,metagenome,f_TRA3-20,TRA3-20
125,FPLL01005505.14.1532,0.0125,Bacteria,Proteobacteria,Gammaproteobacteria,Steroidobacterales,Steroidobacteraceae,Steroidobacter,metagenome,Steroidobacter,Steroidobacteraceae
126,FPLL01007029.10.1477,0.0125,Bacteria,Proteobacteria,Alphaproteobacteria,Sphingomonadales,Sphingomonadaceae,Sphingomonas,NA,Sphingomonas,Sphingomonadaceae
127,FPLL01007102.10.1478,0.0125,Bacteria,Proteobacteria,Alphaproteobacteria,Rhizobiales,uncultured,NA,NA,o_Rhizobiales,o_Rhizobiales
129,FPLM01000559.10.1453,0.0125,Bacteria,Proteobacteria,Alphaproteobacteria,Rhodobacterales,Rhodobacteraceae,Amaricoccus,NA,Amaricoccus,Rhodobacteraceae
130,FPLM01003094.15.1529,0.0125,Bacteria,Proteobacteria,Gammaproteobacteria,Betaproteobacteriales,Burkholderiaceae,Ramlibacter,NA,Ramlibacter,Burkholderiaceae
131,FPLM01003312.11.1536,0.0125,Bacteria,Actinobacteria,Thermoleophilia,Solirubrobacterales,Solirubrobacteraceae,NA,NA,f_Solirubrobacteraceae,Solirubrobacteraceae
135,FPLS01000417.8.1471,0.0125,Bacteria,Proteobacteria,Alphaproteobacteria,Rhizobiales,Devosiaceae,Devosia,metagenome,Devosia,Devosiaceae
136,FPLS01002836.14.1480,0.0125,Bacteria,Proteobacteria,Alphaproteobacteria,Sphingomonadales,Sphingomonadaceae,Sphingobium,metagenome,Sphingobium,Sphingomonadaceae
137,FPLS01003342.25.1528,0.0125,Bacteria,Fibrobacteres,Fibrobacteria,Fibrobacterales,Fibrobacteraceae,possible genus 04,uncultured bacterium,possible genus 04,Fibrobacteraceae
138,FPLS01007672.18.1477,0.0125,Bacteria,Proteobacteria,Alphaproteobacteria,Caulobacterales,Caulobacteraceae,Phenylobacterium,metagenome,Phenylobacterium,Caulobacteraceae
139,FPLS01009273.17.1481,0.0125,Bacteria,Proteobacteria,Alphaproteobacteria,Rhizobiales,Xanthobacteraceae,uncultured,metagenome,f_Xanthobacteraceae,Xanthobacteraceae
140,FPLS01009478.18.1542,0.0125,Bacteria,Actinobacteria,Thermoleophilia,Solirubrobacterales,67-14,metagenome,metagenome,f_67-14,67-14
141,FPLS01015607.17.1527,0.0125,Bacteria,Proteobacteria,Gammaproteobacteria,Betaproteobacteriales,Burkholderiaceae,Verticia,NA,Verticia,Burkholderiaceae
142,FPLS01031197.11.1541,0.0125,Bacteria,Proteobacteria,Deltaproteobacteria,Myxococcales,Haliangiaceae,Haliangium,NA,Haliangium,Haliangiaceae
144,FPLS01034889.11.1536,0.0125,Bacteria,Verrucomicrobia,Verrucomicrobiae,Chthoniobacterales,Chthoniobacteraceae,Chthoniobacter,metagenome,Chthoniobacter,Chthoniobacteraceae
145,FPLS01038376.19.1499,0.0125,Bacteria,Proteobacteria,Alphaproteobacteria,Rhizobiales,Beijerinckiaceae,Microvirga,NA,Microvirga,Beijerinckiaceae
147,FPLS01059814.15.1488,0.0125,Bacteria,Planctomycetes,Planctomycetacia,Gemmatales,Gemmataceae,Gemmata,metagenome,Gemmata,Gemmataceae
148,FPLS01062338.16.1535,0.0125,Bacteria,Proteobacteria,Gammaproteobacteria,Betaproteobacteriales,Methylophilaceae,Methylotenera,NA,Methylotenera,Methylophilaceae
150,FR749714.1.1492,0.0125,Bacteria,Bacteroidetes,Bacteroidia,Chitinophagales,Chitinophagaceae,uncultured,uncultured Bacteroidetes bacterium,f_Chitinophagaceae,Chitinophagaceae
151,FR749808.1.1521,0.0125,Bacteria,Proteobacteria,Deltaproteobacteria,Myxococcales,Haliangiaceae,Haliangium,NA,Haliangium,Haliangiaceae
162,GQ264200.1.1471,0.0125,Bacteria,Proteobacteria,Alphaproteobacteria,Rhizobiales,Devosiaceae,Devosia,uncultured bacterium,Devosia,Devosiaceae
163,GQ264293.1.1466,0.0125,Bacteria,Bacteroidetes,Bacteroidia,Sphingobacteriales,NS11-12 marine group,NA,NA,f_NS11-12 marine group,NS11-12 marine group
164,GQ264313.1.1452,0.0125,Bacteria,Bacteroidetes,Bacteroidia,Chitinophagales,Chitinophagaceae,uncultured,uncultured bacterium,f_Chitinophagaceae,Chitinophagaceae
165,GQ264330.1.1482,0.0125,Bacteria,Proteobacteria,Gammaproteobacteria,Gammaproteobacteria Incertae Sedis,Unknown Family,Acidibacter,NA,Acidibacter,o_Gammaproteobacteria Incertae Sedis
166,GQ280051.1.1425,0.0125,Bacteria,Proteobacteria,Gammaproteobacteria,Pseudomonadales,Pseudomonadaceae,Pseudomonas,NA,Pseudomonas,Pseudomonadaceae
167,GQ302541.1.1484,0.0125,Bacteria,Cyanobacteria,Oxyphotobacteria,Chloroplast,uncultured bacterium,uncultured bacterium,uncultured bacterium,Chloroplast,Chloroplast
168,GQ379541.1.1220,0.0125,Bacteria,Proteobacteria,Alphaproteobacteria,Rhizobiales,Beijerinckiaceae,Methylobacterium,uncultured bacterium,Methylobacterium,Beijerinckiaceae
169,GQ388901.1.1482,0.0125,Bacteria,Proteobacteria,Alphaproteobacteria,Sphingomonadales,Sphingomonadaceae,Sphingomonas,uncultured bacterium,Sphingomonas,Sphingomonadaceae
170,GQ396917.1.1488,0.0125,Bacteria,Bacteroidetes,Bacteroidia,Chitinophagales,Saprospiraceae,uncultured,uncultured bacterium,f_Saprospiraceae,Saprospiraceae
171,GQ451285.1.1488,0.0125,Bacteria,Bacteroidetes,Bacteroidia,Sphingobacteriales,Sphingobacteriaceae,Pedobacter,NA,Pedobacter,Sphingobacteriaceae
173,GQ500892.1.1448,0.0125,Bacteria,Proteobacteria,Alphaproteobacteria,Rhizobiales,Rhizobiales Incertae Sedis,uncultured,uncultured bacterium,f_Rhizobiales Incertae Sedis,Rhizobiales Incertae Sedis
176,GU208498.1.1454,0.0125,Bacteria,Proteobacteria,Deltaproteobacteria,Myxococcales,Haliangiaceae,Haliangium,uncultured prokaryote,Haliangium,Haliangiaceae
185,HG798473.1.1438,0.0125,Bacteria,Firmicutes,Bacilli,Lactobacillales,Lactobacillaceae,Lactobacillus,Lactobacillus fermentum,Lactobacillus,Lactobacillaceae
187,HK555632.10.1532,0.0125,Bacteria,Actinobacteria,Actinobacteria,Bifidobacteriales,Bifidobacteriaceae,Bifidobacterium,NA,Bifidobacterium,Bifidobacteriaceae
190,HM187227.1.1477,0.0125,Bacteria,Acidobacteria,Subgroup 6,uncultured bacterium,uncultured bacterium,uncultured bacterium,uncultured bacterium,c_Subgroup 6,c_Subgroup 6
191,HM241063.1.1366,0.0125,Bacteria,Actinobacteria,Thermoleophilia,Gaiellales,uncultured,uncultured bacterium,uncultured bacterium,o_Gaiellales,o_Gaiellales
194,HQ014636.1.1456,0.0125,Bacteria,Chloroflexi,Anaerolineae,SBR1031,A4b,uncultured bacterium,uncultured bacterium,f_A4b,A4b
195,HQ119202.1.1480,0.0125,Bacteria,Proteobacteria,Alphaproteobacteria,Acetobacterales,Acetobacteraceae,uncultured,uncultured bacterium,f_Acetobacteraceae,Acetobacteraceae
199,HQ166699.1.1541,0.0125,Bacteria,Acidobacteria,Subgroup 6,uncultured bacterium,uncultured bacterium,uncultured bacterium,uncultured bacterium,c_Subgroup 6,c_Subgroup 6
201,HQ190384.1.1493,0.0125,Bacteria,Bacteroidetes,Bacteroidia,Cytophagales,Microscillaceae,uncultured,uncultured bacterium,f_Microscillaceae,Microscillaceae
203,HQ397140.1.1483,0.0125,Bacteria,Bacteroidetes,Bacteroidia,Cytophagales,Amoebophilaceae,Candidatus Amoebophilus,NA,Candidatus Amoebophilus,Amoebophilaceae
205,HQ599031.1.1456,0.0125,Bacteria,Acidobacteria,Acidobacteriia,Acidobacteriales,Acidobacteriaceae_Subgroup 1,Granulicella,NA,Granulicella,Acidobacteriaceae_Subgroup 1
207,JDSS02000024.197630.199203,0.0125,Bacteria,Proteobacteria,Gammaproteobacteria,Betaproteobacteriales,Rhodocyclaceae,Candidatus Accumulibacter,Candidatus Accumulibacter sp. SK-01,Candidatus Accumulibacter,Rhodocyclaceae
208,JF167832.1.1330,0.0125,Bacteria,FBP,uncultured bacterium,uncultured bacterium,uncultured bacterium,uncultured bacterium,uncultured bacterium,p_FBP,p_FBP
209,JF180716.1.1357,0.0125,Bacteria,Bacteroidetes,Bacteroidia,Chitinophagales,Chitinophagaceae,uncultured,uncultured bacterium,f_Chitinophagaceae,Chitinophagaceae
210,JF189310.1.1369,0.0125,Bacteria,Firmicutes,Bacilli,Lactobacillales,Streptococcaceae,Streptococcus,uncultured bacterium,Streptococcus,Streptococcaceae
212,JF429110.1.1493,0.0125,Bacteria,Actinobacteria,Actinobacteria,Frankiales,Frankiaceae,Jatrophihabitans,NA,Jatrophihabitans,Frankiaceae
213,JF495287.1.1459,0.0125,Bacteria,Proteobacteria,Alphaproteobacteria,Rhizobiales,Methyloligellaceae,uncultured,uncultured bacterium,f_Methyloligellaceae,Methyloligellaceae
214,JF733438.1.1480,0.0125,Bacteria,Planctomycetes,Planctomycetacia,Isosphaerales,Isosphaeraceae,Aquisphaera,uncultured planctomycete,Aquisphaera,Isosphaeraceae
215,JN023131.1.1435,0.0125,Bacteria,Proteobacteria,Alphaproteobacteria,Sphingomonadales,Sphingomonadaceae,Sphingomonas,uncultured bacterium,Sphingomonas,Sphingomonadaceae
218,JN628990.1.1569,0.0125,Bacteria,Firmicutes,Bacilli,Lactobacillales,Enterococcaceae,Enterococcus,Enterococcus faecalis,Enterococcus,Enterococcaceae
219,JN644571.1.1553,0.0125,Bacteria,Firmicutes,Bacilli,Lactobacillales,Aerococcaceae,Aerococcus,NA,Aerococcus,Aerococcaceae
221,JN802263.1.1452,0.0125,Bacteria,Proteobacteria,Alphaproteobacteria,Sphingomonadales,Sphingomonadaceae,Altererythrobacter,uncultured bacterium,Altererythrobacter,Sphingomonadaceae
226,JN869046.1.1544,0.0125,Bacteria,Acidobacteria,Subgroup 17,uncultured bacterium,uncultured bacterium,uncultured bacterium,uncultured bacterium,c_Subgroup 17,c_Subgroup 17
227,JN869191.1.1500,0.0125,Bacteria,Proteobacteria,Alphaproteobacteria,Rhizobiales,Hyphomicrobiaceae,Hyphomicrobium,metagenome,Hyphomicrobium,Hyphomicrobiaceae
229,JPLY01000001.145690.147219,0.0125,Bacteria,Bacteroidetes,Bacteroidia,Flavobacteriales,Weeksellaceae,Chryseobacterium,NA,Chryseobacterium,Weeksellaceae
230,JQ805719.1.1575,0.0125,Bacteria,Firmicutes,Bacilli,Lactobacillales,Enterococcaceae,Enterococcus,uncultured bacterium,Enterococcus,Enterococcaceae
231,JQ861298.1.1466,0.0125,Bacteria,Acidobacteria,Acidobacteriia,Acidobacteriales,Acidobacteriaceae (Subgroup 1),Granulicella,NA,Granulicella,Acidobacteriaceae (Subgroup 1)
236,JX559243.1.1444,0.0125,Bacteria,Proteobacteria,Alphaproteobacteria,Sphingomonadales,Sphingomonadaceae,Sphingomonas,NA,Sphingomonas,Sphingomonadaceae
239,KC011109.1.1478,0.0125,Bacteria,Bacteroidetes,Bacteroidia,Cytophagales,Hymenobacteraceae,Hymenobacter,NA,Hymenobacter,Hymenobacteraceae
240,KC202800.1.1427,0.0125,Bacteria,Firmicutes,Bacilli,Lactobacillales,Enterococcaceae,Enterococcus,Enterococcus durans,Enterococcus,Enterococcaceae
241,KC333895.1.1233,0.0125,Bacteria,Firmicutes,Bacilli,Lactobacillales,Enterococcaceae,Enterococcus,Enterococcus faecalis,Enterococcus,Enterococcaceae
243,KC665708.1.1507,0.0125,Bacteria,Proteobacteria,Gammaproteobacteria,Aeromonadales,Aeromonadaceae,Aeromonas,NA,Aeromonas,Aeromonadaceae
246,KC683139.1.1516,0.0125,Bacteria,Acidobacteria,Blastocatellia (Subgroup 4),Blastocatellales,Blastocatellaceae,Blastocatella,NA,Blastocatella,Blastocatellaceae
250,KF037529.1.1462,0.0125,Bacteria,Proteobacteria,Alphaproteobacteria,Sphingomonadales,Sphingomonadaceae,Sphingomonas,uncultured bacterium,Sphingomonas,Sphingomonadaceae
253,KF099744.1.1371,0.0125,Bacteria,Firmicutes,Bacilli,Bacillales,Staphylococcaceae,Staphylococcus,uncultured bacterium,Staphylococcus,Staphylococcaceae
255,KF105341.1.1391,0.0125,Bacteria,Firmicutes,Bacilli,Lactobacillales,Lactobacillaceae,Lactobacillus,uncultured bacterium,Lactobacillus,Lactobacillaceae
256,KF571466.1.1425,0.0125,Bacteria,Firmicutes,Bacilli,Bacillales,Listeriaceae,Listeria,Listeria monocytogenes,Listeria,Listeriaceae
258,KF712847.1.1506,0.0125,Bacteria,Verrucomicrobia,Verrucomicrobiae,Verrucomicrobiales,Verrucomicrobiaceae,NA,NA,f_Verrucomicrobiaceae,Verrucomicrobiaceae
261,KF975562.1.1515,0.0125,Bacteria,Acidobacteria,Blastocatellia (Subgroup 4),Blastocatellales,Blastocatellaceae,Blastocatella,uncultured soil bacterium,Blastocatella,Blastocatellaceae
262,KH179773.1.1478,0.0125,Bacteria,Firmicutes,Bacilli,Bacillales,NA,NA,NA,o_Bacillales,o_Bacillales
265,KJ410631.1.1248,0.0125,Bacteria,Cyanobacteria,Oxyphotobacteria,Chloroplast,uncultured bacterium,uncultured bacterium,uncultured bacterium,Chloroplast,Chloroplast
266,KJ600988.1.1454,0.0125,Bacteria,Proteobacteria,Alphaproteobacteria,Rhizobiales,Rhizobiales Incertae Sedis,uncultured,uncultured bacterium,f_Rhizobiales Incertae Sedis,Rhizobiales Incertae Sedis
270,KM819156.1.1538,0.0125,Bacteria,Firmicutes,Bacilli,Lactobacillales,Lactobacillaceae,Lactobacillus,Lactobacillus fermentum,Lactobacillus,Lactobacillaceae
271,KM819157.1.1526,0.0125,Bacteria,Firmicutes,Bacilli,Lactobacillales,Lactobacillaceae,Lactobacillus,uncultured Bacillus sp.,Lactobacillus,Lactobacillaceae
274,KP986565.1.1538,0.0125,Bacteria,Actinobacteria,Actinobacteria,Micrococcales,Microbacteriaceae,Microbacterium,NA,Microbacterium,Microbacteriaceae
277,KR088716.1.1442,0.0125,Bacteria,Firmicutes,Bacilli,Bacillales,Bacillaceae,Marinococcus,NA,Marinococcus,Bacillaceae
279,KT350432.1.1533,0.0125,Bacteria,Proteobacteria,Gammaproteobacteria,Betaproteobacteriales,Burkholderiaceae,Noviherbaspirillum,NA,Noviherbaspirillum,Burkholderiaceae
281,KU366365.1.1545,0.0125,Bacteria,Firmicutes,Bacilli,Lactobacillales,Lactobacillaceae,Lactobacillus,Lactobacillus fermentum,Lactobacillus,Lactobacillaceae
282,KU588112.1.1213,0.0125,Bacteria,Proteobacteria,Gammaproteobacteria,Pseudomonadales,Pseudomonadaceae,Pseudomonas,NA,Pseudomonas,Pseudomonadaceae
283,KU713410.1.1401,0.0125,Bacteria,Verrucomicrobia,Verrucomicrobiae,Chthoniobacterales,Chthoniobacteraceae,LD29,uncultured bacterium,LD29,Chthoniobacteraceae
285,KU726283.1.1457,0.0125,Bacteria,Cyanobacteria,Melainabacteria,Obscuribacterales,uncultured bacterium,uncultured bacterium,uncultured bacterium,p_Cyanobacteria,p_Cyanobacteria
288,KX508879.1.1497,0.0125,Bacteria,Proteobacteria,Gammaproteobacteria,Pseudomonadales,Moraxellaceae,Acinetobacter,uncultured bacterium,Acinetobacter,Moraxellaceae
289,KX938022.1.1498,0.0125,Bacteria,Cyanobacteria,Oxyphotobacteria,Chloroplast,uncultured marine eukaryote,uncultured marine eukaryote,uncultured marine eukaryote,Chloroplast,uncultured marine eukaryote
290,KY117512.1.1474,0.0125,Bacteria,Proteobacteria,Alphaproteobacteria,Sphingomonadales,Sphingomonadaceae,Rhizorhapis,NA,Rhizorhapis,Sphingomonadaceae
291,KY445705.1.1510,0.0125,Bacteria,Actinobacteria,Actinobacteria,Corynebacteriales,Mycobacteriaceae,Mycobacterium,Mycobacterium sp.,Mycobacterium,Mycobacteriaceae
297,LC027464.1.1465,0.0125,Bacteria,Acidobacteria,Acidobacteriia,Acidobacteriales,Acidobacteriaceae (Subgroup 1),NA,NA,f_Acidobacteriaceae (Subgroup 1),Acidobacteriaceae (Subgroup 1)
300,LK985387.1.1470,0.0125,Bacteria,Proteobacteria,Alphaproteobacteria,Rhizobiales,Rhizobiales Incertae Sedis,Phreatobacter,NA,Phreatobacter,Rhizobiales Incertae Sedis
303,LMQC01000001.4000.5527,0.0125,Bacteria,Actinobacteria,Actinobacteria,Frankiales,Geodermatophilaceae,Geodermatophilus,NA,Geodermatophilus,Geodermatophilaceae
304,LN570499.1.1323,0.0125,Bacteria,Proteobacteria,Alphaproteobacteria,Acetobacterales,Acetobacteraceae,NA,NA,f_Acetobacteraceae,Acetobacteraceae
306,LN833517.1.1512,0.0125,Bacteria,Proteobacteria,Gammaproteobacteria,Enterobacteriales,Enterobacteriaceae,Escherichia-Shigella,uncultured Escherichia sp.,Escherichia-Shigella,Enterobacteriaceae
307,LN833518.1.1522,0.0125,Bacteria,Proteobacteria,Gammaproteobacteria,Enterobacteriales,Enterobacteriaceae,Escherichia-Shigella,uncultured Escherichia sp.,Escherichia-Shigella,Enterobacteriaceae
309,LNNI01000005.225118.226745,0.0125,Bacteria,Proteobacteria,Gammaproteobacteria,Pseudomonadales,Pseudomonadaceae,Pseudomonas,NA,Pseudomonas,Pseudomonadaceae
310,LQOW01000023.119.1666,0.0125,Bacteria,Actinobacteria,Actinobacteria,Corynebacteriales,Mycobacteriaceae,Mycobacterium,NA,Mycobacterium,Mycobacteriaceae
311,LQXD01000001.79025.80958,0.0125,Bacteria,Firmicutes,Bacilli,Bacillales,Bacillaceae,Anaerobacillus,NA,Anaerobacillus,Bacillaceae
316,LXTQ01000003.3712.5257,0.0125,Bacteria,Proteobacteria,Gammaproteobacteria,Betaproteobacteriales,Methylophilaceae,NA,NA,f_Methylophilaceae,Methylophilaceae