Domain,Phylum,Class,Order,Family,Genus,Species,Genus.ed,Family.ed
Bacteria,Proteobacteria,Alphaproteobacteria,Rhizobiales,Rhizobiaceae,Allorhizobium-Neorhizobium-Pararhizobium-Rhizobium,NA,Allorhizobium-Neorhizobium-Pararhizobium-Rhizobium,Rhizobiaceae
Bacteria,Firmicutes,Bacilli,Bacillales,Bacillaceae,Bacillus,NA,Bacillus,Bacillaceae
Bacteria,Proteobacteria,Gammaproteobacteria,Betaproteobacteriales,Burkholderiaceae,Curvibacter,NA,Curvibacter,Burkholderiaceae
Bacteria,Proteobacteria,Gammaproteobacteria,Pseudomonadales,Pseudomonadaceae,Pseudomonas,metagenome,Pseudomonas,Pseudomonadaceae
Bacteria,Proteobacteria,Gammaproteobacteria,Pseudomonadales,Pseudomonadaceae,Pseudomonas,NA,Pseudomonas,Pseudomonadaceae
Bacteria,Proteobacteria,Alphaproteobacteria,Rhizobiales,Rhizobiaceae,Ochrobactrum,NA,Ochrobactrum,Rhizobiaceae
Bacteria,Actinobacteria,Actinobacteria,Streptomycetales,Streptomycetaceae,Streptomyces,NA,Streptomyces,Streptomycetaceae
Bacteria,Firmicutes,Bacilli,Lactobacillales,Carnobacteriaceae,Carnobacterium,NA,Carnobacterium,Carnobacteriaceae
Bacteria,Actinobacteria,Actinobacteria,Micrococcales,Micrococcaceae,NA,NA,f_Micrococcaceae,Micrococcaceae
Bacteria,Actinobacteria,Actinobacteria,Streptomycetales,Streptomycetaceae,Streptomyces,NA,Streptomyces,Streptomycetaceae
Bacteria,Firmicutes,Bacilli,Lactobacillales,Lactobacillaceae,Lactobacillus,uncultured bacterium,Lactobacillus,Lactobacillaceae
Bacteria,Proteobacteria,Alphaproteobacteria,Sphingomonadales,Sphingomonadaceae,Sphingomonas,NA,Sphingomonas,Sphingomonadaceae
Bacteria,Proteobacteria,Gammaproteobacteria,Pseudomonadales,Pseudomonadaceae,Pseudomonas,NA,Pseudomonas,Pseudomonadaceae
Bacteria,Proteobacteria,Gammaproteobacteria,Enterobacteriales,Enterobacteriaceae,Escherichia-Shigella,Escherichia coli,Escherichia-Shigella,Enterobacteriaceae
Bacteria,Firmicutes,Bacilli,Lactobacillales,Streptococcaceae,Streptococcus,NA,Streptococcus,Streptococcaceae
Bacteria,Proteobacteria,Gammaproteobacteria,Enterobacteriales,Enterobacteriaceae,Raoultella,Raoultella ornithinolytica,Raoultella,Enterobacteriaceae
Bacteria,Proteobacteria,Gammaproteobacteria,Betaproteobacteriales,Burkholderiaceae,NA,NA,f_Burkholderiaceae,Burkholderiaceae
Bacteria,Firmicutes,Bacilli,Bacillales,Bacillaceae,Bacillus,NA,Bacillus,Bacillaceae
Bacteria,Proteobacteria,Gammaproteobacteria,Pseudomonadales,Pseudomonadaceae,Pseudomonas,NA,Pseudomonas,Pseudomonadaceae
Bacteria,Proteobacteria,Alphaproteobacteria,Rhizobiales,Beijerinckiaceae,Methylobacterium,Methylobacterium radiotolerans,Methylobacterium,Beijerinckiaceae
Bacteria,Actinobacteria,Actinobacteria,Micrococcales,Micrococcaceae,Arthrobacter,Arthrobacter sp. F7,Arthrobacter,Micrococcaceae
Bacteria,Proteobacteria,Gammaproteobacteria,Pseudomonadales,Pseudomonadaceae,Pseudomonas,NA,Pseudomonas,Pseudomonadaceae
Bacteria,Proteobacteria,Alphaproteobacteria,Caulobacterales,Caulobacteraceae,Brevundimonas,NA,Brevundimonas,Caulobacteraceae
Bacteria,Firmicutes,Bacilli,Bacillales,Bacillaceae,Bacillus,NA,Bacillus,Bacillaceae
Bacteria,Proteobacteria,Gammaproteobacteria,Xanthomonadales,Xanthomonadaceae,Stenotrophomonas,NA,Stenotrophomonas,Xanthomonadaceae
Bacteria,Proteobacteria,Gammaproteobacteria,Pseudomonadales,Pseudomonadaceae,Pseudomonas,NA,Pseudomonas,Pseudomonadaceae
Bacteria,Proteobacteria,Alphaproteobacteria,Rhizobiales,Rhizobiaceae,Allorhizobium-Neorhizobium-Pararhizobium-Rhizobium,NA,Allorhizobium-Neorhizobium-Pararhizobium-Rhizobium,Rhizobiaceae
Bacteria,Proteobacteria,Gammaproteobacteria,Pseudomonadales,Pseudomonadaceae,Pseudomonas,NA,Pseudomonas,Pseudomonadaceae
Bacteria,Proteobacteria,Gammaproteobacteria,Pseudomonadales,Moraxellaceae,Acinetobacter,NA,Acinetobacter,Moraxellaceae
Bacteria,Proteobacteria,Gammaproteobacteria,Pseudomonadales,Moraxellaceae,Acinetobacter,Acinetobacter sp. IGCAR-9/07,Acinetobacter,Moraxellaceae
Bacteria,Proteobacteria,Gammaproteobacteria,Xanthomonadales,Xanthomonadaceae,Stenotrophomonas,NA,Stenotrophomonas,Xanthomonadaceae
Bacteria,Actinobacteria,Actinobacteria,Frankiales,Geodermatophilaceae,Geodermatophilus,NA,Geodermatophilus,Geodermatophilaceae
Bacteria,Proteobacteria,Alphaproteobacteria,Caulobacterales,Caulobacteraceae,NA,NA,f_Caulobacteraceae,Caulobacteraceae
Bacteria,Proteobacteria,Gammaproteobacteria,Betaproteobacteriales,Burkholderiaceae,uncultured,NA,f_Burkholderiaceae,Burkholderiaceae
Bacteria,Proteobacteria,Gammaproteobacteria,Enterobacteriales,Enterobacteriaceae,Pantoea,NA,Pantoea,Enterobacteriaceae
Bacteria,Proteobacteria,Alphaproteobacteria,Rhizobiales,Kaistiaceae,Kaistia,uncultured bacterium,Kaistia,Kaistiaceae
Bacteria,Proteobacteria,Gammaproteobacteria,Pseudomonadales,Pseudomonadaceae,Pseudomonas,NA,Pseudomonas,Pseudomonadaceae
Bacteria,Firmicutes,Bacilli,Bacillales,Listeriaceae,Listeria,Listeria monocytogenes,Listeria,Listeriaceae
Bacteria,Proteobacteria,Gammaproteobacteria,Xanthomonadales,Xanthomonadaceae,Stenotrophomonas,NA,Stenotrophomonas,Xanthomonadaceae
Bacteria,Proteobacteria,Alphaproteobacteria,Rhizobiales,Beijerinckiaceae,Methylobacterium,NA,Methylobacterium,Beijerinckiaceae
Bacteria,Proteobacteria,Gammaproteobacteria,Betaproteobacteriales,Burkholderiaceae,Aquabacterium,uncultured bacterium,Aquabacterium,Burkholderiaceae
Bacteria,Proteobacteria,Gammaproteobacteria,Betaproteobacteriales,Burkholderiaceae,NA,NA,f_Burkholderiaceae,Burkholderiaceae
Bacteria,Firmicutes,Bacilli,Lactobacillales,Lactobacillaceae,Lactobacillus,uncultured bacterium,Lactobacillus,Lactobacillaceae
Bacteria,Actinobacteria,Actinobacteria,Bifidobacteriales,Bifidobacteriaceae,Bifidobacterium,NA,Bifidobacterium,Bifidobacteriaceae
Bacteria,Proteobacteria,Gammaproteobacteria,Pseudomonadales,Pseudomonadaceae,Pseudomonas,uncultured Pseudomonas sp.,Pseudomonas,Pseudomonadaceae
Bacteria,Actinobacteria,Thermoleophilia,Solirubrobacterales,Solirubrobacteraceae,Solirubrobacter,uncultured bacterium,Solirubrobacter,Solirubrobacteraceae
Bacteria,Proteobacteria,Gammaproteobacteria,Pseudomonadales,Pseudomonadaceae,Pseudomonas,NA,Pseudomonas,Pseudomonadaceae
Bacteria,Firmicutes,Bacilli,Bacillales,Staphylococcaceae,Staphylococcus,Staphylococcus agnetis,Staphylococcus,Staphylococcaceae
Bacteria,Proteobacteria,Gammaproteobacteria,Betaproteobacteriales,Burkholderiaceae,Rhodoferax,NA,Rhodoferax,Burkholderiaceae
Bacteria,Proteobacteria,Alphaproteobacteria,Rhizobiales,Rhizobiaceae,Aurantimonas,NA,Aurantimonas,Rhizobiaceae
Bacteria,Proteobacteria,Alphaproteobacteria,Sphingomonadales,Sphingomonadaceae,Sphingomonas,NA,Sphingomonas,Sphingomonadaceae
Bacteria,Acidobacteria,Blastocatellia (Subgroup 4),Blastocatellales,Blastocatellaceae,Blastocatella,NA,Blastocatella,Blastocatellaceae
Bacteria,Proteobacteria,Gammaproteobacteria,Pseudomonadales,Pseudomonadaceae,Pseudomonas,Spumella sp. AR4D6,Pseudomonas,Pseudomonadaceae
Bacteria,Proteobacteria,Alphaproteobacteria,Sphingomonadales,Sphingomonadaceae,Sphingomonas,NA,Sphingomonas,Sphingomonadaceae
Bacteria,Proteobacteria,Gammaproteobacteria,Betaproteobacteriales,Burkholderiaceae,Noviherbaspirillum,NA,Noviherbaspirillum,Burkholderiaceae
Bacteria,Proteobacteria,Alphaproteobacteria,Rhizobiales,Beijerinckiaceae,Methylobacterium,uncultured bacterium,Methylobacterium,Beijerinckiaceae
Bacteria,Proteobacteria,Gammaproteobacteria,Enterobacteriales,Enterobacteriaceae,Escherichia-Shigella,Malaclemys terrapin terrapin,Escherichia-Shigella,Enterobacteriaceae
Bacteria,Firmicutes,Bacilli,Bacillales,Bacillaceae,Bacillus,NA,Bacillus,Bacillaceae
Bacteria,Firmicutes,Bacilli,Lactobacillales,Streptococcaceae,Streptococcus,NA,Streptococcus,Streptococcaceae
Bacteria,Proteobacteria,Gammaproteobacteria,Enterobacteriales,Enterobacteriaceae,Salmonella,NA,Salmonella,Enterobacteriaceae
Bacteria,Proteobacteria,Alphaproteobacteria,Caulobacterales,Caulobacteraceae,Brevundimonas,uncultured bacterium,Brevundimonas,Caulobacteraceae
Bacteria,Proteobacteria,Alphaproteobacteria,Rhizobiales,Rhizobiaceae,Aureimonas,NA,Aureimonas,Rhizobiaceae
Bacteria,Proteobacteria,Gammaproteobacteria,Xanthomonadales,Xanthomonadaceae,Stenotrophomonas,Stenotrophomonas rhizophila,Stenotrophomonas,Xanthomonadaceae
Bacteria,Proteobacteria,Alphaproteobacteria,Rhizobiales,Rhizobiaceae,Brucella,NA,Brucella,Rhizobiaceae
Bacteria,Proteobacteria,Gammaproteobacteria,Pseudomonadales,Pseudomonadaceae,Pseudomonas,Pseudomonas stutzeri,Pseudomonas,Pseudomonadaceae
Bacteria,Firmicutes,Bacilli,Bacillales,Bacillaceae,Marinococcus,NA,Marinococcus,Bacillaceae
Bacteria,Proteobacteria,Gammaproteobacteria,Betaproteobacteriales,Burkholderiaceae,Janthinobacterium,NA,Janthinobacterium,Burkholderiaceae
Bacteria,Actinobacteria,Actinobacteria,Corynebacteriales,Dietziaceae,Dietzia,NA,Dietzia,Dietziaceae
Bacteria,Proteobacteria,Alphaproteobacteria,Rhizobiales,Rhizobiaceae,NA,NA,f_Rhizobiaceae,Rhizobiaceae
Bacteria,Firmicutes,Bacilli,Bacillales,Staphylococcaceae,Staphylococcus,Staphylococcus hominis subsp. hominis,Staphylococcus,Staphylococcaceae
Bacteria,Proteobacteria,Alphaproteobacteria,Rhizobiales,Rhizobiaceae,Shinella,NA,Shinella,Rhizobiaceae
Bacteria,Firmicutes,Bacilli,Lactobacillales,Lactobacillaceae,Lactobacillus,Lactobacillus fermentum,Lactobacillus,Lactobacillaceae
Bacteria,Firmicutes,Bacilli,Lactobacillales,Enterococcaceae,Enterococcus,Enterococcus faecalis,Enterococcus,Enterococcaceae
Bacteria,Actinobacteria,Actinobacteria,Micrococcales,Micrococcaceae,Micrococcus,Micrococcus luteus,Micrococcus,Micrococcaceae
Bacteria,Proteobacteria,Alphaproteobacteria,Rhizobiales,Beijerinckiaceae,Bosea,NA,Bosea,Beijerinckiaceae
Bacteria,Bacteroidetes,Bacteroidia,Flavobacteriales,Flavobacteriaceae,Flavobacterium,uncultured bacterium,Flavobacterium,Flavobacteriaceae
Bacteria,Firmicutes,Bacilli,Bacillales,Paenibacillaceae,Paenibacillus,NA,Paenibacillus,Paenibacillaceae
Bacteria,Actinobacteria,Acidimicrobiia,uncultured,uncultured bacterium,uncultured bacterium,uncultured bacterium,c_Acidimicrobiia,c_Acidimicrobiia
Bacteria,Proteobacteria,Alphaproteobacteria,Rhizobiales,Xanthobacteraceae,Bradyrhizobium,uncultured bacterium,Bradyrhizobium,Xanthobacteraceae
Bacteria,Proteobacteria,Gammaproteobacteria,Enterobacteriales,Enterobacteriaceae,Escherichia-Shigella,NA,Escherichia-Shigella,Enterobacteriaceae
Bacteria,Acidobacteria,Subgroup 6,uncultured Acidobacteria bacterium,uncultured Acidobacteria bacterium,uncultured Acidobacteria bacterium,uncultured Acidobacteria bacterium,uncultured Acidobacteria bacterium,uncultured Acidobacteria bacterium
Bacteria,Proteobacteria,Gammaproteobacteria,Betaproteobacteriales,Burkholderiaceae,Comamonas,NA,Comamonas,Burkholderiaceae
Bacteria,Proteobacteria,Gammaproteobacteria,Betaproteobacteriales,Burkholderiaceae,uncultured,uncultured bacterium,f_Burkholderiaceae,Burkholderiaceae
Bacteria,Proteobacteria,Gammaproteobacteria,Betaproteobacteriales,Burkholderiaceae,Herbaspirillum,NA,Herbaspirillum,Burkholderiaceae
Bacteria,Proteobacteria,Gammaproteobacteria,Gammaproteobacteria Incertae Sedis,Unknown Family,Acidibacter,NA,Acidibacter,o_Gammaproteobacteria Incertae Sedis
Bacteria,Proteobacteria,Gammaproteobacteria,Betaproteobacteriales,Burkholderiaceae,NA,NA,f_Burkholderiaceae,Burkholderiaceae
Bacteria,Proteobacteria,Deltaproteobacteria,Myxococcales,Haliangiaceae,Haliangium,uncultured prokaryote,Haliangium,Haliangiaceae
Bacteria,Actinobacteria,Actinobacteria,Micrococcales,Micrococcaceae,Kocuria,NA,Kocuria,Micrococcaceae
Bacteria,Actinobacteria,Actinobacteria,Corynebacteriales,Nocardiaceae,Nocardia,NA,Nocardia,Nocardiaceae
Bacteria,Chloroflexi,Anaerolineae,SBR1031,A4b,uncultured bacterium,uncultured bacterium,f_A4b,A4b
Bacteria,Proteobacteria,Gammaproteobacteria,Cellvibrionales,Cellvibrionaceae,Cellvibrio,NA,Cellvibrio,Cellvibrionaceae
Bacteria,Proteobacteria,Alphaproteobacteria,Rhizobiales,Rhizobiaceae,Allorhizobium-Neorhizobium-Pararhizobium-Rhizobium,NA,Allorhizobium-Neorhizobium-Pararhizobium-Rhizobium,Rhizobiaceae
Bacteria,Acidobacteria,Blastocatellia (Subgroup 4),Blastocatellales,Blastocatellaceae,Blastocatella,uncultured soil bacterium,Blastocatella,Blastocatellaceae
Bacteria,Bacteroidetes,Bacteroidia,Sphingobacteriales,Sphingobacteriaceae,Pedobacter,NA,Pedobacter,Sphingobacteriaceae
Bacteria,Proteobacteria,Gammaproteobacteria,Pseudomonadales,Moraxellaceae,Acinetobacter,uncultured bacterium,Acinetobacter,Moraxellaceae
Bacteria,Proteobacteria,Alphaproteobacteria,Sphingomonadales,Sphingomonadaceae,Sphingomonas,NA,Sphingomonas,Sphingomonadaceae
Bacteria,Bacteroidetes,Bacteroidia,Sphingobacteriales,Sphingobacteriaceae,Pedobacter,NA,Pedobacter,Sphingobacteriaceae
Bacteria,Proteobacteria,Deltaproteobacteria,Myxococcales,Haliangiaceae,Haliangium,NA,Haliangium,Haliangiaceae
Bacteria,Bacteroidetes,Bacteroidia,Flavobacteriales,Weeksellaceae,Chryseobacterium,NA,Chryseobacterium,Weeksellaceae
Bacteria,Proteobacteria,Deltaproteobacteria,Myxococcales,Haliangiaceae,Haliangium,NA,Haliangium,Haliangiaceae
Bacteria,Proteobacteria,Alphaproteobacteria,Rhizobiales,Devosiaceae,Devosia,uncultured bacterium,Devosia,Devosiaceae
Bacteria,Proteobacteria,Gammaproteobacteria,Betaproteobacteriales,Burkholderiaceae,Ramlibacter,NA,Ramlibacter,Burkholderiaceae
Bacteria,Proteobacteria,Gammaproteobacteria,Steroidobacterales,Steroidobacteraceae,Steroidobacter,metagenome,Steroidobacter,Steroidobacteraceae
Bacteria,Proteobacteria,Gammaproteobacteria,Betaproteobacteriales,Burkholderiaceae,Verticia,NA,Verticia,Burkholderiaceae
Bacteria,Proteobacteria,Alphaproteobacteria,Rhizobiales,Devosiaceae,Devosia,metagenome,Devosia,Devosiaceae
Bacteria,Acidobacteria,Subgroup 17,uncultured bacterium,uncultured bacterium,uncultured bacterium,uncultured bacterium,c_Subgroup 17,c_Subgroup 17
Bacteria,Proteobacteria,Gammaproteobacteria,Betaproteobacteriales,Methylophilaceae,NA,NA,f_Methylophilaceae,Methylophilaceae
Bacteria,Proteobacteria,Alphaproteobacteria,Rhizobiales,Rhizobiaceae,Aureimonas,NA,Aureimonas,Rhizobiaceae
Bacteria,Proteobacteria,Gammaproteobacteria,Pseudomonadales,Moraxellaceae,Acinetobacter,NA,Acinetobacter,Moraxellaceae
Bacteria,Proteobacteria,Gammaproteobacteria,Enterobacteriales,Enterobacteriaceae,Dickeya,NA,Dickeya,Enterobacteriaceae
Bacteria,Actinobacteria,Thermoleophilia,Gaiellales,uncultured,uncultured bacterium,uncultured bacterium,o_Gaiellales,o_Gaiellales
Bacteria,Fibrobacteres,Fibrobacteria,Fibrobacterales,Fibrobacteraceae,possible genus 04,uncultured bacterium,possible genus 04,Fibrobacteraceae
Bacteria,Proteobacteria,Deltaproteobacteria,Myxococcales,BIrii41,NA,NA,f_BIrii41,BIrii41
Bacteria,Proteobacteria,Gammaproteobacteria,Betaproteobacteriales,Burkholderiaceae,NA,NA,f_Burkholderiaceae,Burkholderiaceae
Bacteria,Proteobacteria,Alphaproteobacteria,Acetobacterales,Acetobacteraceae,uncultured,uncultured bacterium,f_Acetobacteraceae,Acetobacteraceae
Bacteria,Proteobacteria,Alphaproteobacteria,Rhizobiales,Rhizobiaceae,Allorhizobium-Neorhizobium-Pararhizobium-Rhizobium,uncultured bacterium,Allorhizobium-Neorhizobium-Pararhizobium-Rhizobium,Rhizobiaceae
Bacteria,Firmicutes,Bacilli,Bacillales,NA,NA,NA,o_Bacillales,o_Bacillales
Bacteria,Proteobacteria,Alphaproteobacteria,Caulobacterales,Hyphomonadaceae,SWB02,uncultured bacterium,SWB02,Hyphomonadaceae
Bacteria,Proteobacteria,Alphaproteobacteria,Rhizobiales,Rhizobiales Incertae Sedis,Phreatobacter,NA,Phreatobacter,Rhizobiales Incertae Sedis
Bacteria,Bacteroidetes,Bacteroidia,Flavobacteriales,Weeksellaceae,Chryseobacterium,NA,Chryseobacterium,Weeksellaceae
Bacteria,Proteobacteria,Alphaproteobacteria,Rhizobiales,Hyphomicrobiaceae,Hyphomicrobium,uncultured bacterium,Hyphomicrobium,Hyphomicrobiaceae
Bacteria,Bacteroidetes,Bacteroidia,Sphingobacteriales,Sphingobacteriaceae,uncultured,NA,f_Sphingobacteriaceae,Sphingobacteriaceae
Bacteria,Proteobacteria,Gammaproteobacteria,Betaproteobacteriales,Rhodocyclaceae,Candidatus Accumulibacter,Candidatus Accumulibacter sp. SK-01,Candidatus Accumulibacter,Rhodocyclaceae
Bacteria,Firmicutes,Bacilli,Lactobacillales,Aerococcaceae,Aerococcus,NA,Aerococcus,Aerococcaceae
Bacteria,Acidobacteria,Subgroup 6,uncultured bacterium,uncultured bacterium,uncultured bacterium,uncultured bacterium,c_Subgroup 6,c_Subgroup 6
Bacteria,Bacteroidetes,Bacteroidia,Chitinophagales,Chitinophagaceae,uncultured,uncultured Bacteroidetes bacterium,f_Chitinophagaceae,Chitinophagaceae
Bacteria,Verrucomicrobia,Verrucomicrobiae,Verrucomicrobiales,Verrucomicrobiaceae,NA,NA,f_Verrucomicrobiaceae,Verrucomicrobiaceae
Bacteria,Proteobacteria,Alphaproteobacteria,Sphingomonadales,Sphingomonadaceae,Sphingomonas,NA,Sphingomonas,Sphingomonadaceae
Bacteria,Actinobacteria,Actinobacteria,Corynebacteriales,Mycobacteriaceae,Mycobacterium,NA,Mycobacterium,Mycobacteriaceae
Bacteria,Firmicutes,Clostridia,Clostridiales,Family XIII,Anaerovorax,uncultured bacterium,Anaerovorax,Family XIII
Bacteria,Proteobacteria,Alphaproteobacteria,Sphingomonadales,Sphingomonadaceae,Sphingomonas,NA,Sphingomonas,Sphingomonadaceae
Bacteria,Proteobacteria,Alphaproteobacteria,Rhizobiales,uncultured,NA,NA,o_Rhizobiales,o_Rhizobiales
Bacteria,Actinobacteria,Thermoleophilia,Solirubrobacterales,Solirubrobacteraceae,NA,NA,f_Solirubrobacteraceae,Solirubrobacteraceae
Bacteria,Proteobacteria,Gammaproteobacteria,Pseudomonadales,Pseudomonadaceae,Pseudomonas,NA,Pseudomonas,Pseudomonadaceae
Bacteria,Proteobacteria,Gammaproteobacteria,Betaproteobacteriales,Methylophilaceae,Methylotenera,NA,Methylotenera,Methylophilaceae
Bacteria,Verrucomicrobia,Verrucomicrobiae,Chthoniobacterales,Chthoniobacteraceae,LD29,uncultured bacterium,LD29,Chthoniobacteraceae
Bacteria,Proteobacteria,Alphaproteobacteria,Rhodobacterales,Rhodobacteraceae,Rhodobacter,NA,Rhodobacter,Rhodobacteraceae
Bacteria,Proteobacteria,Alphaproteobacteria,Rhizobiales,Rhizobiales Incertae Sedis,uncultured,uncultured bacterium,f_Rhizobiales Incertae Sedis,Rhizobiales Incertae Sedis
Bacteria,Bacteroidetes,Bacteroidia,Chitinophagales,Chitinophagaceae,uncultured,uncultured bacterium,f_Chitinophagaceae,Chitinophagaceae
Bacteria,Proteobacteria,Alphaproteobacteria,Rhizobiales,Rhizobiales Incertae Sedis,uncultured,uncultured bacterium,f_Rhizobiales Incertae Sedis,Rhizobiales Incertae Sedis
Bacteria,Proteobacteria,Alphaproteobacteria,Sphingomonadales,Sphingomonadaceae,Sphingomonas,uncultured bacterium,Sphingomonas,Sphingomonadaceae
Bacteria,Bacteroidetes,Bacteroidia,Cytophagales,Hymenobacteraceae,Hymenobacter,NA,Hymenobacter,Hymenobacteraceae
Bacteria,Proteobacteria,Alphaproteobacteria,Acetobacterales,Acetobacteraceae,NA,NA,f_Acetobacteraceae,Acetobacteraceae
Bacteria,Proteobacteria,Gammaproteobacteria,Betaproteobacteriales,Burkholderiaceae,Burkholderia-Caballeronia-Paraburkholderia,NA,Burkholderia-Caballeronia-Paraburkholderia,Burkholderiaceae
Bacteria,Bacteroidetes,Ignavibacteria,OPB56,uncultured bacterium,uncultured bacterium,uncultured bacterium,o_OPB56,o_OPB56
Bacteria,Proteobacteria,Alphaproteobacteria,Rhizobiales,Beijerinckiaceae,Methylobacterium,NA,Methylobacterium,Beijerinckiaceae
Bacteria,Proteobacteria,Alphaproteobacteria,Rhizobiales,Devosiaceae,NA,NA,f_Devosiaceae,Devosiaceae
Bacteria,Proteobacteria,Alphaproteobacteria,Rhizobiales,Xanthobacteraceae,uncultured,metagenome,f_Xanthobacteraceae,Xanthobacteraceae
Bacteria,Bacteroidetes,Bacteroidia,Cytophagales,Amoebophilaceae,Candidatus Amoebophilus,NA,Candidatus Amoebophilus,Amoebophilaceae
Bacteria,Acidobacteria,Acidobacteriia,Acidobacteriales,Acidobacteriaceae (Subgroup 1),NA,NA,f_Acidobacteriaceae (Subgroup 1),Acidobacteriaceae (Subgroup 1)
Bacteria,Proteobacteria,Alphaproteobacteria,Rhizobiales,Hyphomicrobiaceae,Hyphomicrobium,metagenome,Hyphomicrobium,Hyphomicrobiaceae
Bacteria,Bacteroidetes,Bacteroidia,Cytophagales,Hymenobacteraceae,Hymenobacter,NA,Hymenobacter,Hymenobacteraceae
Bacteria,Bacteroidetes,Bacteroidia,Sphingobacteriales,Sphingobacteriaceae,Pedobacter,NA,Pedobacter,Sphingobacteriaceae
Bacteria,Acidobacteria,Acidobacteriia,Solibacterales,Solibacteraceae (Subgroup 3),Bryobacter,NA,Bryobacter,Solibacteraceae (Subgroup 3)
Bacteria,Proteobacteria,Gammaproteobacteria,Betaproteobacteriales,TRA3-20,metagenome,metagenome,f_TRA3-20,TRA3-20
Bacteria,FBP,uncultured bacterium,uncultured bacterium,uncultured bacterium,uncultured bacterium,uncultured bacterium,p_FBP,p_FBP
Bacteria,Actinobacteria,Actinobacteria,Frankiales,Frankiaceae,Jatrophihabitans,NA,Jatrophihabitans,Frankiaceae
Bacteria,Bacteroidetes,Bacteroidia,Chitinophagales,Chitinophagaceae,uncultured,uncultured bacterium,f_Chitinophagaceae,Chitinophagaceae
Bacteria,Proteobacteria,Gammaproteobacteria,Betaproteobacteriales,Burkholderiaceae,Ramlibacter,NA,Ramlibacter,Burkholderiaceae
Bacteria,Actinobacteria,Actinobacteria,Frankiales,Acidothermaceae,Acidothermus,uncultured bacterium,Acidothermus,Acidothermaceae
Bacteria,Acidobacteria,Acidobacteriia,Acidobacteriales,Acidobacteriaceae (Subgroup 1),Granulicella,NA,Granulicella,Acidobacteriaceae (Subgroup 1)
Bacteria,Planctomycetes,Planctomycetacia,Isosphaerales,Isosphaeraceae,Aquisphaera,uncultured planctomycete,Aquisphaera,Isosphaeraceae
Bacteria,Bacteroidetes,Bacteroidia,Sphingobacteriales,NS11-12 marine group,NA,NA,f_NS11-12 marine group,NS11-12 marine group
Bacteria,Proteobacteria,Alphaproteobacteria,Sphingomonadales,Sphingomonadaceae,Rhizorhapis,NA,Rhizorhapis,Sphingomonadaceae
Bacteria,Planctomycetes,Planctomycetacia,Gemmatales,Gemmataceae,Gemmata,metagenome,Gemmata,Gemmataceae
Bacteria,Proteobacteria,Alphaproteobacteria,Sphingomonadales,Sphingomonadaceae,Sphingobium,metagenome,Sphingobium,Sphingomonadaceae
Bacteria,Actinobacteria,Thermoleophilia,Solirubrobacterales,67-14,metagenome,metagenome,f_67-14,67-14
Bacteria,Proteobacteria,Alphaproteobacteria,Rhizobiales,Methyloligellaceae,uncultured,uncultured bacterium,f_Methyloligellaceae,Methyloligellaceae
Bacteria,Proteobacteria,Gammaproteobacteria,Legionellales,Legionellaceae,Legionella,uncultured bacterium,Legionella,Legionellaceae
Bacteria,Proteobacteria,Gammaproteobacteria,Pseudomonadales,Moraxellaceae,Acinetobacter,uncultured bacterium,Acinetobacter,Moraxellaceae
Bacteria,Bacteroidetes,Bacteroidia,Chitinophagales,Chitinophagaceae,Parafilimonas,uncultured Bacteroidetes bacterium,Parafilimonas,Chitinophagaceae
Bacteria,Proteobacteria,Alphaproteobacteria,Sphingomonadales,Sphingomonadaceae,Altererythrobacter,uncultured bacterium,Altererythrobacter,Sphingomonadaceae
Bacteria,Proteobacteria,Alphaproteobacteria,Rhodobacterales,Rhodobacteraceae,Amaricoccus,NA,Amaricoccus,Rhodobacteraceae
Bacteria,Proteobacteria,Gammaproteobacteria,Enterobacteriales,Enterobacteriaceae,Enterobacter,NA,Enterobacter,Enterobacteriaceae
Bacteria,Verrucomicrobia,Verrucomicrobiae,Chthoniobacterales,Chthoniobacteraceae,Chthoniobacter,metagenome,Chthoniobacter,Chthoniobacteraceae
Bacteria,Proteobacteria,Alphaproteobacteria,Caulobacterales,Caulobacteraceae,Phenylobacterium,metagenome,Phenylobacterium,Caulobacteraceae
Bacteria,Bacteroidetes,Bacteroidia,Chitinophagales,Chitinophagaceae,Ferruginibacter,uncultured bacterium,Ferruginibacter,Chitinophagaceae
Bacteria,Proteobacteria,Alphaproteobacteria,Sphingomonadales,Sphingomonadaceae,Sphingomonas,NA,Sphingomonas,Sphingomonadaceae
Bacteria,Bacteroidetes,Bacteroidia,Chitinophagales,Chitinophagaceae,Sediminibacterium,NA,Sediminibacterium,Chitinophagaceae
Bacteria,Acidobacteria,Acidobacteriia,Acidobacteriales,Acidobacteriaceae (Subgroup 1),Granulicella,NA,Granulicella,Acidobacteriaceae (Subgroup 1)
Bacteria,Actinobacteria,Actinobacteria,Corynebacteriales,Mycobacteriaceae,Mycobacterium,Mycobacterium sp.,Mycobacterium,Mycobacteriaceae
Bacteria,Firmicutes,Negativicutes,Selenomonadales,Veillonellaceae,Sporomusa,uncultured Sporomusa sp.,Sporomusa,Veillonellaceae
Bacteria,Proteobacteria,Gammaproteobacteria,Enterobacteriales,Enterobacteriaceae,Escherichia-Shigella,uncultured bacterium,Escherichia-Shigella,Enterobacteriaceae
Bacteria,Bacteroidetes,Bacteroidia,Chitinophagales,Saprospiraceae,uncultured,uncultured bacterium,f_Saprospiraceae,Saprospiraceae
Bacteria,Firmicutes,Bacilli,Lactobacillales,Carnobacteriaceae,Trichococcus,Trichococcus collinsii,Trichococcus,Carnobacteriaceae
Bacteria,Proteobacteria,Gammaproteobacteria,Enterobacteriales,Enterobacteriaceae,Escherichia-Shigella,uncultured bacterium,Escherichia-Shigella,Enterobacteriaceae
Bacteria,Proteobacteria,Gammaproteobacteria,Enterobacteriales,Enterobacteriaceae,Escherichia-Shigella,uncultured Enterobacteriaceae bacterium,Escherichia-Shigella,Enterobacteriaceae
Bacteria,Proteobacteria,Gammaproteobacteria,Enterobacteriales,Enterobacteriaceae,Escherichia-Shigella,metagenome,Escherichia-Shigella,Enterobacteriaceae
Bacteria,Firmicutes,Bacilli,Bacillales,Bacillaceae,Bacillus,NA,Bacillus,Bacillaceae
Bacteria,Firmicutes,Bacilli,Bacillales,Bacillaceae,Bacillus,Bacillus subtilis,Bacillus,Bacillaceae
Bacteria,Proteobacteria,Alphaproteobacteria,Acetobacterales,Acetobacteraceae,Roseomonas,NA,Roseomonas,Acetobacteraceae
Bacteria,Firmicutes,Bacilli,Bacillales,Bacillaceae,Bacillus,NA,Bacillus,Bacillaceae
Bacteria,Proteobacteria,Gammaproteobacteria,Pseudomonadales,Pseudomonadaceae,Pseudomonas,NA,Pseudomonas,Pseudomonadaceae
Bacteria,Firmicutes,Bacilli,Bacillales,Planococcaceae,Planococcus,NA,Planococcus,Planococcaceae
Bacteria,Firmicutes,Bacilli,Bacillales,Staphylococcaceae,Staphylococcus,Staphylococcus aureus,Staphylococcus,Staphylococcaceae
Bacteria,Acidobacteria,Subgroup 6,uncultured bacterium,uncultured bacterium,uncultured bacterium,uncultured bacterium,c_Subgroup 6,c_Subgroup 6
Bacteria,Actinobacteria,Actinobacteria,Micrococcales,Micrococcaceae,Paeniglutamicibacter,NA,Paeniglutamicibacter,Micrococcaceae
Bacteria,Bacteroidetes,Bacteroidia,Sphingobacteriales,Sphingobacteriaceae,Sphingobacterium,NA,Sphingobacterium,Sphingobacteriaceae
Bacteria,Firmicutes,Bacilli,Bacillales,Bacillaceae,Bacillus,NA,Bacillus,Bacillaceae
Bacteria,Proteobacteria,Alphaproteobacteria,Rhizobiales,Stappiaceae,NA,NA,f_Stappiaceae,Stappiaceae
Bacteria,Proteobacteria,Gammaproteobacteria,Betaproteobacteriales,Rhodocyclaceae,uncultured,NA,f_Rhodocyclaceae,Rhodocyclaceae
Bacteria,Proteobacteria,Alphaproteobacteria,Rhizobiales,Rhizobiaceae,Mesorhizobium,NA,Mesorhizobium,Rhizobiaceae
Bacteria,Bacteroidetes,Bacteroidia,Cytophagales,Microscillaceae,uncultured,uncultured bacterium,f_Microscillaceae,Microscillaceae
Bacteria,Proteobacteria,Alphaproteobacteria,Sphingomonadales,Sphingomonadaceae,Novosphingobium,NA,Novosphingobium,Sphingomonadaceae
Bacteria,Proteobacteria,Alphaproteobacteria,Rhizobiales,Rhizobiaceae,Allorhizobium-Neorhizobium-Pararhizobium-Rhizobium,NA,Allorhizobium-Neorhizobium-Pararhizobium-Rhizobium,Rhizobiaceae
Bacteria,Bacteroidetes,Bacteroidia,Sphingobacteriales,env.OPS 17,uncultured bacterium,uncultured bacterium,f_env.OPS 17,env.OPS 17
Bacteria,Bacteroidetes,Bacteroidia,Cytophagales,Spirosomaceae,Dyadobacter,NA,Dyadobacter,Spirosomaceae
Bacteria,Actinobacteria,Actinobacteria,Streptomycetales,Streptomycetaceae,Streptomyces,NA,Streptomyces,Streptomycetaceae
Bacteria,Proteobacteria,Gammaproteobacteria,Enterobacteriales,Enterobacteriaceae,Pantoea,NA,Pantoea,Enterobacteriaceae
Bacteria,Firmicutes,Bacilli,Bacillales,Staphylococcaceae,Staphylococcus,uncultured bacterium,Staphylococcus,Staphylococcaceae
Bacteria,Proteobacteria,Gammaproteobacteria,Enterobacteriales,Enterobacteriaceae,Escherichia-Shigella,uncultured bacterium,Escherichia-Shigella,Enterobacteriaceae
Bacteria,Firmicutes,Bacilli,Lactobacillales,Enterococcaceae,Enterococcus,Enterococcus faecalis,Enterococcus,Enterococcaceae
Bacteria,Proteobacteria,Alphaproteobacteria,Rhizobiales,Beijerinckiaceae,Methylobacterium,uncultured bacterium,Methylobacterium,Beijerinckiaceae
Bacteria,Firmicutes,Bacilli,Bacillales,Bacillaceae,Bacillus,Bacillus cereus,Bacillus,Bacillaceae
Bacteria,Firmicutes,Bacilli,Bacillales,Bacillaceae,Bacillus,Bacillus alkalitelluris,Bacillus,Bacillaceae
Bacteria,Firmicutes,Bacilli,Bacillales,Bacillaceae,Bacillus,Bacillus subtilis,Bacillus,Bacillaceae
Bacteria,Proteobacteria,Gammaproteobacteria,Oceanospirillales,Halomonadaceae,Halomonas,NA,Halomonas,Halomonadaceae
Bacteria,Proteobacteria,Alphaproteobacteria,Caulobacterales,Caulobacteraceae,uncultured,NA,f_Caulobacteraceae,Caulobacteraceae
Bacteria,Proteobacteria,Gammaproteobacteria,Pseudomonadales,Pseudomonadaceae,Pseudomonas,Pseudomonas aeruginosa,Pseudomonas,Pseudomonadaceae
Bacteria,Proteobacteria,Gammaproteobacteria,Enterobacteriales,Enterobacteriaceae,Escherichia-Shigella,NA,Escherichia-Shigella,Enterobacteriaceae
Bacteria,Proteobacteria,Gammaproteobacteria,Enterobacteriales,Enterobacteriaceae,Escherichia-Shigella,NA,Escherichia-Shigella,Enterobacteriaceae
Bacteria,Firmicutes,Bacilli,Bacillales,Bacillaceae,Bacillus,NA,Bacillus,Bacillaceae
Bacteria,Proteobacteria,Gammaproteobacteria,Enterobacteriales,Enterobacteriaceae,Escherichia-Shigella,uncultured bacterium,Escherichia-Shigella,Enterobacteriaceae
Bacteria,Firmicutes,Bacilli,Bacillales,Bacillaceae,Bacillus,NA,Bacillus,Bacillaceae
Bacteria,Firmicutes,Bacilli,Bacillales,Bacillaceae,Bacillus,NA,Bacillus,Bacillaceae
Bacteria,Proteobacteria,Gammaproteobacteria,Enterobacteriales,Enterobacteriaceae,Escherichia-Shigella,uncultured bacterium,Escherichia-Shigella,Enterobacteriaceae
Bacteria,Proteobacteria,Gammaproteobacteria,Pseudomonadales,Pseudomonadaceae,Pseudomonas,Pseudomonas aeruginosa,Pseudomonas,Pseudomonadaceae
Bacteria,Proteobacteria,Gammaproteobacteria,Enterobacteriales,Enterobacteriaceae,Citrobacter,Citrobacter freundii,Citrobacter,Enterobacteriaceae
Bacteria,Firmicutes,Clostridia,Clostridiales,Ruminococcaceae,Fastidiosipila,uncultured bacterium,Fastidiosipila,Ruminococcaceae
Bacteria,Firmicutes,Bacilli,Bacillales,Bacillaceae,NA,NA,f_Bacillaceae,Bacillaceae
Bacteria,Firmicutes,Clostridia,Clostridiales,Lachnospiraceae,uncultured,uncultured bacterium,f_Lachnospiraceae,Lachnospiraceae
Bacteria,Firmicutes,Bacilli,Bacillales,Bacillaceae,Virgibacillus,NA,Virgibacillus,Bacillaceae
Bacteria,Proteobacteria,Gammaproteobacteria,Pseudomonadales,Pseudomonadaceae,Pseudomonas,NA,Pseudomonas,Pseudomonadaceae
Bacteria,Proteobacteria,Gammaproteobacteria,Pseudomonadales,Pseudomonadaceae,Pseudomonas,Pseudomonas aeruginosa,Pseudomonas,Pseudomonadaceae
Bacteria,Proteobacteria,Gammaproteobacteria,Enterobacteriales,Enterobacteriaceae,Escherichia-Shigella,uncultured bacterium,Escherichia-Shigella,Enterobacteriaceae
Bacteria,Proteobacteria,Gammaproteobacteria,Enterobacteriales,Enterobacteriaceae,Escherichia-Shigella,NA,Escherichia-Shigella,Enterobacteriaceae
Bacteria,Proteobacteria,Gammaproteobacteria,Enterobacteriales,Enterobacteriaceae,Cronobacter,NA,Cronobacter,Enterobacteriaceae
Bacteria,Proteobacteria,Gammaproteobacteria,Enterobacteriales,Enterobacteriaceae,Salmonella,NA,Salmonella,Enterobacteriaceae
Bacteria,Proteobacteria,Gammaproteobacteria,Enterobacteriales,Enterobacteriaceae,Escherichia-Shigella,NA,Escherichia-Shigella,Enterobacteriaceae
Bacteria,Proteobacteria,Gammaproteobacteria,Enterobacteriales,Enterobacteriaceae,NA,NA,f_Enterobacteriaceae,Enterobacteriaceae
Bacteria,Proteobacteria,Gammaproteobacteria,Betaproteobacteriales,Burkholderiaceae,Comamonas,uncultured Comamonas sp.,Comamonas,Burkholderiaceae
Bacteria,Firmicutes,Bacilli,Lactobacillales,Enterococcaceae,Enterococcus,NA,Enterococcus,Enterococcaceae
Bacteria,Proteobacteria,Gammaproteobacteria,Pseudomonadales,Pseudomonadaceae,Pseudomonas,uncultured bacterium,Pseudomonas,Pseudomonadaceae
Bacteria,Firmicutes,Bacilli,Bacillales,Staphylococcaceae,Staphylococcus,uncultured bacterium,Staphylococcus,Staphylococcaceae
Bacteria,Proteobacteria,Gammaproteobacteria,Enterobacteriales,Enterobacteriaceae,Escherichia-Shigella,NA,Escherichia-Shigella,Enterobacteriaceae
Bacteria,Proteobacteria,Gammaproteobacteria,Pseudomonadales,Pseudomonadaceae,Pseudomonas,NA,Pseudomonas,Pseudomonadaceae
Bacteria,Firmicutes,Bacilli,Bacillales,Staphylococcaceae,Salinicoccus,NA,Salinicoccus,Staphylococcaceae
Bacteria,Firmicutes,Bacilli,Bacillales,Staphylococcaceae,Staphylococcus,uncultured bacterium,Staphylococcus,Staphylococcaceae
Bacteria,Proteobacteria,Gammaproteobacteria,Pseudomonadales,Pseudomonadaceae,Pseudomonas,NA,Pseudomonas,Pseudomonadaceae
Bacteria,Firmicutes,Bacilli,Bacillales,Staphylococcaceae,Staphylococcus,NA,Staphylococcus,Staphylococcaceae
Bacteria,Proteobacteria,Gammaproteobacteria,Enterobacteriales,Enterobacteriaceae,Escherichia-Shigella,uncultured bacterium,Escherichia-Shigella,Enterobacteriaceae
Bacteria,Proteobacteria,Gammaproteobacteria,Enterobacteriales,Enterobacteriaceae,Escherichia-Shigella,uncultured bacterium,Escherichia-Shigella,Enterobacteriaceae
Bacteria,Firmicutes,Bacilli,Bacillales,Bacillaceae,Bacillus,uncultured bacterium,Bacillus,Bacillaceae
Bacteria,Proteobacteria,Gammaproteobacteria,Enterobacteriales,Enterobacteriaceae,Escherichia-Shigella,NA,Escherichia-Shigella,Enterobacteriaceae
Bacteria,Firmicutes,Bacilli,Bacillales,Staphylococcaceae,Staphylococcus,uncultured bacterium,Staphylococcus,Staphylococcaceae
Bacteria,Firmicutes,Bacilli,Bacillales,Staphylococcaceae,Staphylococcus,NA,Staphylococcus,Staphylococcaceae
Bacteria,Proteobacteria,Gammaproteobacteria,Pseudomonadales,Pseudomonadaceae,Pseudomonas,Pseudomonas aeruginosa,Pseudomonas,Pseudomonadaceae
Bacteria,Firmicutes,Bacilli,Bacillales,Staphylococcaceae,Staphylococcus,NA,Staphylococcus,Staphylococcaceae
Bacteria,Proteobacteria,Gammaproteobacteria,Aeromonadales,Aeromonadaceae,Aeromonas,NA,Aeromonas,Aeromonadaceae
Bacteria,Firmicutes,Bacilli,Bacillales,Bacillaceae,Anaerobacillus,NA,Anaerobacillus,Bacillaceae
Bacteria,Firmicutes,Bacilli,Bacillales,Staphylococcaceae,Staphylococcus,NA,Staphylococcus,Staphylococcaceae
Bacteria,Firmicutes,Bacilli,Bacillales,Staphylococcaceae,Staphylococcus,NA,Staphylococcus,Staphylococcaceae
Bacteria,Bacteroidetes,Bacteroidia,Bacteroidales,Rikenellaceae,Rikenellaceae RC9 gut group,uncultured bacterium,Rikenellaceae RC9 gut group,Rikenellaceae
Bacteria,Proteobacteria,Alphaproteobacteria,Rhizobiales,Beijerinckiaceae,Microvirga,NA,Microvirga,Beijerinckiaceae
Bacteria,Actinobacteria,Actinobacteria,Micrococcales,Microbacteriaceae,Microbacterium,NA,Microbacterium,Microbacteriaceae
Bacteria,Bacteroidetes,Bacteroidia,Chitinophagales,Chitinophagaceae,Arachidicoccus,NA,Arachidicoccus,Chitinophagaceae
Bacteria,Deinococcus-Thermus,Deinococci,Deinococcales,Trueperaceae,Truepera,uncultured endolithic bacterium,Truepera,Trueperaceae
Bacteria,Proteobacteria,Gammaproteobacteria,Xanthomonadales,Xanthomonadaceae,Lysobacter,uncultured bacterium,Lysobacter,Xanthomonadaceae
Bacteria,Proteobacteria,Alphaproteobacteria,Sphingomonadales,Sphingomonadaceae,Sphingomonas,uncultured bacterium,Sphingomonas,Sphingomonadaceae
Bacteria,Proteobacteria,Gammaproteobacteria,Betaproteobacteriales,Burkholderiaceae,NA,NA,f_Burkholderiaceae,Burkholderiaceae
Bacteria,Proteobacteria,Gammaproteobacteria,Xanthomonadales,Xanthomonadaceae,Stenotrophomonas,NA,Stenotrophomonas,Xanthomonadaceae
Bacteria,Proteobacteria,Alphaproteobacteria,Sphingomonadales,Sphingomonadaceae,Sphingomonas,uncultured bacterium,Sphingomonas,Sphingomonadaceae
Bacteria,Proteobacteria,Gammaproteobacteria,Pseudomonadales,Pseudomonadaceae,Pseudomonas,NA,Pseudomonas,Pseudomonadaceae
Bacteria,Firmicutes,Bacilli,Lactobacillales,Enterococcaceae,Vagococcus,NA,Vagococcus,Enterococcaceae
Bacteria,Proteobacteria,Gammaproteobacteria,Enterobacteriales,Enterobacteriaceae,Escherichia-Shigella,NA,Escherichia-Shigella,Enterobacteriaceae
Bacteria,Firmicutes,Bacilli,Bacillales,Bacillaceae,Anaerobacillus,NA,Anaerobacillus,Bacillaceae
Bacteria,Firmicutes,Bacilli,Lactobacillales,Streptococcaceae,Streptococcus,uncultured bacterium,Streptococcus,Streptococcaceae
Bacteria,Firmicutes,Bacilli,Bacillales,Listeriaceae,Listeria,Listeria monocytogenes,Listeria,Listeriaceae
Bacteria,Firmicutes,Bacilli,Lactobacillales,Enterococcaceae,Enterococcus,Enterococcus faecalis,Enterococcus,Enterococcaceae
Bacteria,Firmicutes,Bacilli,Lactobacillales,Lactobacillaceae,Lactobacillus,NA,Lactobacillus,Lactobacillaceae
Bacteria,Firmicutes,Bacilli,Lactobacillales,Enterococcaceae,Enterococcus,uncultured bacterium,Enterococcus,Enterococcaceae
Bacteria,Firmicutes,Bacilli,Lactobacillales,Lactobacillaceae,Lactobacillus,uncultured Bacillus sp.,Lactobacillus,Lactobacillaceae
Bacteria,Firmicutes,Bacilli,Bacillales,Staphylococcaceae,Macrococcus,NA,Macrococcus,Staphylococcaceae
Bacteria,Firmicutes,Bacilli,Lactobacillales,Lactobacillaceae,Lactobacillus,uncultured bacterium,Lactobacillus,Lactobacillaceae
Bacteria,Firmicutes,Bacilli,Lactobacillales,Enterococcaceae,Enterococcus,NA,Enterococcus,Enterococcaceae
Bacteria,Firmicutes,Bacilli,Lactobacillales,Lactobacillaceae,Lactobacillus,Lactobacillus fermentum,Lactobacillus,Lactobacillaceae
Bacteria,Firmicutes,Bacilli,Lactobacillales,Carnobacteriaceae,Granulicatella,NA,Granulicatella,Carnobacteriaceae
Bacteria,Firmicutes,Bacilli,Lactobacillales,Enterococcaceae,Enterococcus,Enterococcus durans,Enterococcus,Enterococcaceae
Bacteria,Firmicutes,Bacilli,Bacillales,Listeriaceae,Listeria,Listeria monocytogenes,Listeria,Listeriaceae
Bacteria,Firmicutes,Bacilli,Lactobacillales,Lactobacillaceae,Lactobacillus,Lactobacillus casei,Lactobacillus,Lactobacillaceae
Bacteria,Firmicutes,Bacilli,Lactobacillales,Lactobacillaceae,Lactobacillus,Lactobacillus fermentum,Lactobacillus,Lactobacillaceae
Bacteria,Firmicutes,Bacilli,Lactobacillales,Enterococcaceae,Enterococcus,NA,Enterococcus,Enterococcaceae
Bacteria,Firmicutes,Bacilli,Lactobacillales,Lactobacillaceae,Lactobacillus,Lactobacillus fermentum,Lactobacillus,Lactobacillaceae
Bacteria,Firmicutes,Bacilli,Bacillales,Staphylococcaceae,Salinicoccus,NA,Salinicoccus,Staphylococcaceae
Bacteria,Proteobacteria,Gammaproteobacteria,Enterobacteriales,Enterobacteriaceae,Escherichia-Shigella,uncultured Escherichia sp.,Escherichia-Shigella,Enterobacteriaceae
Bacteria,Firmicutes,Bacilli,Lactobacillales,Enterococcaceae,Enterococcus,Enterococcus faecalis,Enterococcus,Enterococcaceae
Bacteria,Proteobacteria,Gammaproteobacteria,Enterobacteriales,Enterobacteriaceae,Escherichia-Shigella,uncultured Escherichia sp.,Escherichia-Shigella,Enterobacteriaceae
Bacteria,Firmicutes,Bacilli,Bacillales,Bacillaceae,Bacillus,NA,Bacillus,Bacillaceae